balance_date,customer_id,entity,currency,opening_balance,funding_inflows,accepted_payment_debits,customer_balance
2025-01-01,CUST-0001,GLOBALPAY_US,USD,104023.01,0.00,0.00,104023.01
2025-01-01,CUST-0002,GLOBALPAY_US,USD,94362.42,0.00,0.00,94362.42
2025-01-01,CUST-0003,GLOBALPAY_US,USD,141299.41,0.00,0.00,141299.41
2025-01-01,CUST-0004,GLOBALPAY_US,USD,84716.13,0.00,0.00,84716.13
2025-01-01,CUST-0005,GLOBALPAY_US,USD,117614.27,0.00,0.00,117614.27
2025-01-01,CUST-0006,GLOBALPAY_US,USD,91342.64,0.00,0.00,91342.64
2025-01-01,CUST-0007,GLOBALPAY_US,USD,101808.81,0.00,0.00,101808.81
2025-01-01,CUST-0008,GLOBALPAY_US,USD,105709.36,0.00,0.00,105709.36
2025-01-01,CUST-0009,GLOBALPAY_US,USD,163551.61,0.00,0.00,163551.61
2025-01-01,CUST-0010,GLOBALPAY_US,USD,80368.03,0.00,0.00,80368.03
2025-01-01,CUST-0011,GLOBALPAY_US,USD,94766.30,0.00,0.00,94766.30
2025-01-01,CUST-0012,GLOBALPAY_US,USD,154820.62,0.00,0.00,154820.62
2025-01-01,CUST-0013,GLOBALPAY_US,USD,172387.17,0.00,0.00,172387.17
2025-01-01,CUST-0014,GLOBALPAY_US,USD,147666.10,0.00,0.00,147666.10
2025-01-01,CUST-0015,GLOBALPAY_US,USD,96336.32,0.00,0.00,96336.32
2025-01-01,CUST-0016,GLOBALPAY_US,USD,162714.37,0.00,0.00,162714.37
2025-01-01,CUST-0017,GLOBALPAY_US,USD,143922.01,0.00,0.00,143922.01
2025-01-01,CUST-0018,GLOBALPAY_US,USD,96048.19,0.00,0.00,96048.19
2025-01-01,CUST-0019,GLOBALPAY_US,USD,126335.93,0.00,0.00,126335.93
2025-01-01,CUST-0020,GLOBALPAY_US,USD,94303.95,0.00,0.00,94303.95
2025-01-01,CUST-0021,GLOBALPAY_US,USD,153521.32,0.00,0.00,153521.32
2025-01-01,CUST-0022,GLOBALPAY_US,USD,153265.93,0.00,0.00,153265.93
2025-01-01,CUST-0023,GLOBALPAY_US,USD,120716.73,0.00,0.00,120716.73
2025-01-01,CUST-0024,GLOBALPAY_US,USD,101078.74,0.00,0.00,101078.74
2025-01-01,CUST-0025,GLOBALPAY_US,USD,154161.02,0.00,0.00,154161.02
2025-01-02,CUST-0001,GLOBALPAY_US,USD,104023.01,0.00,0.00,104023.01
2025-01-02,CUST-0002,GLOBALPAY_US,USD,94362.42,0.00,11964.31,82398.11
2025-01-02,CUST-0003,GLOBALPAY_US,USD,141299.41,45384.86,0.00,186684.27
2025-01-02,CUST-0004,GLOBALPAY_US,USD,84716.13,0.00,1172.16,83543.97
2025-01-02,CUST-0005,GLOBALPAY_US,USD,117614.27,0.00,0.00,117614.27
2025-01-02,CUST-0006,GLOBALPAY_US,USD,91342.64,0.00,0.00,91342.64
2025-01-02,CUST-0007,GLOBALPAY_US,USD,101808.81,0.00,0.00,101808.81
2025-01-02,CUST-0008,GLOBALPAY_US,USD,105709.36,0.00,0.00,105709.36
2025-01-02,CUST-0009,GLOBALPAY_US,USD,163551.61,0.00,0.00,163551.61
2025-01-02,CUST-0010,GLOBALPAY_US,USD,80368.03,0.00,0.00,80368.03
2025-01-02,CUST-0011,GLOBALPAY_US,USD,94766.30,0.00,0.00,94766.30
2025-01-02,CUST-0012,GLOBALPAY_US,USD,154820.62,0.00,19218.19,135602.43
2025-01-02,CUST-0013,GLOBALPAY_US,USD,172387.17,23906.02,0.00,196293.19
2025-01-02,CUST-0014,GLOBALPAY_US,USD,147666.10,54193.28,5586.70,196272.68
2025-01-02,CUST-0015,GLOBALPAY_US,USD,96336.32,0.00,0.00,96336.32
2025-01-02,CUST-0016,GLOBALPAY_US,USD,162714.37,0.00,0.00,162714.37
2025-01-02,CUST-0017,GLOBALPAY_US,USD,143922.01,0.00,0.00,143922.01
2025-01-02,CUST-0018,GLOBALPAY_US,USD,96048.19,0.00,0.00,96048.19
2025-01-02,CUST-0019,GLOBALPAY_US,USD,126335.93,0.00,2744.69,123591.24
2025-01-02,CUST-0020,GLOBALPAY_US,USD,94303.95,0.00,0.00,94303.95
2025-01-02,CUST-0021,GLOBALPAY_US,USD,153521.32,0.00,6811.41,146709.91
2025-01-02,CUST-0022,GLOBALPAY_US,USD,153265.93,0.00,0.00,153265.93
2025-01-02,CUST-0023,GLOBALPAY_US,USD,120716.73,0.00,2793.47,117923.26
2025-01-02,CUST-0024,GLOBALPAY_US,USD,101078.74,0.00,0.00,101078.74
2025-01-02,CUST-0025,GLOBALPAY_US,USD,154161.02,0.00,0.00,154161.02
2025-01-03,CUST-0001,GLOBALPAY_US,USD,104023.01,0.00,0.00,104023.01
2025-01-03,CUST-0002,GLOBALPAY_US,USD,82398.11,0.00,0.00,82398.11
2025-01-03,CUST-0003,GLOBALPAY_US,USD,186684.27,0.00,0.00,186684.27
2025-01-03,CUST-0004,GLOBALPAY_US,USD,83543.97,0.00,6825.26,76718.71
2025-01-03,CUST-0005,GLOBALPAY_US,USD,117614.27,0.00,0.00,117614.27
2025-01-03,CUST-0006,GLOBALPAY_US,USD,91342.64,0.00,5358.87,85983.77
2025-01-03,CUST-0007,GLOBALPAY_US,USD,101808.81,0.00,0.00,101808.81
2025-01-03,CUST-0008,GLOBALPAY_US,USD,105709.36,0.00,0.00,105709.36
2025-01-03,CUST-0009,GLOBALPAY_US,USD,163551.61,0.00,4958.52,158593.09
2025-01-03,CUST-0010,GLOBALPAY_US,USD,80368.03,0.00,0.00,80368.03
2025-01-03,CUST-0011,GLOBALPAY_US,USD,94766.30,0.00,0.00,94766.30
2025-01-03,CUST-0012,GLOBALPAY_US,USD,135602.43,0.00,0.00,135602.43
2025-01-03,CUST-0013,GLOBALPAY_US,USD,196293.19,0.00,0.00,196293.19
2025-01-03,CUST-0014,GLOBALPAY_US,USD,196272.68,0.00,0.00,196272.68
2025-01-03,CUST-0015,GLOBALPAY_US,USD,96336.32,0.00,3935.08,92401.24
2025-01-03,CUST-0016,GLOBALPAY_US,USD,162714.37,0.00,2653.51,160060.86
2025-01-03,CUST-0017,GLOBALPAY_US,USD,143922.01,59313.72,0.00,203235.73
2025-01-03,CUST-0018,GLOBALPAY_US,USD,96048.19,0.00,0.00,96048.19
2025-01-03,CUST-0019,GLOBALPAY_US,USD,123591.24,0.00,0.00,123591.24
2025-01-03,CUST-0020,GLOBALPAY_US,USD,94303.95,0.00,0.00,94303.95
2025-01-03,CUST-0021,GLOBALPAY_US,USD,146709.91,0.00,0.00,146709.91
2025-01-03,CUST-0022,GLOBALPAY_US,USD,153265.93,0.00,0.00,153265.93
2025-01-03,CUST-0023,GLOBALPAY_US,USD,117923.26,0.00,13904.34,104018.92
2025-01-03,CUST-0024,GLOBALPAY_US,USD,101078.74,0.00,0.00,101078.74
2025-01-03,CUST-0025,GLOBALPAY_US,USD,154161.02,0.00,0.00,154161.02
2025-01-04,CUST-0001,GLOBALPAY_US,USD,104023.01,0.00,0.00,104023.01
2025-01-04,CUST-0002,GLOBALPAY_US,USD,82398.11,0.00,0.00,82398.11
2025-01-04,CUST-0003,GLOBALPAY_US,USD,186684.27,0.00,0.00,186684.27
2025-01-04,CUST-0004,GLOBALPAY_US,USD,76718.71,0.00,0.00,76718.71
2025-01-04,CUST-0005,GLOBALPAY_US,USD,117614.27,0.00,0.00,117614.27
2025-01-04,CUST-0006,GLOBALPAY_US,USD,85983.77,0.00,0.00,85983.77
2025-01-04,CUST-0007,GLOBALPAY_US,USD,101808.81,0.00,0.00,101808.81
2025-01-04,CUST-0008,GLOBALPAY_US,USD,105709.36,0.00,0.00,105709.36
2025-01-04,CUST-0009,GLOBALPAY_US,USD,158593.09,0.00,0.00,158593.09
2025-01-04,CUST-0010,GLOBALPAY_US,USD,80368.03,0.00,0.00,80368.03
2025-01-04,CUST-0011,GLOBALPAY_US,USD,94766.30,0.00,0.00,94766.30
2025-01-04,CUST-0012,GLOBALPAY_US,USD,135602.43,0.00,0.00,135602.43
2025-01-04,CUST-0013,GLOBALPAY_US,USD,196293.19,0.00,0.00,196293.19
2025-01-04,CUST-0014,GLOBALPAY_US,USD,196272.68,0.00,0.00,196272.68
2025-01-04,CUST-0015,GLOBALPAY_US,USD,92401.24,0.00,0.00,92401.24
2025-01-04,CUST-0016,GLOBALPAY_US,USD,160060.86,0.00,0.00,160060.86
2025-01-04,CUST-0017,GLOBALPAY_US,USD,203235.73,0.00,0.00,203235.73
2025-01-04,CUST-0018,GLOBALPAY_US,USD,96048.19,0.00,0.00,96048.19
2025-01-04,CUST-0019,GLOBALPAY_US,USD,123591.24,0.00,0.00,123591.24
2025-01-04,CUST-0020,GLOBALPAY_US,USD,94303.95,0.00,0.00,94303.95
2025-01-04,CUST-0021,GLOBALPAY_US,USD,146709.91,0.00,0.00,146709.91
2025-01-04,CUST-0022,GLOBALPAY_US,USD,153265.93,0.00,0.00,153265.93
2025-01-04,CUST-0023,GLOBALPAY_US,USD,104018.92,0.00,0.00,104018.92
2025-01-04,CUST-0024,GLOBALPAY_US,USD,101078.74,0.00,0.00,101078.74
2025-01-04,CUST-0025,GLOBALPAY_US,USD,154161.02,0.00,0.00,154161.02
2025-01-05,CUST-0001,GLOBALPAY_US,USD,104023.01,0.00,0.00,104023.01
2025-01-05,CUST-0002,GLOBALPAY_US,USD,82398.11,0.00,0.00,82398.11
2025-01-05,CUST-0003,GLOBALPAY_US,USD,186684.27,0.00,0.00,186684.27
2025-01-05,CUST-0004,GLOBALPAY_US,USD,76718.71,0.00,0.00,76718.71
2025-01-05,CUST-0005,GLOBALPAY_US,USD,117614.27,0.00,0.00,117614.27
2025-01-05,CUST-0006,GLOBALPAY_US,USD,85983.77,0.00,0.00,85983.77
2025-01-05,CUST-0007,GLOBALPAY_US,USD,101808.81,0.00,0.00,101808.81
2025-01-05,CUST-0008,GLOBALPAY_US,USD,105709.36,0.00,0.00,105709.36
2025-01-05,CUST-0009,GLOBALPAY_US,USD,158593.09,0.00,0.00,158593.09
2025-01-05,CUST-0010,GLOBALPAY_US,USD,80368.03,0.00,0.00,80368.03
2025-01-05,CUST-0011,GLOBALPAY_US,USD,94766.30,0.00,0.00,94766.30
2025-01-05,CUST-0012,GLOBALPAY_US,USD,135602.43,0.00,0.00,135602.43
2025-01-05,CUST-0013,GLOBALPAY_US,USD,196293.19,0.00,0.00,196293.19
2025-01-05,CUST-0014,GLOBALPAY_US,USD,196272.68,0.00,0.00,196272.68
2025-01-05,CUST-0015,GLOBALPAY_US,USD,92401.24,0.00,0.00,92401.24
2025-01-05,CUST-0016,GLOBALPAY_US,USD,160060.86,0.00,0.00,160060.86
2025-01-05,CUST-0017,GLOBALPAY_US,USD,203235.73,0.00,0.00,203235.73
2025-01-05,CUST-0018,GLOBALPAY_US,USD,96048.19,0.00,0.00,96048.19
2025-01-05,CUST-0019,GLOBALPAY_US,USD,123591.24,0.00,0.00,123591.24
2025-01-05,CUST-0020,GLOBALPAY_US,USD,94303.95,0.00,0.00,94303.95
2025-01-05,CUST-0021,GLOBALPAY_US,USD,146709.91,0.00,0.00,146709.91
2025-01-05,CUST-0022,GLOBALPAY_US,USD,153265.93,0.00,0.00,153265.93
2025-01-05,CUST-0023,GLOBALPAY_US,USD,104018.92,0.00,0.00,104018.92
2025-01-05,CUST-0024,GLOBALPAY_US,USD,101078.74,0.00,0.00,101078.74
2025-01-05,CUST-0025,GLOBALPAY_US,USD,154161.02,0.00,0.00,154161.02
2025-01-06,CUST-0001,GLOBALPAY_US,USD,104023.01,0.00,0.00,104023.01
2025-01-06,CUST-0002,GLOBALPAY_US,USD,82398.11,0.00,0.00,82398.11
2025-01-06,CUST-0003,GLOBALPAY_US,USD,186684.27,48408.24,1455.95,233636.56
2025-01-06,CUST-0004,GLOBALPAY_US,USD,76718.71,0.00,0.00,76718.71
2025-01-06,CUST-0005,GLOBALPAY_US,USD,117614.27,0.00,2671.29,114942.98
2025-01-06,CUST-0006,GLOBALPAY_US,USD,85983.77,0.00,0.00,85983.77
2025-01-06,CUST-0007,GLOBALPAY_US,USD,101808.81,0.00,0.00,101808.81
2025-01-06,CUST-0008,GLOBALPAY_US,USD,105709.36,0.00,17845.09,87864.27
2025-01-06,CUST-0009,GLOBALPAY_US,USD,158593.09,0.00,5582.49,153010.60
2025-01-06,CUST-0010,GLOBALPAY_US,USD,80368.03,0.00,0.00,80368.03
2025-01-06,CUST-0011,GLOBALPAY_US,USD,94766.30,0.00,0.00,94766.30
2025-01-06,CUST-0012,GLOBALPAY_US,USD,135602.43,0.00,0.00,135602.43
2025-01-06,CUST-0013,GLOBALPAY_US,USD,196293.19,0.00,0.00,196293.19
2025-01-06,CUST-0014,GLOBALPAY_US,USD,196272.68,0.00,13791.09,182481.59
2025-01-06,CUST-0015,GLOBALPAY_US,USD,92401.24,0.00,1143.82,91257.42
2025-01-06,CUST-0016,GLOBALPAY_US,USD,160060.86,0.00,0.00,160060.86
2025-01-06,CUST-0017,GLOBALPAY_US,USD,203235.73,0.00,0.00,203235.73
2025-01-06,CUST-0018,GLOBALPAY_US,USD,96048.19,0.00,0.00,96048.19
2025-01-06,CUST-0019,GLOBALPAY_US,USD,123591.24,0.00,0.00,123591.24
2025-01-06,CUST-0020,GLOBALPAY_US,USD,94303.95,16429.33,8635.45,102097.83
2025-01-06,CUST-0021,GLOBALPAY_US,USD,146709.91,0.00,0.00,146709.91
2025-01-06,CUST-0022,GLOBALPAY_US,USD,153265.93,0.00,0.00,153265.93
2025-01-06,CUST-0023,GLOBALPAY_US,USD,104018.92,0.00,7956.37,96062.55
2025-01-06,CUST-0024,GLOBALPAY_US,USD,101078.74,0.00,4078.83,96999.91
2025-01-06,CUST-0025,GLOBALPAY_US,USD,154161.02,0.00,0.00,154161.02
2025-01-07,CUST-0001,GLOBALPAY_US,USD,104023.01,0.00,0.00,104023.01
2025-01-07,CUST-0002,GLOBALPAY_US,USD,82398.11,0.00,2153.71,80244.40
2025-01-07,CUST-0003,GLOBALPAY_US,USD,233636.56,0.00,0.00,233636.56
2025-01-07,CUST-0004,GLOBALPAY_US,USD,76718.71,0.00,6801.33,69917.38
2025-01-07,CUST-0005,GLOBALPAY_US,USD,114942.98,0.00,0.00,114942.98
2025-01-07,CUST-0006,GLOBALPAY_US,USD,85983.77,0.00,1640.93,84342.84
2025-01-07,CUST-0007,GLOBALPAY_US,USD,101808.81,0.00,0.00,101808.81
2025-01-07,CUST-0008,GLOBALPAY_US,USD,87864.27,0.00,0.00,87864.27
2025-01-07,CUST-0009,GLOBALPAY_US,USD,153010.60,0.00,4062.72,148947.88
2025-01-07,CUST-0010,GLOBALPAY_US,USD,80368.03,0.00,0.00,80368.03
2025-01-07,CUST-0011,GLOBALPAY_US,USD,94766.30,0.00,0.00,94766.30
2025-01-07,CUST-0012,GLOBALPAY_US,USD,135602.43,0.00,26970.94,108631.49
2025-01-07,CUST-0013,GLOBALPAY_US,USD,196293.19,0.00,15154.98,181138.21
2025-01-07,CUST-0014,GLOBALPAY_US,USD,182481.59,0.00,15951.26,166530.33
2025-01-07,CUST-0015,GLOBALPAY_US,USD,91257.42,45727.98,0.00,136985.40
2025-01-07,CUST-0016,GLOBALPAY_US,USD,160060.86,15935.10,3555.72,172440.24
2025-01-07,CUST-0017,GLOBALPAY_US,USD,203235.73,0.00,0.00,203235.73
2025-01-07,CUST-0018,GLOBALPAY_US,USD,96048.19,0.00,17158.81,78889.38
2025-01-07,CUST-0019,GLOBALPAY_US,USD,123591.24,0.00,2125.13,121466.11
2025-01-07,CUST-0020,GLOBALPAY_US,USD,102097.83,0.00,5249.03,96848.80
2025-01-07,CUST-0021,GLOBALPAY_US,USD,146709.91,0.00,1623.27,145086.64
2025-01-07,CUST-0022,GLOBALPAY_US,USD,153265.93,0.00,0.00,153265.93
2025-01-07,CUST-0023,GLOBALPAY_US,USD,96062.55,32001.00,0.00,128063.55
2025-01-07,CUST-0024,GLOBALPAY_US,USD,96999.91,34989.84,0.00,131989.75
2025-01-07,CUST-0025,GLOBALPAY_US,USD,154161.02,0.00,0.00,154161.02
2025-01-08,CUST-0001,GLOBALPAY_US,USD,104023.01,0.00,3268.53,100754.48
2025-01-08,CUST-0002,GLOBALPAY_US,USD,80244.40,0.00,0.00,80244.40
2025-01-08,CUST-0003,GLOBALPAY_US,USD,233636.56,0.00,0.00,233636.56
2025-01-08,CUST-0004,GLOBALPAY_US,USD,69917.38,0.00,0.00,69917.38
2025-01-08,CUST-0005,GLOBALPAY_US,USD,114942.98,0.00,0.00,114942.98
2025-01-08,CUST-0006,GLOBALPAY_US,USD,84342.84,0.00,0.00,84342.84
2025-01-08,CUST-0007,GLOBALPAY_US,USD,101808.81,20858.07,14023.74,108643.14
2025-01-08,CUST-0008,GLOBALPAY_US,USD,87864.27,0.00,0.00,87864.27
2025-01-08,CUST-0009,GLOBALPAY_US,USD,148947.88,0.00,0.00,148947.88
2025-01-08,CUST-0010,GLOBALPAY_US,USD,80368.03,0.00,0.00,80368.03
2025-01-08,CUST-0011,GLOBALPAY_US,USD,94766.30,0.00,20142.43,74623.87
2025-01-08,CUST-0012,GLOBALPAY_US,USD,108631.49,0.00,0.00,108631.49
2025-01-08,CUST-0013,GLOBALPAY_US,USD,181138.21,0.00,0.00,181138.21
2025-01-08,CUST-0014,GLOBALPAY_US,USD,166530.33,0.00,3093.53,163436.80
2025-01-08,CUST-0015,GLOBALPAY_US,USD,136985.40,23719.48,2451.16,158253.72
2025-01-08,CUST-0016,GLOBALPAY_US,USD,172440.24,0.00,0.00,172440.24
2025-01-08,CUST-0017,GLOBALPAY_US,USD,203235.73,0.00,8915.43,194320.30
2025-01-08,CUST-0018,GLOBALPAY_US,USD,78889.38,0.00,0.00,78889.38
2025-01-08,CUST-0019,GLOBALPAY_US,USD,121466.11,0.00,0.00,121466.11
2025-01-08,CUST-0020,GLOBALPAY_US,USD,96848.80,0.00,5985.06,90863.74
2025-01-08,CUST-0021,GLOBALPAY_US,USD,145086.64,0.00,0.00,145086.64
2025-01-08,CUST-0022,GLOBALPAY_US,USD,153265.93,0.00,0.00,153265.93
2025-01-08,CUST-0023,GLOBALPAY_US,USD,128063.55,0.00,30865.52,97198.03
2025-01-08,CUST-0024,GLOBALPAY_US,USD,131989.75,0.00,0.00,131989.75
2025-01-08,CUST-0025,GLOBALPAY_US,USD,154161.02,0.00,0.00,154161.02
2025-01-09,CUST-0001,GLOBALPAY_US,USD,100754.48,0.00,0.00,100754.48
2025-01-09,CUST-0002,GLOBALPAY_US,USD,80244.40,45040.44,0.00,125284.84
2025-01-09,CUST-0003,GLOBALPAY_US,USD,233636.56,0.00,0.00,233636.56
2025-01-09,CUST-0004,GLOBALPAY_US,USD,69917.38,0.00,1545.10,68372.28
2025-01-09,CUST-0005,GLOBALPAY_US,USD,114942.98,0.00,3796.51,111146.47
2025-01-09,CUST-0006,GLOBALPAY_US,USD,84342.84,16674.35,3306.62,97710.57
2025-01-09,CUST-0007,GLOBALPAY_US,USD,108643.14,0.00,0.00,108643.14
2025-01-09,CUST-0008,GLOBALPAY_US,USD,87864.27,0.00,12531.20,75333.07
2025-01-09,CUST-0009,GLOBALPAY_US,USD,148947.88,0.00,21365.20,127582.68
2025-01-09,CUST-0010,GLOBALPAY_US,USD,80368.03,0.00,0.00,80368.03
2025-01-09,CUST-0011,GLOBALPAY_US,USD,74623.87,0.00,0.00,74623.87
2025-01-09,CUST-0012,GLOBALPAY_US,USD,108631.49,0.00,0.00,108631.49
2025-01-09,CUST-0013,GLOBALPAY_US,USD,181138.21,0.00,3322.12,177816.09
2025-01-09,CUST-0014,GLOBALPAY_US,USD,163436.80,0.00,0.00,163436.80
2025-01-09,CUST-0015,GLOBALPAY_US,USD,158253.72,52215.19,2481.74,207987.17
2025-01-09,CUST-0016,GLOBALPAY_US,USD,172440.24,0.00,17102.17,155338.07
2025-01-09,CUST-0017,GLOBALPAY_US,USD,194320.30,0.00,5881.86,188438.44
2025-01-09,CUST-0018,GLOBALPAY_US,USD,78889.38,0.00,0.00,78889.38
2025-01-09,CUST-0019,GLOBALPAY_US,USD,121466.11,0.00,0.00,121466.11
2025-01-09,CUST-0020,GLOBALPAY_US,USD,90863.74,0.00,0.00,90863.74
2025-01-09,CUST-0021,GLOBALPAY_US,USD,145086.64,0.00,0.00,145086.64
2025-01-09,CUST-0022,GLOBALPAY_US,USD,153265.93,0.00,0.00,153265.93
2025-01-09,CUST-0023,GLOBALPAY_US,USD,97198.03,0.00,0.00,97198.03
2025-01-09,CUST-0024,GLOBALPAY_US,USD,131989.75,0.00,0.00,131989.75
2025-01-09,CUST-0025,GLOBALPAY_US,USD,154161.02,0.00,6153.92,148007.10
2025-01-10,CUST-0001,GLOBALPAY_US,USD,100754.48,0.00,0.00,100754.48
2025-01-10,CUST-0002,GLOBALPAY_US,USD,125284.84,0.00,0.00,125284.84
2025-01-10,CUST-0003,GLOBALPAY_US,USD,233636.56,0.00,0.00,233636.56
2025-01-10,CUST-0004,GLOBALPAY_US,USD,68372.28,0.00,0.00,68372.28
2025-01-10,CUST-0005,GLOBALPAY_US,USD,111146.47,0.00,0.00,111146.47
2025-01-10,CUST-0006,GLOBALPAY_US,USD,97710.57,0.00,0.00,97710.57
2025-01-10,CUST-0007,GLOBALPAY_US,USD,108643.14,0.00,0.00,108643.14
2025-01-10,CUST-0008,GLOBALPAY_US,USD,75333.07,0.00,18387.17,56945.90
2025-01-10,CUST-0009,GLOBALPAY_US,USD,127582.68,0.00,0.00,127582.68
2025-01-10,CUST-0010,GLOBALPAY_US,USD,80368.03,0.00,0.00,80368.03
2025-01-10,CUST-0011,GLOBALPAY_US,USD,74623.87,0.00,4851.33,69772.54
2025-01-10,CUST-0012,GLOBALPAY_US,USD,108631.49,0.00,10265.94,98365.55
2025-01-10,CUST-0013,GLOBALPAY_US,USD,177816.09,0.00,0.00,177816.09
2025-01-10,CUST-0014,GLOBALPAY_US,USD,163436.80,0.00,0.00,163436.80
2025-01-10,CUST-0015,GLOBALPAY_US,USD,207987.17,0.00,0.00,207987.17
2025-01-10,CUST-0016,GLOBALPAY_US,USD,155338.07,0.00,2892.82,152445.25
2025-01-10,CUST-0017,GLOBALPAY_US,USD,188438.44,0.00,0.00,188438.44
2025-01-10,CUST-0018,GLOBALPAY_US,USD,78889.38,0.00,0.00,78889.38
2025-01-10,CUST-0019,GLOBALPAY_US,USD,121466.11,0.00,3496.92,117969.19
2025-01-10,CUST-0020,GLOBALPAY_US,USD,90863.74,0.00,0.00,90863.74
2025-01-10,CUST-0021,GLOBALPAY_US,USD,145086.64,0.00,0.00,145086.64
2025-01-10,CUST-0022,GLOBALPAY_US,USD,153265.93,0.00,0.00,153265.93
2025-01-10,CUST-0023,GLOBALPAY_US,USD,97198.03,0.00,0.00,97198.03
2025-01-10,CUST-0024,GLOBALPAY_US,USD,131989.75,0.00,11325.21,120664.54
2025-01-10,CUST-0025,GLOBALPAY_US,USD,148007.10,43831.83,0.00,191838.93
2025-01-11,CUST-0001,GLOBALPAY_US,USD,100754.48,0.00,0.00,100754.48
2025-01-11,CUST-0002,GLOBALPAY_US,USD,125284.84,0.00,0.00,125284.84
2025-01-11,CUST-0003,GLOBALPAY_US,USD,233636.56,0.00,0.00,233636.56
2025-01-11,CUST-0004,GLOBALPAY_US,USD,68372.28,0.00,0.00,68372.28
2025-01-11,CUST-0005,GLOBALPAY_US,USD,111146.47,0.00,0.00,111146.47
2025-01-11,CUST-0006,GLOBALPAY_US,USD,97710.57,0.00,0.00,97710.57
2025-01-11,CUST-0007,GLOBALPAY_US,USD,108643.14,0.00,0.00,108643.14
2025-01-11,CUST-0008,GLOBALPAY_US,USD,56945.90,0.00,0.00,56945.90
2025-01-11,CUST-0009,GLOBALPAY_US,USD,127582.68,0.00,0.00,127582.68
2025-01-11,CUST-0010,GLOBALPAY_US,USD,80368.03,0.00,0.00,80368.03
2025-01-11,CUST-0011,GLOBALPAY_US,USD,69772.54,0.00,0.00,69772.54
2025-01-11,CUST-0012,GLOBALPAY_US,USD,98365.55,0.00,0.00,98365.55
2025-01-11,CUST-0013,GLOBALPAY_US,USD,177816.09,0.00,0.00,177816.09
2025-01-11,CUST-0014,GLOBALPAY_US,USD,163436.80,0.00,0.00,163436.80
2025-01-11,CUST-0015,GLOBALPAY_US,USD,207987.17,0.00,0.00,207987.17
2025-01-11,CUST-0016,GLOBALPAY_US,USD,152445.25,0.00,0.00,152445.25
2025-01-11,CUST-0017,GLOBALPAY_US,USD,188438.44,0.00,0.00,188438.44
2025-01-11,CUST-0018,GLOBALPAY_US,USD,78889.38,0.00,0.00,78889.38
2025-01-11,CUST-0019,GLOBALPAY_US,USD,117969.19,0.00,0.00,117969.19
2025-01-11,CUST-0020,GLOBALPAY_US,USD,90863.74,0.00,0.00,90863.74
2025-01-11,CUST-0021,GLOBALPAY_US,USD,145086.64,0.00,0.00,145086.64
2025-01-11,CUST-0022,GLOBALPAY_US,USD,153265.93,0.00,0.00,153265.93
2025-01-11,CUST-0023,GLOBALPAY_US,USD,97198.03,0.00,0.00,97198.03
2025-01-11,CUST-0024,GLOBALPAY_US,USD,120664.54,0.00,0.00,120664.54
2025-01-11,CUST-0025,GLOBALPAY_US,USD,191838.93,0.00,0.00,191838.93
2025-01-12,CUST-0001,GLOBALPAY_US,USD,100754.48,0.00,0.00,100754.48
2025-01-12,CUST-0002,GLOBALPAY_US,USD,125284.84,0.00,0.00,125284.84
2025-01-12,CUST-0003,GLOBALPAY_US,USD,233636.56,0.00,0.00,233636.56
2025-01-12,CUST-0004,GLOBALPAY_US,USD,68372.28,0.00,0.00,68372.28
2025-01-12,CUST-0005,GLOBALPAY_US,USD,111146.47,0.00,0.00,111146.47
2025-01-12,CUST-0006,GLOBALPAY_US,USD,97710.57,0.00,0.00,97710.57
2025-01-12,CUST-0007,GLOBALPAY_US,USD,108643.14,0.00,0.00,108643.14
2025-01-12,CUST-0008,GLOBALPAY_US,USD,56945.90,0.00,0.00,56945.90
2025-01-12,CUST-0009,GLOBALPAY_US,USD,127582.68,0.00,0.00,127582.68
2025-01-12,CUST-0010,GLOBALPAY_US,USD,80368.03,0.00,0.00,80368.03
2025-01-12,CUST-0011,GLOBALPAY_US,USD,69772.54,0.00,0.00,69772.54
2025-01-12,CUST-0012,GLOBALPAY_US,USD,98365.55,0.00,0.00,98365.55
2025-01-12,CUST-0013,GLOBALPAY_US,USD,177816.09,0.00,0.00,177816.09
2025-01-12,CUST-0014,GLOBALPAY_US,USD,163436.80,0.00,0.00,163436.80
2025-01-12,CUST-0015,GLOBALPAY_US,USD,207987.17,0.00,0.00,207987.17
2025-01-12,CUST-0016,GLOBALPAY_US,USD,152445.25,0.00,0.00,152445.25
2025-01-12,CUST-0017,GLOBALPAY_US,USD,188438.44,0.00,0.00,188438.44
2025-01-12,CUST-0018,GLOBALPAY_US,USD,78889.38,0.00,0.00,78889.38
2025-01-12,CUST-0019,GLOBALPAY_US,USD,117969.19,0.00,0.00,117969.19
2025-01-12,CUST-0020,GLOBALPAY_US,USD,90863.74,0.00,0.00,90863.74
2025-01-12,CUST-0021,GLOBALPAY_US,USD,145086.64,0.00,0.00,145086.64
2025-01-12,CUST-0022,GLOBALPAY_US,USD,153265.93,0.00,0.00,153265.93
2025-01-12,CUST-0023,GLOBALPAY_US,USD,97198.03,0.00,0.00,97198.03
2025-01-12,CUST-0024,GLOBALPAY_US,USD,120664.54,0.00,0.00,120664.54
2025-01-12,CUST-0025,GLOBALPAY_US,USD,191838.93,0.00,0.00,191838.93
2025-01-13,CUST-0001,GLOBALPAY_US,USD,100754.48,0.00,6936.11,93818.37
2025-01-13,CUST-0002,GLOBALPAY_US,USD,125284.84,0.00,8677.44,116607.40
2025-01-13,CUST-0003,GLOBALPAY_US,USD,233636.56,0.00,0.00,233636.56
2025-01-13,CUST-0004,GLOBALPAY_US,USD,68372.28,0.00,0.00,68372.28
2025-01-13,CUST-0005,GLOBALPAY_US,USD,111146.47,0.00,0.00,111146.47
2025-01-13,CUST-0006,GLOBALPAY_US,USD,97710.57,0.00,0.00,97710.57
2025-01-13,CUST-0007,GLOBALPAY_US,USD,108643.14,0.00,0.00,108643.14
2025-01-13,CUST-0008,GLOBALPAY_US,USD,56945.90,0.00,0.00,56945.90
2025-01-13,CUST-0009,GLOBALPAY_US,USD,127582.68,0.00,50000.00,77582.68
2025-01-13,CUST-0010,GLOBALPAY_US,USD,80368.03,0.00,0.00,80368.03
2025-01-13,CUST-0011,GLOBALPAY_US,USD,69772.54,0.00,2092.89,67679.65
2025-01-13,CUST-0012,GLOBALPAY_US,USD,98365.55,0.00,13219.32,85146.23
2025-01-13,CUST-0013,GLOBALPAY_US,USD,177816.09,0.00,0.00,177816.09
2025-01-13,CUST-0014,GLOBALPAY_US,USD,163436.80,0.00,0.00,163436.80
2025-01-13,CUST-0015,GLOBALPAY_US,USD,207987.17,12559.47,0.00,220546.64
2025-01-13,CUST-0016,GLOBALPAY_US,USD,152445.25,0.00,0.00,152445.25
2025-01-13,CUST-0017,GLOBALPAY_US,USD,188438.44,0.00,2543.36,185895.08
2025-01-13,CUST-0018,GLOBALPAY_US,USD,78889.38,0.00,0.00,78889.38
2025-01-13,CUST-0019,GLOBALPAY_US,USD,117969.19,0.00,0.00,117969.19
2025-01-13,CUST-0020,GLOBALPAY_US,USD,90863.74,0.00,0.00,90863.74
2025-01-13,CUST-0021,GLOBALPAY_US,USD,145086.64,0.00,7639.41,137447.23
2025-01-13,CUST-0022,GLOBALPAY_US,USD,153265.93,0.00,0.00,153265.93
2025-01-13,CUST-0023,GLOBALPAY_US,USD,97198.03,0.00,0.00,97198.03
2025-01-13,CUST-0024,GLOBALPAY_US,USD,120664.54,0.00,2645.97,118018.57
2025-01-13,CUST-0025,GLOBALPAY_US,USD,191838.93,0.00,0.00,191838.93
2025-01-14,CUST-0001,GLOBALPAY_US,USD,93818.37,0.00,0.00,93818.37
2025-01-14,CUST-0002,GLOBALPAY_US,USD,116607.40,0.00,0.00,116607.40
2025-01-14,CUST-0003,GLOBALPAY_US,USD,233636.56,0.00,0.00,233636.56
2025-01-14,CUST-0004,GLOBALPAY_US,USD,68372.28,0.00,0.00,68372.28
2025-01-14,CUST-0005,GLOBALPAY_US,USD,111146.47,0.00,15072.24,96074.23
2025-01-14,CUST-0006,GLOBALPAY_US,USD,97710.57,0.00,0.00,97710.57
2025-01-14,CUST-0007,GLOBALPAY_US,USD,108643.14,0.00,18969.77,89673.37
2025-01-14,CUST-0008,GLOBALPAY_US,USD,56945.90,0.00,0.00,56945.90
2025-01-14,CUST-0009,GLOBALPAY_US,USD,77582.68,0.00,0.00,77582.68
2025-01-14,CUST-0010,GLOBALPAY_US,USD,80368.03,0.00,2714.04,77653.99
2025-01-14,CUST-0011,GLOBALPAY_US,USD,67679.65,0.00,4528.66,63150.99
2025-01-14,CUST-0012,GLOBALPAY_US,USD,85146.23,0.00,0.00,85146.23
2025-01-14,CUST-0013,GLOBALPAY_US,USD,177816.09,0.00,0.00,177816.09
2025-01-14,CUST-0014,GLOBALPAY_US,USD,163436.80,0.00,0.00,163436.80
2025-01-14,CUST-0015,GLOBALPAY_US,USD,220546.64,0.00,0.00,220546.64
2025-01-14,CUST-0016,GLOBALPAY_US,USD,152445.25,0.00,0.00,152445.25
2025-01-14,CUST-0017,GLOBALPAY_US,USD,185895.08,0.00,0.00,185895.08
2025-01-14,CUST-0018,GLOBALPAY_US,USD,78889.38,0.00,0.00,78889.38
2025-01-14,CUST-0019,GLOBALPAY_US,USD,117969.19,0.00,0.00,117969.19
2025-01-14,CUST-0020,GLOBALPAY_US,USD,90863.74,0.00,0.00,90863.74
2025-01-14,CUST-0021,GLOBALPAY_US,USD,137447.23,0.00,12026.69,125420.54
2025-01-14,CUST-0022,GLOBALPAY_US,USD,153265.93,28659.57,0.00,181925.50
2025-01-14,CUST-0023,GLOBALPAY_US,USD,97198.03,0.00,0.00,97198.03
2025-01-14,CUST-0024,GLOBALPAY_US,USD,118018.57,21011.39,0.00,139029.96
2025-01-14,CUST-0025,GLOBALPAY_US,USD,191838.93,0.00,0.00,191838.93
2025-01-15,CUST-0001,GLOBALPAY_US,USD,93818.37,0.00,0.00,93818.37
2025-01-15,CUST-0002,GLOBALPAY_US,USD,116607.40,0.00,0.00,116607.40
2025-01-15,CUST-0003,GLOBALPAY_US,USD,233636.56,0.00,0.00,233636.56
2025-01-15,CUST-0004,GLOBALPAY_US,USD,68372.28,0.00,0.00,68372.28
2025-01-15,CUST-0005,GLOBALPAY_US,USD,96074.23,0.00,3334.71,92739.52
2025-01-15,CUST-0006,GLOBALPAY_US,USD,97710.57,0.00,0.00,97710.57
2025-01-15,CUST-0007,GLOBALPAY_US,USD,89673.37,24571.11,0.00,114244.48
2025-01-15,CUST-0008,GLOBALPAY_US,USD,56945.90,0.00,15545.71,41400.19
2025-01-15,CUST-0009,GLOBALPAY_US,USD,77582.68,0.00,0.00,77582.68
2025-01-15,CUST-0010,GLOBALPAY_US,USD,77653.99,0.00,0.00,77653.99
2025-01-15,CUST-0011,GLOBALPAY_US,USD,63150.99,0.00,0.00,63150.99
2025-01-15,CUST-0012,GLOBALPAY_US,USD,85146.23,0.00,0.00,85146.23
2025-01-15,CUST-0013,GLOBALPAY_US,USD,177816.09,0.00,4939.52,172876.57
2025-01-15,CUST-0014,GLOBALPAY_US,USD,163436.80,0.00,0.00,163436.80
2025-01-15,CUST-0015,GLOBALPAY_US,USD,220546.64,56340.76,0.00,276887.40
2025-01-15,CUST-0016,GLOBALPAY_US,USD,152445.25,0.00,4495.57,147949.68
2025-01-15,CUST-0017,GLOBALPAY_US,USD,185895.08,0.00,0.00,185895.08
2025-01-15,CUST-0018,GLOBALPAY_US,USD,78889.38,33581.94,0.00,112471.32
2025-01-15,CUST-0019,GLOBALPAY_US,USD,117969.19,0.00,923.56,117045.63
2025-01-15,CUST-0020,GLOBALPAY_US,USD,90863.74,0.00,0.00,90863.74
2025-01-15,CUST-0021,GLOBALPAY_US,USD,125420.54,26284.16,0.00,151704.70
2025-01-15,CUST-0022,GLOBALPAY_US,USD,181925.50,0.00,0.00,181925.50
2025-01-15,CUST-0023,GLOBALPAY_US,USD,97198.03,0.00,3239.97,93958.06
2025-01-15,CUST-0024,GLOBALPAY_US,USD,139029.96,0.00,0.00,139029.96
2025-01-15,CUST-0025,GLOBALPAY_US,USD,191838.93,0.00,0.00,191838.93
2025-01-16,CUST-0001,GLOBALPAY_US,USD,93818.37,0.00,0.00,93818.37
2025-01-16,CUST-0002,GLOBALPAY_US,USD,116607.40,0.00,0.00,116607.40
2025-01-16,CUST-0003,GLOBALPAY_US,USD,233636.56,0.00,2446.45,231190.11
2025-01-16,CUST-0004,GLOBALPAY_US,USD,68372.28,0.00,0.00,68372.28
2025-01-16,CUST-0005,GLOBALPAY_US,USD,92739.52,0.00,0.00,92739.52
2025-01-16,CUST-0006,GLOBALPAY_US,USD,97710.57,0.00,2648.59,95061.98
2025-01-16,CUST-0007,GLOBALPAY_US,USD,114244.48,0.00,0.00,114244.48
2025-01-16,CUST-0008,GLOBALPAY_US,USD,41400.19,0.00,8573.07,32827.12
2025-01-16,CUST-0009,GLOBALPAY_US,USD,77582.68,0.00,0.00,77582.68
2025-01-16,CUST-0010,GLOBALPAY_US,USD,77653.99,0.00,12948.51,64705.48
2025-01-16,CUST-0011,GLOBALPAY_US,USD,63150.99,0.00,0.00,63150.99
2025-01-16,CUST-0012,GLOBALPAY_US,USD,85146.23,0.00,0.00,85146.23
2025-01-16,CUST-0013,GLOBALPAY_US,USD,172876.57,0.00,0.00,172876.57
2025-01-16,CUST-0014,GLOBALPAY_US,USD,163436.80,0.00,0.00,163436.80
2025-01-16,CUST-0015,GLOBALPAY_US,USD,276887.40,0.00,0.00,276887.40
2025-01-16,CUST-0016,GLOBALPAY_US,USD,147949.68,0.00,0.00,147949.68
2025-01-16,CUST-0017,GLOBALPAY_US,USD,185895.08,0.00,0.00,185895.08
2025-01-16,CUST-0018,GLOBALPAY_US,USD,112471.32,0.00,0.00,112471.32
2025-01-16,CUST-0019,GLOBALPAY_US,USD,117045.63,0.00,4767.37,112278.26
2025-01-16,CUST-0020,GLOBALPAY_US,USD,90863.74,0.00,0.00,90863.74
2025-01-16,CUST-0021,GLOBALPAY_US,USD,151704.70,0.00,15841.91,135862.79
2025-01-16,CUST-0022,GLOBALPAY_US,USD,181925.50,0.00,5820.96,176104.54
2025-01-16,CUST-0023,GLOBALPAY_US,USD,93958.06,0.00,0.00,93958.06
2025-01-16,CUST-0024,GLOBALPAY_US,USD,139029.96,0.00,0.00,139029.96
2025-01-16,CUST-0025,GLOBALPAY_US,USD,191838.93,0.00,2634.43,189204.50
2025-01-17,CUST-0001,GLOBALPAY_US,USD,93818.37,0.00,0.00,93818.37
2025-01-17,CUST-0002,GLOBALPAY_US,USD,116607.40,10012.37,0.00,126619.77
2025-01-17,CUST-0003,GLOBALPAY_US,USD,231190.11,0.00,0.00,231190.11
2025-01-17,CUST-0004,GLOBALPAY_US,USD,68372.28,0.00,0.00,68372.28
2025-01-17,CUST-0005,GLOBALPAY_US,USD,92739.52,0.00,0.00,92739.52
2025-01-17,CUST-0006,GLOBALPAY_US,USD,95061.98,0.00,3014.95,92047.03
2025-01-17,CUST-0007,GLOBALPAY_US,USD,114244.48,0.00,0.00,114244.48
2025-01-17,CUST-0008,GLOBALPAY_US,USD,32827.12,0.00,0.00,32827.12
2025-01-17,CUST-0009,GLOBALPAY_US,USD,77582.68,0.00,0.00,77582.68
2025-01-17,CUST-0010,GLOBALPAY_US,USD,64705.48,0.00,0.00,64705.48
2025-01-17,CUST-0011,GLOBALPAY_US,USD,63150.99,0.00,0.00,63150.99
2025-01-17,CUST-0012,GLOBALPAY_US,USD,85146.23,0.00,0.00,85146.23
2025-01-17,CUST-0013,GLOBALPAY_US,USD,172876.57,0.00,0.00,172876.57
2025-01-17,CUST-0014,GLOBALPAY_US,USD,163436.80,43362.81,0.00,206799.61
2025-01-17,CUST-0015,GLOBALPAY_US,USD,276887.40,0.00,0.00,276887.40
2025-01-17,CUST-0016,GLOBALPAY_US,USD,147949.68,0.00,0.00,147949.68
2025-01-17,CUST-0017,GLOBALPAY_US,USD,185895.08,0.00,0.00,185895.08
2025-01-17,CUST-0018,GLOBALPAY_US,USD,112471.32,0.00,0.00,112471.32
2025-01-17,CUST-0019,GLOBALPAY_US,USD,112278.26,0.00,0.00,112278.26
2025-01-17,CUST-0020,GLOBALPAY_US,USD,90863.74,0.00,7566.30,83297.44
2025-01-17,CUST-0021,GLOBALPAY_US,USD,135862.79,0.00,0.00,135862.79
2025-01-17,CUST-0022,GLOBALPAY_US,USD,176104.54,0.00,13622.34,162482.20
2025-01-17,CUST-0023,GLOBALPAY_US,USD,93958.06,0.00,0.00,93958.06
2025-01-17,CUST-0024,GLOBALPAY_US,USD,139029.96,0.00,0.00,139029.96
2025-01-17,CUST-0025,GLOBALPAY_US,USD,189204.50,0.00,0.00,189204.50
2025-01-18,CUST-0001,GLOBALPAY_US,USD,93818.37,0.00,0.00,93818.37
2025-01-18,CUST-0002,GLOBALPAY_US,USD,126619.77,0.00,0.00,126619.77
2025-01-18,CUST-0003,GLOBALPAY_US,USD,231190.11,0.00,0.00,231190.11
2025-01-18,CUST-0004,GLOBALPAY_US,USD,68372.28,0.00,0.00,68372.28
2025-01-18,CUST-0005,GLOBALPAY_US,USD,92739.52,0.00,0.00,92739.52
2025-01-18,CUST-0006,GLOBALPAY_US,USD,92047.03,0.00,0.00,92047.03
2025-01-18,CUST-0007,GLOBALPAY_US,USD,114244.48,0.00,0.00,114244.48
2025-01-18,CUST-0008,GLOBALPAY_US,USD,32827.12,0.00,0.00,32827.12
2025-01-18,CUST-0009,GLOBALPAY_US,USD,77582.68,0.00,0.00,77582.68
2025-01-18,CUST-0010,GLOBALPAY_US,USD,64705.48,0.00,0.00,64705.48
2025-01-18,CUST-0011,GLOBALPAY_US,USD,63150.99,0.00,0.00,63150.99
2025-01-18,CUST-0012,GLOBALPAY_US,USD,85146.23,0.00,0.00,85146.23
2025-01-18,CUST-0013,GLOBALPAY_US,USD,172876.57,0.00,0.00,172876.57
2025-01-18,CUST-0014,GLOBALPAY_US,USD,206799.61,0.00,0.00,206799.61
2025-01-18,CUST-0015,GLOBALPAY_US,USD,276887.40,0.00,0.00,276887.40
2025-01-18,CUST-0016,GLOBALPAY_US,USD,147949.68,0.00,0.00,147949.68
2025-01-18,CUST-0017,GLOBALPAY_US,USD,185895.08,0.00,0.00,185895.08
2025-01-18,CUST-0018,GLOBALPAY_US,USD,112471.32,0.00,0.00,112471.32
2025-01-18,CUST-0019,GLOBALPAY_US,USD,112278.26,0.00,0.00,112278.26
2025-01-18,CUST-0020,GLOBALPAY_US,USD,83297.44,0.00,0.00,83297.44
2025-01-18,CUST-0021,GLOBALPAY_US,USD,135862.79,0.00,0.00,135862.79
2025-01-18,CUST-0022,GLOBALPAY_US,USD,162482.20,0.00,0.00,162482.20
2025-01-18,CUST-0023,GLOBALPAY_US,USD,93958.06,0.00,0.00,93958.06
2025-01-18,CUST-0024,GLOBALPAY_US,USD,139029.96,0.00,0.00,139029.96
2025-01-18,CUST-0025,GLOBALPAY_US,USD,189204.50,0.00,0.00,189204.50
2025-01-19,CUST-0001,GLOBALPAY_US,USD,93818.37,0.00,0.00,93818.37
2025-01-19,CUST-0002,GLOBALPAY_US,USD,126619.77,0.00,0.00,126619.77
2025-01-19,CUST-0003,GLOBALPAY_US,USD,231190.11,0.00,0.00,231190.11
2025-01-19,CUST-0004,GLOBALPAY_US,USD,68372.28,0.00,0.00,68372.28
2025-01-19,CUST-0005,GLOBALPAY_US,USD,92739.52,0.00,0.00,92739.52
2025-01-19,CUST-0006,GLOBALPAY_US,USD,92047.03,0.00,0.00,92047.03
2025-01-19,CUST-0007,GLOBALPAY_US,USD,114244.48,0.00,0.00,114244.48
2025-01-19,CUST-0008,GLOBALPAY_US,USD,32827.12,0.00,0.00,32827.12
2025-01-19,CUST-0009,GLOBALPAY_US,USD,77582.68,0.00,0.00,77582.68
2025-01-19,CUST-0010,GLOBALPAY_US,USD,64705.48,0.00,0.00,64705.48
2025-01-19,CUST-0011,GLOBALPAY_US,USD,63150.99,0.00,0.00,63150.99
2025-01-19,CUST-0012,GLOBALPAY_US,USD,85146.23,0.00,0.00,85146.23
2025-01-19,CUST-0013,GLOBALPAY_US,USD,172876.57,0.00,0.00,172876.57
2025-01-19,CUST-0014,GLOBALPAY_US,USD,206799.61,0.00,0.00,206799.61
2025-01-19,CUST-0015,GLOBALPAY_US,USD,276887.40,0.00,0.00,276887.40
2025-01-19,CUST-0016,GLOBALPAY_US,USD,147949.68,0.00,0.00,147949.68
2025-01-19,CUST-0017,GLOBALPAY_US,USD,185895.08,0.00,0.00,185895.08
2025-01-19,CUST-0018,GLOBALPAY_US,USD,112471.32,0.00,0.00,112471.32
2025-01-19,CUST-0019,GLOBALPAY_US,USD,112278.26,0.00,0.00,112278.26
2025-01-19,CUST-0020,GLOBALPAY_US,USD,83297.44,0.00,0.00,83297.44
2025-01-19,CUST-0021,GLOBALPAY_US,USD,135862.79,0.00,0.00,135862.79
2025-01-19,CUST-0022,GLOBALPAY_US,USD,162482.20,0.00,0.00,162482.20
2025-01-19,CUST-0023,GLOBALPAY_US,USD,93958.06,0.00,0.00,93958.06
2025-01-19,CUST-0024,GLOBALPAY_US,USD,139029.96,0.00,0.00,139029.96
2025-01-19,CUST-0025,GLOBALPAY_US,USD,189204.50,0.00,0.00,189204.50
2025-01-20,CUST-0001,GLOBALPAY_US,USD,93818.37,0.00,0.00,93818.37
2025-01-20,CUST-0002,GLOBALPAY_US,USD,126619.77,0.00,0.00,126619.77
2025-01-20,CUST-0003,GLOBALPAY_US,USD,231190.11,0.00,0.00,231190.11
2025-01-20,CUST-0004,GLOBALPAY_US,USD,68372.28,0.00,0.00,68372.28
2025-01-20,CUST-0005,GLOBALPAY_US,USD,92739.52,0.00,0.00,92739.52
2025-01-20,CUST-0006,GLOBALPAY_US,USD,92047.03,0.00,0.00,92047.03
2025-01-20,CUST-0007,GLOBALPAY_US,USD,114244.48,0.00,0.00,114244.48
2025-01-20,CUST-0008,GLOBALPAY_US,USD,32827.12,0.00,0.00,32827.12
2025-01-20,CUST-0009,GLOBALPAY_US,USD,77582.68,0.00,0.00,77582.68
2025-01-20,CUST-0010,GLOBALPAY_US,USD,64705.48,0.00,0.00,64705.48
2025-01-20,CUST-0011,GLOBALPAY_US,USD,63150.99,0.00,0.00,63150.99
2025-01-20,CUST-0012,GLOBALPAY_US,USD,85146.23,0.00,0.00,85146.23
2025-01-20,CUST-0013,GLOBALPAY_US,USD,172876.57,0.00,0.00,172876.57
2025-01-20,CUST-0014,GLOBALPAY_US,USD,206799.61,0.00,0.00,206799.61
2025-01-20,CUST-0015,GLOBALPAY_US,USD,276887.40,0.00,0.00,276887.40
2025-01-20,CUST-0016,GLOBALPAY_US,USD,147949.68,0.00,0.00,147949.68
2025-01-20,CUST-0017,GLOBALPAY_US,USD,185895.08,0.00,0.00,185895.08
2025-01-20,CUST-0018,GLOBALPAY_US,USD,112471.32,0.00,0.00,112471.32
2025-01-20,CUST-0019,GLOBALPAY_US,USD,112278.26,0.00,0.00,112278.26
2025-01-20,CUST-0020,GLOBALPAY_US,USD,83297.44,0.00,0.00,83297.44
2025-01-20,CUST-0021,GLOBALPAY_US,USD,135862.79,0.00,0.00,135862.79
2025-01-20,CUST-0022,GLOBALPAY_US,USD,162482.20,0.00,0.00,162482.20
2025-01-20,CUST-0023,GLOBALPAY_US,USD,93958.06,0.00,0.00,93958.06
2025-01-20,CUST-0024,GLOBALPAY_US,USD,139029.96,0.00,0.00,139029.96
2025-01-20,CUST-0025,GLOBALPAY_US,USD,189204.50,0.00,0.00,189204.50
2025-01-21,CUST-0001,GLOBALPAY_US,USD,93818.37,23649.52,0.00,117467.89
2025-01-21,CUST-0002,GLOBALPAY_US,USD,126619.77,0.00,0.00,126619.77
2025-01-21,CUST-0003,GLOBALPAY_US,USD,231190.11,0.00,0.00,231190.11
2025-01-21,CUST-0004,GLOBALPAY_US,USD,68372.28,0.00,35735.90,32636.38
2025-01-21,CUST-0005,GLOBALPAY_US,USD,92739.52,0.00,0.00,92739.52
2025-01-21,CUST-0006,GLOBALPAY_US,USD,92047.03,0.00,0.00,92047.03
2025-01-21,CUST-0007,GLOBALPAY_US,USD,114244.48,0.00,1758.18,112486.30
2025-01-21,CUST-0008,GLOBALPAY_US,USD,32827.12,10240.16,20864.21,22203.07
2025-01-21,CUST-0009,GLOBALPAY_US,USD,77582.68,0.00,0.00,77582.68
2025-01-21,CUST-0010,GLOBALPAY_US,USD,64705.48,0.00,5817.47,58888.01
2025-01-21,CUST-0011,GLOBALPAY_US,USD,63150.99,0.00,0.00,63150.99
2025-01-21,CUST-0012,GLOBALPAY_US,USD,85146.23,0.00,0.00,85146.23
2025-01-21,CUST-0013,GLOBALPAY_US,USD,172876.57,0.00,0.00,172876.57
2025-01-21,CUST-0014,GLOBALPAY_US,USD,206799.61,0.00,0.00,206799.61
2025-01-21,CUST-0015,GLOBALPAY_US,USD,276887.40,0.00,0.00,276887.40
2025-01-21,CUST-0016,GLOBALPAY_US,USD,147949.68,0.00,0.00,147949.68
2025-01-21,CUST-0017,GLOBALPAY_US,USD,185895.08,0.00,0.00,185895.08
2025-01-21,CUST-0018,GLOBALPAY_US,USD,112471.32,0.00,5685.67,106785.65
2025-01-21,CUST-0019,GLOBALPAY_US,USD,112278.26,0.00,2296.35,109981.91
2025-01-21,CUST-0020,GLOBALPAY_US,USD,83297.44,0.00,4550.03,78747.41
2025-01-21,CUST-0021,GLOBALPAY_US,USD,135862.79,0.00,0.00,135862.79
2025-01-21,CUST-0022,GLOBALPAY_US,USD,162482.20,0.00,0.00,162482.20
2025-01-21,CUST-0023,GLOBALPAY_US,USD,93958.06,0.00,0.00,93958.06
2025-01-21,CUST-0024,GLOBALPAY_US,USD,139029.96,0.00,2276.48,136753.48
2025-01-21,CUST-0025,GLOBALPAY_US,USD,189204.50,0.00,4324.47,184880.03
2025-01-22,CUST-0001,GLOBALPAY_US,USD,117467.89,0.00,0.00,117467.89
2025-01-22,CUST-0002,GLOBALPAY_US,USD,126619.77,0.00,0.00,126619.77
2025-01-22,CUST-0003,GLOBALPAY_US,USD,231190.11,0.00,0.00,231190.11
2025-01-22,CUST-0004,GLOBALPAY_US,USD,32636.38,0.00,0.00,32636.38
2025-01-22,CUST-0005,GLOBALPAY_US,USD,92739.52,0.00,0.00,92739.52
2025-01-22,CUST-0006,GLOBALPAY_US,USD,92047.03,0.00,21788.80,70258.23
2025-01-22,CUST-0007,GLOBALPAY_US,USD,112486.30,0.00,0.00,112486.30
2025-01-22,CUST-0008,GLOBALPAY_US,USD,22203.07,0.00,0.00,22203.07
2025-01-22,CUST-0009,GLOBALPAY_US,USD,77582.68,0.00,3977.30,73605.38
2025-01-22,CUST-0010,GLOBALPAY_US,USD,58888.01,0.00,0.00,58888.01
2025-01-22,CUST-0011,GLOBALPAY_US,USD,63150.99,14421.03,0.00,77572.02
2025-01-22,CUST-0012,GLOBALPAY_US,USD,85146.23,0.00,4587.14,80559.09
2025-01-22,CUST-0013,GLOBALPAY_US,USD,172876.57,0.00,0.00,172876.57
2025-01-22,CUST-0014,GLOBALPAY_US,USD,206799.61,0.00,0.00,206799.61
2025-01-22,CUST-0015,GLOBALPAY_US,USD,276887.40,0.00,0.00,276887.40
2025-01-22,CUST-0016,GLOBALPAY_US,USD,147949.68,0.00,2079.21,145870.47
2025-01-22,CUST-0017,GLOBALPAY_US,USD,185895.08,0.00,0.00,185895.08
2025-01-22,CUST-0018,GLOBALPAY_US,USD,106785.65,43445.82,0.00,150231.47
2025-01-22,CUST-0019,GLOBALPAY_US,USD,109981.91,0.00,53483.16,56498.75
2025-01-22,CUST-0020,GLOBALPAY_US,USD,78747.41,0.00,0.00,78747.41
2025-01-22,CUST-0021,GLOBALPAY_US,USD,135862.79,0.00,0.00,135862.79
2025-01-22,CUST-0022,GLOBALPAY_US,USD,162482.20,0.00,0.00,162482.20
2025-01-22,CUST-0023,GLOBALPAY_US,USD,93958.06,0.00,0.00,93958.06
2025-01-22,CUST-0024,GLOBALPAY_US,USD,136753.48,0.00,0.00,136753.48
2025-01-22,CUST-0025,GLOBALPAY_US,USD,184880.03,0.00,0.00,184880.03
2025-01-23,CUST-0001,GLOBALPAY_US,USD,117467.89,0.00,0.00,117467.89
2025-01-23,CUST-0002,GLOBALPAY_US,USD,126619.77,0.00,2939.50,123680.27
2025-01-23,CUST-0003,GLOBALPAY_US,USD,231190.11,22237.79,0.00,253427.90
2025-01-23,CUST-0004,GLOBALPAY_US,USD,32636.38,0.00,8932.07,23704.31
2025-01-23,CUST-0005,GLOBALPAY_US,USD,92739.52,0.00,8299.54,84439.98
2025-01-23,CUST-0006,GLOBALPAY_US,USD,70258.23,0.00,0.00,70258.23
2025-01-23,CUST-0007,GLOBALPAY_US,USD,112486.30,0.00,0.00,112486.30
2025-01-23,CUST-0008,GLOBALPAY_US,USD,22203.07,0.00,0.00,22203.07
2025-01-23,CUST-0009,GLOBALPAY_US,USD,73605.38,0.00,0.00,73605.38
2025-01-23,CUST-0010,GLOBALPAY_US,USD,58888.01,0.00,8478.73,50409.28
2025-01-23,CUST-0011,GLOBALPAY_US,USD,77572.02,0.00,0.00,77572.02
2025-01-23,CUST-0012,GLOBALPAY_US,USD,80559.09,0.00,0.00,80559.09
2025-01-23,CUST-0013,GLOBALPAY_US,USD,172876.57,0.00,2223.38,170653.19
2025-01-23,CUST-0014,GLOBALPAY_US,USD,206799.61,0.00,0.00,206799.61
2025-01-23,CUST-0015,GLOBALPAY_US,USD,276887.40,0.00,5624.59,271262.81
2025-01-23,CUST-0016,GLOBALPAY_US,USD,145870.47,0.00,18264.30,127606.17
2025-01-23,CUST-0017,GLOBALPAY_US,USD,185895.08,0.00,0.00,185895.08
2025-01-23,CUST-0018,GLOBALPAY_US,USD,150231.47,0.00,8512.28,141719.19
2025-01-23,CUST-0019,GLOBALPAY_US,USD,56498.75,0.00,4368.95,52129.80
2025-01-23,CUST-0020,GLOBALPAY_US,USD,78747.41,0.00,0.00,78747.41
2025-01-23,CUST-0021,GLOBALPAY_US,USD,135862.79,0.00,0.00,135862.79
2025-01-23,CUST-0022,GLOBALPAY_US,USD,162482.20,15553.76,3657.33,174378.63
2025-01-23,CUST-0023,GLOBALPAY_US,USD,93958.06,0.00,0.00,93958.06
2025-01-23,CUST-0024,GLOBALPAY_US,USD,136753.48,0.00,0.00,136753.48
2025-01-23,CUST-0025,GLOBALPAY_US,USD,184880.03,0.00,0.00,184880.03
2025-01-24,CUST-0001,GLOBALPAY_US,USD,117467.89,0.00,0.00,117467.89
2025-01-24,CUST-0002,GLOBALPAY_US,USD,123680.27,0.00,0.00,123680.27
2025-01-24,CUST-0003,GLOBALPAY_US,USD,253427.90,0.00,0.00,253427.90
2025-01-24,CUST-0004,GLOBALPAY_US,USD,23704.31,0.00,2704.29,21000.02
2025-01-24,CUST-0005,GLOBALPAY_US,USD,84439.98,0.00,0.00,84439.98
2025-01-24,CUST-0006,GLOBALPAY_US,USD,70258.23,0.00,0.00,70258.23
2025-01-24,CUST-0007,GLOBALPAY_US,USD,112486.30,0.00,3844.79,108641.51
2025-01-24,CUST-0008,GLOBALPAY_US,USD,22203.07,0.00,0.00,22203.07
2025-01-24,CUST-0009,GLOBALPAY_US,USD,73605.38,0.00,3176.12,70429.26
2025-01-24,CUST-0010,GLOBALPAY_US,USD,50409.28,0.00,3508.80,46900.48
2025-01-24,CUST-0011,GLOBALPAY_US,USD,77572.02,0.00,12311.52,65260.50
2025-01-24,CUST-0012,GLOBALPAY_US,USD,80559.09,25361.60,0.00,105920.69
2025-01-24,CUST-0013,GLOBALPAY_US,USD,170653.19,0.00,0.00,170653.19
2025-01-24,CUST-0014,GLOBALPAY_US,USD,206799.61,0.00,0.00,206799.61
2025-01-24,CUST-0015,GLOBALPAY_US,USD,271262.81,0.00,0.00,271262.81
2025-01-24,CUST-0016,GLOBALPAY_US,USD,127606.17,0.00,10557.15,117049.02
2025-01-24,CUST-0017,GLOBALPAY_US,USD,185895.08,0.00,0.00,185895.08
2025-01-24,CUST-0018,GLOBALPAY_US,USD,141719.19,0.00,0.00,141719.19
2025-01-24,CUST-0019,GLOBALPAY_US,USD,52129.80,0.00,0.00,52129.80
2025-01-24,CUST-0020,GLOBALPAY_US,USD,78747.41,0.00,0.00,78747.41
2025-01-24,CUST-0021,GLOBALPAY_US,USD,135862.79,0.00,9716.17,126146.62
2025-01-24,CUST-0022,GLOBALPAY_US,USD,174378.63,0.00,0.00,174378.63
2025-01-24,CUST-0023,GLOBALPAY_US,USD,93958.06,0.00,0.00,93958.06
2025-01-24,CUST-0024,GLOBALPAY_US,USD,136753.48,0.00,2679.59,134073.89
2025-01-24,CUST-0025,GLOBALPAY_US,USD,184880.03,0.00,0.00,184880.03
2025-01-25,CUST-0001,GLOBALPAY_US,USD,117467.89,0.00,0.00,117467.89
2025-01-25,CUST-0002,GLOBALPAY_US,USD,123680.27,0.00,0.00,123680.27
2025-01-25,CUST-0003,GLOBALPAY_US,USD,253427.90,0.00,0.00,253427.90
2025-01-25,CUST-0004,GLOBALPAY_US,USD,21000.02,0.00,0.00,21000.02
2025-01-25,CUST-0005,GLOBALPAY_US,USD,84439.98,0.00,0.00,84439.98
2025-01-25,CUST-0006,GLOBALPAY_US,USD,70258.23,0.00,0.00,70258.23
2025-01-25,CUST-0007,GLOBALPAY_US,USD,108641.51,0.00,0.00,108641.51
2025-01-25,CUST-0008,GLOBALPAY_US,USD,22203.07,0.00,0.00,22203.07
2025-01-25,CUST-0009,GLOBALPAY_US,USD,70429.26,0.00,0.00,70429.26
2025-01-25,CUST-0010,GLOBALPAY_US,USD,46900.48,0.00,0.00,46900.48
2025-01-25,CUST-0011,GLOBALPAY_US,USD,65260.50,0.00,0.00,65260.50
2025-01-25,CUST-0012,GLOBALPAY_US,USD,105920.69,0.00,0.00,105920.69
2025-01-25,CUST-0013,GLOBALPAY_US,USD,170653.19,0.00,0.00,170653.19
2025-01-25,CUST-0014,GLOBALPAY_US,USD,206799.61,0.00,0.00,206799.61
2025-01-25,CUST-0015,GLOBALPAY_US,USD,271262.81,0.00,0.00,271262.81
2025-01-25,CUST-0016,GLOBALPAY_US,USD,117049.02,0.00,0.00,117049.02
2025-01-25,CUST-0017,GLOBALPAY_US,USD,185895.08,0.00,0.00,185895.08
2025-01-25,CUST-0018,GLOBALPAY_US,USD,141719.19,0.00,0.00,141719.19
2025-01-25,CUST-0019,GLOBALPAY_US,USD,52129.80,0.00,0.00,52129.80
2025-01-25,CUST-0020,GLOBALPAY_US,USD,78747.41,0.00,0.00,78747.41
2025-01-25,CUST-0021,GLOBALPAY_US,USD,126146.62,0.00,0.00,126146.62
2025-01-25,CUST-0022,GLOBALPAY_US,USD,174378.63,0.00,0.00,174378.63
2025-01-25,CUST-0023,GLOBALPAY_US,USD,93958.06,0.00,0.00,93958.06
2025-01-25,CUST-0024,GLOBALPAY_US,USD,134073.89,0.00,0.00,134073.89
2025-01-25,CUST-0025,GLOBALPAY_US,USD,184880.03,0.00,0.00,184880.03
2025-01-26,CUST-0001,GLOBALPAY_US,USD,117467.89,0.00,0.00,117467.89
2025-01-26,CUST-0002,GLOBALPAY_US,USD,123680.27,0.00,0.00,123680.27
2025-01-26,CUST-0003,GLOBALPAY_US,USD,253427.90,0.00,0.00,253427.90
2025-01-26,CUST-0004,GLOBALPAY_US,USD,21000.02,0.00,0.00,21000.02
2025-01-26,CUST-0005,GLOBALPAY_US,USD,84439.98,0.00,0.00,84439.98
2025-01-26,CUST-0006,GLOBALPAY_US,USD,70258.23,0.00,0.00,70258.23
2025-01-26,CUST-0007,GLOBALPAY_US,USD,108641.51,0.00,0.00,108641.51
2025-01-26,CUST-0008,GLOBALPAY_US,USD,22203.07,0.00,0.00,22203.07
2025-01-26,CUST-0009,GLOBALPAY_US,USD,70429.26,0.00,0.00,70429.26
2025-01-26,CUST-0010,GLOBALPAY_US,USD,46900.48,0.00,0.00,46900.48
2025-01-26,CUST-0011,GLOBALPAY_US,USD,65260.50,0.00,0.00,65260.50
2025-01-26,CUST-0012,GLOBALPAY_US,USD,105920.69,0.00,0.00,105920.69
2025-01-26,CUST-0013,GLOBALPAY_US,USD,170653.19,0.00,0.00,170653.19
2025-01-26,CUST-0014,GLOBALPAY_US,USD,206799.61,0.00,0.00,206799.61
2025-01-26,CUST-0015,GLOBALPAY_US,USD,271262.81,0.00,0.00,271262.81
2025-01-26,CUST-0016,GLOBALPAY_US,USD,117049.02,0.00,0.00,117049.02
2025-01-26,CUST-0017,GLOBALPAY_US,USD,185895.08,0.00,0.00,185895.08
2025-01-26,CUST-0018,GLOBALPAY_US,USD,141719.19,0.00,0.00,141719.19
2025-01-26,CUST-0019,GLOBALPAY_US,USD,52129.80,0.00,0.00,52129.80
2025-01-26,CUST-0020,GLOBALPAY_US,USD,78747.41,0.00,0.00,78747.41
2025-01-26,CUST-0021,GLOBALPAY_US,USD,126146.62,0.00,0.00,126146.62
2025-01-26,CUST-0022,GLOBALPAY_US,USD,174378.63,0.00,0.00,174378.63
2025-01-26,CUST-0023,GLOBALPAY_US,USD,93958.06,0.00,0.00,93958.06
2025-01-26,CUST-0024,GLOBALPAY_US,USD,134073.89,0.00,0.00,134073.89
2025-01-26,CUST-0025,GLOBALPAY_US,USD,184880.03,0.00,0.00,184880.03
2025-01-27,CUST-0001,GLOBALPAY_US,USD,117467.89,0.00,1494.91,115972.98
2025-01-27,CUST-0002,GLOBALPAY_US,USD,123680.27,0.00,0.00,123680.27
2025-01-27,CUST-0003,GLOBALPAY_US,USD,253427.90,53641.00,0.00,307068.90
2025-01-27,CUST-0004,GLOBALPAY_US,USD,21000.02,0.00,0.00,21000.02
2025-01-27,CUST-0005,GLOBALPAY_US,USD,84439.98,0.00,0.00,84439.98
2025-01-27,CUST-0006,GLOBALPAY_US,USD,70258.23,0.00,10828.58,59429.65
2025-01-27,CUST-0007,GLOBALPAY_US,USD,108641.51,0.00,0.00,108641.51
2025-01-27,CUST-0008,GLOBALPAY_US,USD,22203.07,0.00,3730.21,18472.86
2025-01-27,CUST-0009,GLOBALPAY_US,USD,70429.26,0.00,0.00,70429.26
2025-01-27,CUST-0010,GLOBALPAY_US,USD,46900.48,0.00,0.00,46900.48
2025-01-27,CUST-0011,GLOBALPAY_US,USD,65260.50,0.00,12003.45,53257.05
2025-01-27,CUST-0012,GLOBALPAY_US,USD,105920.69,0.00,4405.25,101515.44
2025-01-27,CUST-0013,GLOBALPAY_US,USD,170653.19,0.00,0.00,170653.19
2025-01-27,CUST-0014,GLOBALPAY_US,USD,206799.61,0.00,0.00,206799.61
2025-01-27,CUST-0015,GLOBALPAY_US,USD,271262.81,0.00,0.00,271262.81
2025-01-27,CUST-0016,GLOBALPAY_US,USD,117049.02,0.00,0.00,117049.02
2025-01-27,CUST-0017,GLOBALPAY_US,USD,185895.08,0.00,0.00,185895.08
2025-01-27,CUST-0018,GLOBALPAY_US,USD,141719.19,0.00,0.00,141719.19
2025-01-27,CUST-0019,GLOBALPAY_US,USD,52129.80,0.00,3015.51,49114.29
2025-01-27,CUST-0020,GLOBALPAY_US,USD,78747.41,0.00,0.00,78747.41
2025-01-27,CUST-0021,GLOBALPAY_US,USD,126146.62,0.00,0.00,126146.62
2025-01-27,CUST-0022,GLOBALPAY_US,USD,174378.63,13922.74,0.00,188301.37
2025-01-27,CUST-0023,GLOBALPAY_US,USD,93958.06,0.00,7299.79,86658.27
2025-01-27,CUST-0024,GLOBALPAY_US,USD,134073.89,0.00,0.00,134073.89
2025-01-27,CUST-0025,GLOBALPAY_US,USD,184880.03,0.00,0.00,184880.03
2025-01-28,CUST-0001,GLOBALPAY_US,USD,115972.98,0.00,0.00,115972.98
2025-01-28,CUST-0002,GLOBALPAY_US,USD,123680.27,0.00,0.00,123680.27
2025-01-28,CUST-0003,GLOBALPAY_US,USD,307068.90,0.00,0.00,307068.90
2025-01-28,CUST-0004,GLOBALPAY_US,USD,21000.02,0.00,0.00,21000.02
2025-01-28,CUST-0005,GLOBALPAY_US,USD,84439.98,0.00,0.00,84439.98
2025-01-28,CUST-0006,GLOBALPAY_US,USD,59429.65,0.00,0.00,59429.65
2025-01-28,CUST-0007,GLOBALPAY_US,USD,108641.51,0.00,0.00,108641.51
2025-01-28,CUST-0008,GLOBALPAY_US,USD,18472.86,0.00,0.00,18472.86
2025-01-28,CUST-0009,GLOBALPAY_US,USD,70429.26,0.00,0.00,70429.26
2025-01-28,CUST-0010,GLOBALPAY_US,USD,46900.48,0.00,0.00,46900.48
2025-01-28,CUST-0011,GLOBALPAY_US,USD,53257.05,0.00,0.00,53257.05
2025-01-28,CUST-0012,GLOBALPAY_US,USD,101515.44,0.00,0.00,101515.44
2025-01-28,CUST-0013,GLOBALPAY_US,USD,170653.19,0.00,0.00,170653.19
2025-01-28,CUST-0014,GLOBALPAY_US,USD,206799.61,0.00,0.00,206799.61
2025-01-28,CUST-0015,GLOBALPAY_US,USD,271262.81,0.00,0.00,271262.81
2025-01-28,CUST-0016,GLOBALPAY_US,USD,117049.02,0.00,0.00,117049.02
2025-01-28,CUST-0017,GLOBALPAY_US,USD,185895.08,0.00,0.00,185895.08
2025-01-28,CUST-0018,GLOBALPAY_US,USD,141719.19,0.00,0.00,141719.19
2025-01-28,CUST-0019,GLOBALPAY_US,USD,49114.29,0.00,0.00,49114.29
2025-01-28,CUST-0020,GLOBALPAY_US,USD,78747.41,0.00,0.00,78747.41
2025-01-28,CUST-0021,GLOBALPAY_US,USD,126146.62,0.00,0.00,126146.62
2025-01-28,CUST-0022,GLOBALPAY_US,USD,188301.37,0.00,0.00,188301.37
2025-01-28,CUST-0023,GLOBALPAY_US,USD,86658.27,0.00,0.00,86658.27
2025-01-28,CUST-0024,GLOBALPAY_US,USD,134073.89,0.00,0.00,134073.89
2025-01-28,CUST-0025,GLOBALPAY_US,USD,184880.03,0.00,0.00,184880.03
2025-01-29,CUST-0001,GLOBALPAY_US,USD,115972.98,0.00,0.00,115972.98
2025-01-29,CUST-0002,GLOBALPAY_US,USD,123680.27,0.00,0.00,123680.27
2025-01-29,CUST-0003,GLOBALPAY_US,USD,307068.90,0.00,0.00,307068.90
2025-01-29,CUST-0004,GLOBALPAY_US,USD,21000.02,0.00,0.00,21000.02
2025-01-29,CUST-0005,GLOBALPAY_US,USD,84439.98,0.00,0.00,84439.98
2025-01-29,CUST-0006,GLOBALPAY_US,USD,59429.65,0.00,0.00,59429.65
2025-01-29,CUST-0007,GLOBALPAY_US,USD,108641.51,0.00,0.00,108641.51
2025-01-29,CUST-0008,GLOBALPAY_US,USD,18472.86,0.00,0.00,18472.86
2025-01-29,CUST-0009,GLOBALPAY_US,USD,70429.26,0.00,0.00,70429.26
2025-01-29,CUST-0010,GLOBALPAY_US,USD,46900.48,0.00,0.00,46900.48
2025-01-29,CUST-0011,GLOBALPAY_US,USD,53257.05,0.00,0.00,53257.05
2025-01-29,CUST-0012,GLOBALPAY_US,USD,101515.44,0.00,0.00,101515.44
2025-01-29,CUST-0013,GLOBALPAY_US,USD,170653.19,0.00,0.00,170653.19
2025-01-29,CUST-0014,GLOBALPAY_US,USD,206799.61,0.00,0.00,206799.61
2025-01-29,CUST-0015,GLOBALPAY_US,USD,271262.81,0.00,0.00,271262.81
2025-01-29,CUST-0016,GLOBALPAY_US,USD,117049.02,0.00,0.00,117049.02
2025-01-29,CUST-0017,GLOBALPAY_US,USD,185895.08,0.00,0.00,185895.08
2025-01-29,CUST-0018,GLOBALPAY_US,USD,141719.19,0.00,0.00,141719.19
2025-01-29,CUST-0019,GLOBALPAY_US,USD,49114.29,0.00,0.00,49114.29
2025-01-29,CUST-0020,GLOBALPAY_US,USD,78747.41,0.00,0.00,78747.41
2025-01-29,CUST-0021,GLOBALPAY_US,USD,126146.62,0.00,0.00,126146.62
2025-01-29,CUST-0022,GLOBALPAY_US,USD,188301.37,0.00,0.00,188301.37
2025-01-29,CUST-0023,GLOBALPAY_US,USD,86658.27,0.00,0.00,86658.27
2025-01-29,CUST-0024,GLOBALPAY_US,USD,134073.89,0.00,0.00,134073.89
2025-01-29,CUST-0025,GLOBALPAY_US,USD,184880.03,0.00,0.00,184880.03
2025-01-30,CUST-0001,GLOBALPAY_US,USD,115972.98,0.00,0.00,115972.98
2025-01-30,CUST-0002,GLOBALPAY_US,USD,123680.27,0.00,0.00,123680.27
2025-01-30,CUST-0003,GLOBALPAY_US,USD,307068.90,0.00,0.00,307068.90
2025-01-30,CUST-0004,GLOBALPAY_US,USD,21000.02,0.00,0.00,21000.02
2025-01-30,CUST-0005,GLOBALPAY_US,USD,84439.98,0.00,0.00,84439.98
2025-01-30,CUST-0006,GLOBALPAY_US,USD,59429.65,0.00,0.00,59429.65
2025-01-30,CUST-0007,GLOBALPAY_US,USD,108641.51,0.00,0.00,108641.51
2025-01-30,CUST-0008,GLOBALPAY_US,USD,18472.86,0.00,0.00,18472.86
2025-01-30,CUST-0009,GLOBALPAY_US,USD,70429.26,0.00,0.00,70429.26
2025-01-30,CUST-0010,GLOBALPAY_US,USD,46900.48,0.00,0.00,46900.48
2025-01-30,CUST-0011,GLOBALPAY_US,USD,53257.05,0.00,0.00,53257.05
2025-01-30,CUST-0012,GLOBALPAY_US,USD,101515.44,0.00,0.00,101515.44
2025-01-30,CUST-0013,GLOBALPAY_US,USD,170653.19,0.00,0.00,170653.19
2025-01-30,CUST-0014,GLOBALPAY_US,USD,206799.61,0.00,0.00,206799.61
2025-01-30,CUST-0015,GLOBALPAY_US,USD,271262.81,0.00,0.00,271262.81
2025-01-30,CUST-0016,GLOBALPAY_US,USD,117049.02,0.00,0.00,117049.02
2025-01-30,CUST-0017,GLOBALPAY_US,USD,185895.08,0.00,0.00,185895.08
2025-01-30,CUST-0018,GLOBALPAY_US,USD,141719.19,0.00,0.00,141719.19
2025-01-30,CUST-0019,GLOBALPAY_US,USD,49114.29,0.00,0.00,49114.29
2025-01-30,CUST-0020,GLOBALPAY_US,USD,78747.41,0.00,0.00,78747.41
2025-01-30,CUST-0021,GLOBALPAY_US,USD,126146.62,0.00,0.00,126146.62
2025-01-30,CUST-0022,GLOBALPAY_US,USD,188301.37,0.00,0.00,188301.37
2025-01-30,CUST-0023,GLOBALPAY_US,USD,86658.27,0.00,0.00,86658.27
2025-01-30,CUST-0024,GLOBALPAY_US,USD,134073.89,0.00,0.00,134073.89
2025-01-30,CUST-0025,GLOBALPAY_US,USD,184880.03,0.00,0.00,184880.03
2025-01-31,CUST-0001,GLOBALPAY_US,USD,115972.98,0.00,0.00,115972.98
2025-01-31,CUST-0002,GLOBALPAY_US,USD,123680.27,0.00,0.00,123680.27
2025-01-31,CUST-0003,GLOBALPAY_US,USD,307068.90,0.00,0.00,307068.90
2025-01-31,CUST-0004,GLOBALPAY_US,USD,21000.02,0.00,0.00,21000.02
2025-01-31,CUST-0005,GLOBALPAY_US,USD,84439.98,0.00,0.00,84439.98
2025-01-31,CUST-0006,GLOBALPAY_US,USD,59429.65,0.00,0.00,59429.65
2025-01-31,CUST-0007,GLOBALPAY_US,USD,108641.51,0.00,0.00,108641.51
2025-01-31,CUST-0008,GLOBALPAY_US,USD,18472.86,0.00,0.00,18472.86
2025-01-31,CUST-0009,GLOBALPAY_US,USD,70429.26,0.00,0.00,70429.26
2025-01-31,CUST-0010,GLOBALPAY_US,USD,46900.48,0.00,0.00,46900.48
2025-01-31,CUST-0011,GLOBALPAY_US,USD,53257.05,0.00,0.00,53257.05
2025-01-31,CUST-0012,GLOBALPAY_US,USD,101515.44,0.00,0.00,101515.44
2025-01-31,CUST-0013,GLOBALPAY_US,USD,170653.19,0.00,0.00,170653.19
2025-01-31,CUST-0014,GLOBALPAY_US,USD,206799.61,0.00,0.00,206799.61
2025-01-31,CUST-0015,GLOBALPAY_US,USD,271262.81,0.00,0.00,271262.81
2025-01-31,CUST-0016,GLOBALPAY_US,USD,117049.02,0.00,0.00,117049.02
2025-01-31,CUST-0017,GLOBALPAY_US,USD,185895.08,0.00,0.00,185895.08
2025-01-31,CUST-0018,GLOBALPAY_US,USD,141719.19,0.00,0.00,141719.19
2025-01-31,CUST-0019,GLOBALPAY_US,USD,49114.29,0.00,0.00,49114.29
2025-01-31,CUST-0020,GLOBALPAY_US,USD,78747.41,0.00,0.00,78747.41
2025-01-31,CUST-0021,GLOBALPAY_US,USD,126146.62,0.00,0.00,126146.62
2025-01-31,CUST-0022,GLOBALPAY_US,USD,188301.37,0.00,0.00,188301.37
2025-01-31,CUST-0023,GLOBALPAY_US,USD,86658.27,0.00,0.00,86658.27
2025-01-31,CUST-0024,GLOBALPAY_US,USD,134073.89,0.00,0.00,134073.89
2025-01-31,CUST-0025,GLOBALPAY_US,USD,184880.03,0.00,0.00,184880.03
2025-02-01,CUST-0001,GLOBALPAY_US,USD,115972.98,0.00,0.00,115972.98
2025-02-01,CUST-0002,GLOBALPAY_US,USD,123680.27,0.00,0.00,123680.27
2025-02-01,CUST-0003,GLOBALPAY_US,USD,307068.90,0.00,0.00,307068.90
2025-02-01,CUST-0004,GLOBALPAY_US,USD,21000.02,0.00,0.00,21000.02
2025-02-01,CUST-0005,GLOBALPAY_US,USD,84439.98,0.00,0.00,84439.98
2025-02-01,CUST-0006,GLOBALPAY_US,USD,59429.65,0.00,0.00,59429.65
2025-02-01,CUST-0007,GLOBALPAY_US,USD,108641.51,0.00,0.00,108641.51
2025-02-01,CUST-0008,GLOBALPAY_US,USD,18472.86,0.00,0.00,18472.86
2025-02-01,CUST-0009,GLOBALPAY_US,USD,70429.26,0.00,0.00,70429.26
2025-02-01,CUST-0010,GLOBALPAY_US,USD,46900.48,0.00,0.00,46900.48
2025-02-01,CUST-0011,GLOBALPAY_US,USD,53257.05,0.00,0.00,53257.05
2025-02-01,CUST-0012,GLOBALPAY_US,USD,101515.44,0.00,0.00,101515.44
2025-02-01,CUST-0013,GLOBALPAY_US,USD,170653.19,0.00,0.00,170653.19
2025-02-01,CUST-0014,GLOBALPAY_US,USD,206799.61,0.00,0.00,206799.61
2025-02-01,CUST-0015,GLOBALPAY_US,USD,271262.81,0.00,0.00,271262.81
2025-02-01,CUST-0016,GLOBALPAY_US,USD,117049.02,0.00,0.00,117049.02
2025-02-01,CUST-0017,GLOBALPAY_US,USD,185895.08,0.00,0.00,185895.08
2025-02-01,CUST-0018,GLOBALPAY_US,USD,141719.19,0.00,0.00,141719.19
2025-02-01,CUST-0019,GLOBALPAY_US,USD,49114.29,0.00,0.00,49114.29
2025-02-01,CUST-0020,GLOBALPAY_US,USD,78747.41,0.00,0.00,78747.41
2025-02-01,CUST-0021,GLOBALPAY_US,USD,126146.62,0.00,0.00,126146.62
2025-02-01,CUST-0022,GLOBALPAY_US,USD,188301.37,0.00,0.00,188301.37
2025-02-01,CUST-0023,GLOBALPAY_US,USD,86658.27,0.00,0.00,86658.27
2025-02-01,CUST-0024,GLOBALPAY_US,USD,134073.89,0.00,0.00,134073.89
2025-02-01,CUST-0025,GLOBALPAY_US,USD,184880.03,0.00,0.00,184880.03
2025-02-02,CUST-0001,GLOBALPAY_US,USD,115972.98,0.00,0.00,115972.98
2025-02-02,CUST-0002,GLOBALPAY_US,USD,123680.27,0.00,0.00,123680.27
2025-02-02,CUST-0003,GLOBALPAY_US,USD,307068.90,0.00,0.00,307068.90
2025-02-02,CUST-0004,GLOBALPAY_US,USD,21000.02,0.00,0.00,21000.02
2025-02-02,CUST-0005,GLOBALPAY_US,USD,84439.98,0.00,0.00,84439.98
2025-02-02,CUST-0006,GLOBALPAY_US,USD,59429.65,0.00,0.00,59429.65
2025-02-02,CUST-0007,GLOBALPAY_US,USD,108641.51,0.00,0.00,108641.51
2025-02-02,CUST-0008,GLOBALPAY_US,USD,18472.86,0.00,0.00,18472.86
2025-02-02,CUST-0009,GLOBALPAY_US,USD,70429.26,0.00,0.00,70429.26
2025-02-02,CUST-0010,GLOBALPAY_US,USD,46900.48,0.00,0.00,46900.48
2025-02-02,CUST-0011,GLOBALPAY_US,USD,53257.05,0.00,0.00,53257.05
2025-02-02,CUST-0012,GLOBALPAY_US,USD,101515.44,0.00,0.00,101515.44
2025-02-02,CUST-0013,GLOBALPAY_US,USD,170653.19,0.00,0.00,170653.19
2025-02-02,CUST-0014,GLOBALPAY_US,USD,206799.61,0.00,0.00,206799.61
2025-02-02,CUST-0015,GLOBALPAY_US,USD,271262.81,0.00,0.00,271262.81
2025-02-02,CUST-0016,GLOBALPAY_US,USD,117049.02,0.00,0.00,117049.02
2025-02-02,CUST-0017,GLOBALPAY_US,USD,185895.08,0.00,0.00,185895.08
2025-02-02,CUST-0018,GLOBALPAY_US,USD,141719.19,0.00,0.00,141719.19
2025-02-02,CUST-0019,GLOBALPAY_US,USD,49114.29,0.00,0.00,49114.29
2025-02-02,CUST-0020,GLOBALPAY_US,USD,78747.41,0.00,0.00,78747.41
2025-02-02,CUST-0021,GLOBALPAY_US,USD,126146.62,0.00,0.00,126146.62
2025-02-02,CUST-0022,GLOBALPAY_US,USD,188301.37,0.00,0.00,188301.37
2025-02-02,CUST-0023,GLOBALPAY_US,USD,86658.27,0.00,0.00,86658.27
2025-02-02,CUST-0024,GLOBALPAY_US,USD,134073.89,0.00,0.00,134073.89
2025-02-02,CUST-0025,GLOBALPAY_US,USD,184880.03,0.00,0.00,184880.03
2025-02-03,CUST-0001,GLOBALPAY_US,USD,115972.98,0.00,0.00,115972.98
2025-02-03,CUST-0002,GLOBALPAY_US,USD,123680.27,0.00,0.00,123680.27
2025-02-03,CUST-0003,GLOBALPAY_US,USD,307068.90,0.00,0.00,307068.90
2025-02-03,CUST-0004,GLOBALPAY_US,USD,21000.02,0.00,0.00,21000.02
2025-02-03,CUST-0005,GLOBALPAY_US,USD,84439.98,0.00,0.00,84439.98
2025-02-03,CUST-0006,GLOBALPAY_US,USD,59429.65,0.00,0.00,59429.65
2025-02-03,CUST-0007,GLOBALPAY_US,USD,108641.51,0.00,0.00,108641.51
2025-02-03,CUST-0008,GLOBALPAY_US,USD,18472.86,0.00,0.00,18472.86
2025-02-03,CUST-0009,GLOBALPAY_US,USD,70429.26,0.00,0.00,70429.26
2025-02-03,CUST-0010,GLOBALPAY_US,USD,46900.48,0.00,0.00,46900.48
2025-02-03,CUST-0011,GLOBALPAY_US,USD,53257.05,0.00,0.00,53257.05
2025-02-03,CUST-0012,GLOBALPAY_US,USD,101515.44,0.00,0.00,101515.44
2025-02-03,CUST-0013,GLOBALPAY_US,USD,170653.19,0.00,0.00,170653.19
2025-02-03,CUST-0014,GLOBALPAY_US,USD,206799.61,0.00,0.00,206799.61
2025-02-03,CUST-0015,GLOBALPAY_US,USD,271262.81,0.00,0.00,271262.81
2025-02-03,CUST-0016,GLOBALPAY_US,USD,117049.02,0.00,0.00,117049.02
2025-02-03,CUST-0017,GLOBALPAY_US,USD,185895.08,0.00,0.00,185895.08
2025-02-03,CUST-0018,GLOBALPAY_US,USD,141719.19,0.00,0.00,141719.19
2025-02-03,CUST-0019,GLOBALPAY_US,USD,49114.29,0.00,0.00,49114.29
2025-02-03,CUST-0020,GLOBALPAY_US,USD,78747.41,0.00,0.00,78747.41
2025-02-03,CUST-0021,GLOBALPAY_US,USD,126146.62,0.00,0.00,126146.62
2025-02-03,CUST-0022,GLOBALPAY_US,USD,188301.37,0.00,0.00,188301.37
2025-02-03,CUST-0023,GLOBALPAY_US,USD,86658.27,0.00,0.00,86658.27
2025-02-03,CUST-0024,GLOBALPAY_US,USD,134073.89,0.00,0.00,134073.89
2025-02-03,CUST-0025,GLOBALPAY_US,USD,184880.03,0.00,0.00,184880.03
2025-02-04,CUST-0001,GLOBALPAY_US,USD,115972.98,0.00,0.00,115972.98
2025-02-04,CUST-0002,GLOBALPAY_US,USD,123680.27,0.00,0.00,123680.27
2025-02-04,CUST-0003,GLOBALPAY_US,USD,307068.90,0.00,0.00,307068.90
2025-02-04,CUST-0004,GLOBALPAY_US,USD,21000.02,0.00,0.00,21000.02
2025-02-04,CUST-0005,GLOBALPAY_US,USD,84439.98,0.00,0.00,84439.98
2025-02-04,CUST-0006,GLOBALPAY_US,USD,59429.65,0.00,0.00,59429.65
2025-02-04,CUST-0007,GLOBALPAY_US,USD,108641.51,0.00,0.00,108641.51
2025-02-04,CUST-0008,GLOBALPAY_US,USD,18472.86,0.00,0.00,18472.86
2025-02-04,CUST-0009,GLOBALPAY_US,USD,70429.26,0.00,0.00,70429.26
2025-02-04,CUST-0010,GLOBALPAY_US,USD,46900.48,0.00,0.00,46900.48
2025-02-04,CUST-0011,GLOBALPAY_US,USD,53257.05,0.00,0.00,53257.05
2025-02-04,CUST-0012,GLOBALPAY_US,USD,101515.44,0.00,0.00,101515.44
2025-02-04,CUST-0013,GLOBALPAY_US,USD,170653.19,0.00,0.00,170653.19
2025-02-04,CUST-0014,GLOBALPAY_US,USD,206799.61,0.00,0.00,206799.61
2025-02-04,CUST-0015,GLOBALPAY_US,USD,271262.81,0.00,0.00,271262.81
2025-02-04,CUST-0016,GLOBALPAY_US,USD,117049.02,0.00,0.00,117049.02
2025-02-04,CUST-0017,GLOBALPAY_US,USD,185895.08,0.00,0.00,185895.08
2025-02-04,CUST-0018,GLOBALPAY_US,USD,141719.19,0.00,0.00,141719.19
2025-02-04,CUST-0019,GLOBALPAY_US,USD,49114.29,0.00,0.00,49114.29
2025-02-04,CUST-0020,GLOBALPAY_US,USD,78747.41,0.00,0.00,78747.41
2025-02-04,CUST-0021,GLOBALPAY_US,USD,126146.62,0.00,0.00,126146.62
2025-02-04,CUST-0022,GLOBALPAY_US,USD,188301.37,0.00,0.00,188301.37
2025-02-04,CUST-0023,GLOBALPAY_US,USD,86658.27,0.00,0.00,86658.27
2025-02-04,CUST-0024,GLOBALPAY_US,USD,134073.89,0.00,0.00,134073.89
2025-02-04,CUST-0025,GLOBALPAY_US,USD,184880.03,0.00,0.00,184880.03
2025-02-05,CUST-0001,GLOBALPAY_US,USD,115972.98,0.00,0.00,115972.98
2025-02-05,CUST-0002,GLOBALPAY_US,USD,123680.27,0.00,0.00,123680.27
2025-02-05,CUST-0003,GLOBALPAY_US,USD,307068.90,0.00,5280.08,301788.82
2025-02-05,CUST-0004,GLOBALPAY_US,USD,21000.02,0.00,0.00,21000.02
2025-02-05,CUST-0005,GLOBALPAY_US,USD,84439.98,0.00,2661.52,81778.46
2025-02-05,CUST-0006,GLOBALPAY_US,USD,59429.65,0.00,0.00,59429.65
2025-02-05,CUST-0007,GLOBALPAY_US,USD,108641.51,0.00,0.00,108641.51
2025-02-05,CUST-0008,GLOBALPAY_US,USD,18472.86,0.00,0.00,18472.86
2025-02-05,CUST-0009,GLOBALPAY_US,USD,70429.26,0.00,0.00,70429.26
2025-02-05,CUST-0010,GLOBALPAY_US,USD,46900.48,0.00,0.00,46900.48
2025-02-05,CUST-0011,GLOBALPAY_US,USD,53257.05,0.00,0.00,53257.05
2025-02-05,CUST-0012,GLOBALPAY_US,USD,101515.44,0.00,0.00,101515.44
2025-02-05,CUST-0013,GLOBALPAY_US,USD,170653.19,0.00,1323.60,169329.59
2025-02-05,CUST-0014,GLOBALPAY_US,USD,206799.61,0.00,0.00,206799.61
2025-02-05,CUST-0015,GLOBALPAY_US,USD,271262.81,0.00,0.00,271262.81
2025-02-05,CUST-0016,GLOBALPAY_US,USD,117049.02,29720.56,0.00,146769.58
2025-02-05,CUST-0017,GLOBALPAY_US,USD,185895.08,0.00,0.00,185895.08
2025-02-05,CUST-0018,GLOBALPAY_US,USD,141719.19,0.00,0.00,141719.19
2025-02-05,CUST-0019,GLOBALPAY_US,USD,49114.29,0.00,0.00,49114.29
2025-02-05,CUST-0020,GLOBALPAY_US,USD,78747.41,0.00,0.00,78747.41
2025-02-05,CUST-0021,GLOBALPAY_US,USD,126146.62,0.00,5267.30,120879.32
2025-02-05,CUST-0022,GLOBALPAY_US,USD,188301.37,0.00,1091.39,187209.98
2025-02-05,CUST-0023,GLOBALPAY_US,USD,86658.27,0.00,0.00,86658.27
2025-02-05,CUST-0024,GLOBALPAY_US,USD,134073.89,0.00,0.00,134073.89
2025-02-05,CUST-0025,GLOBALPAY_US,USD,184880.03,0.00,0.00,184880.03
2025-02-06,CUST-0001,GLOBALPAY_US,USD,115972.98,0.00,0.00,115972.98
2025-02-06,CUST-0002,GLOBALPAY_US,USD,123680.27,0.00,0.00,123680.27
2025-02-06,CUST-0003,GLOBALPAY_US,USD,301788.82,0.00,12574.42,289214.40
2025-02-06,CUST-0004,GLOBALPAY_US,USD,21000.02,0.00,0.00,21000.02
2025-02-06,CUST-0005,GLOBALPAY_US,USD,81778.46,0.00,2670.50,79107.96
2025-02-06,CUST-0006,GLOBALPAY_US,USD,59429.65,0.00,6876.28,52553.37
2025-02-06,CUST-0007,GLOBALPAY_US,USD,108641.51,0.00,0.00,108641.51
2025-02-06,CUST-0008,GLOBALPAY_US,USD,18472.86,0.00,4966.67,13506.19
2025-02-06,CUST-0009,GLOBALPAY_US,USD,70429.26,0.00,0.00,70429.26
2025-02-06,CUST-0010,GLOBALPAY_US,USD,46900.48,0.00,0.00,46900.48
2025-02-06,CUST-0011,GLOBALPAY_US,USD,53257.05,0.00,26589.75,26667.30
2025-02-06,CUST-0012,GLOBALPAY_US,USD,101515.44,0.00,0.00,101515.44
2025-02-06,CUST-0013,GLOBALPAY_US,USD,169329.59,0.00,0.00,169329.59
2025-02-06,CUST-0014,GLOBALPAY_US,USD,206799.61,0.00,0.00,206799.61
2025-02-06,CUST-0015,GLOBALPAY_US,USD,271262.81,0.00,0.00,271262.81
2025-02-06,CUST-0016,GLOBALPAY_US,USD,146769.58,0.00,17453.36,129316.22
2025-02-06,CUST-0017,GLOBALPAY_US,USD,185895.08,0.00,3274.82,182620.26
2025-02-06,CUST-0018,GLOBALPAY_US,USD,141719.19,0.00,0.00,141719.19
2025-02-06,CUST-0019,GLOBALPAY_US,USD,49114.29,0.00,0.00,49114.29
2025-02-06,CUST-0020,GLOBALPAY_US,USD,78747.41,0.00,0.00,78747.41
2025-02-06,CUST-0021,GLOBALPAY_US,USD,120879.32,0.00,0.00,120879.32
2025-02-06,CUST-0022,GLOBALPAY_US,USD,187209.98,0.00,0.00,187209.98
2025-02-06,CUST-0023,GLOBALPAY_US,USD,86658.27,0.00,0.00,86658.27
2025-02-06,CUST-0024,GLOBALPAY_US,USD,134073.89,0.00,12342.39,121731.50
2025-02-06,CUST-0025,GLOBALPAY_US,USD,184880.03,48142.15,0.00,233022.18
2025-02-07,CUST-0001,GLOBALPAY_US,USD,115972.98,0.00,0.00,115972.98
2025-02-07,CUST-0002,GLOBALPAY_US,USD,123680.27,0.00,5439.13,118241.14
2025-02-07,CUST-0003,GLOBALPAY_US,USD,289214.40,0.00,0.00,289214.40
2025-02-07,CUST-0004,GLOBALPAY_US,USD,21000.02,0.00,0.00,21000.02
2025-02-07,CUST-0005,GLOBALPAY_US,USD,79107.96,0.00,0.00,79107.96
2025-02-07,CUST-0006,GLOBALPAY_US,USD,52553.37,0.00,0.00,52553.37
2025-02-07,CUST-0007,GLOBALPAY_US,USD,108641.51,0.00,0.00,108641.51
2025-02-07,CUST-0008,GLOBALPAY_US,USD,13506.19,0.00,0.00,13506.19
2025-02-07,CUST-0009,GLOBALPAY_US,USD,70429.26,0.00,0.00,70429.26
2025-02-07,CUST-0010,GLOBALPAY_US,USD,46900.48,0.00,0.00,46900.48
2025-02-07,CUST-0011,GLOBALPAY_US,USD,26667.30,0.00,1789.13,24878.17
2025-02-07,CUST-0012,GLOBALPAY_US,USD,101515.44,0.00,0.00,101515.44
2025-02-07,CUST-0013,GLOBALPAY_US,USD,169329.59,0.00,0.00,169329.59
2025-02-07,CUST-0014,GLOBALPAY_US,USD,206799.61,0.00,0.00,206799.61
2025-02-07,CUST-0015,GLOBALPAY_US,USD,271262.81,0.00,3692.16,267570.65
2025-02-07,CUST-0016,GLOBALPAY_US,USD,129316.22,0.00,0.00,129316.22
2025-02-07,CUST-0017,GLOBALPAY_US,USD,182620.26,0.00,0.00,182620.26
2025-02-07,CUST-0018,GLOBALPAY_US,USD,141719.19,0.00,0.00,141719.19
2025-02-07,CUST-0019,GLOBALPAY_US,USD,49114.29,0.00,0.00,49114.29
2025-02-07,CUST-0020,GLOBALPAY_US,USD,78747.41,0.00,0.00,78747.41
2025-02-07,CUST-0021,GLOBALPAY_US,USD,120879.32,0.00,11098.16,109781.16
2025-02-07,CUST-0022,GLOBALPAY_US,USD,187209.98,0.00,0.00,187209.98
2025-02-07,CUST-0023,GLOBALPAY_US,USD,86658.27,0.00,14620.36,72037.91
2025-02-07,CUST-0024,GLOBALPAY_US,USD,121731.50,0.00,0.00,121731.50
2025-02-07,CUST-0025,GLOBALPAY_US,USD,233022.18,0.00,2479.03,230543.15
2025-02-08,CUST-0001,GLOBALPAY_US,USD,115972.98,0.00,0.00,115972.98
2025-02-08,CUST-0002,GLOBALPAY_US,USD,118241.14,0.00,0.00,118241.14
2025-02-08,CUST-0003,GLOBALPAY_US,USD,289214.40,0.00,0.00,289214.40
2025-02-08,CUST-0004,GLOBALPAY_US,USD,21000.02,0.00,0.00,21000.02
2025-02-08,CUST-0005,GLOBALPAY_US,USD,79107.96,0.00,0.00,79107.96
2025-02-08,CUST-0006,GLOBALPAY_US,USD,52553.37,0.00,0.00,52553.37
2025-02-08,CUST-0007,GLOBALPAY_US,USD,108641.51,0.00,0.00,108641.51
2025-02-08,CUST-0008,GLOBALPAY_US,USD,13506.19,0.00,0.00,13506.19
2025-02-08,CUST-0009,GLOBALPAY_US,USD,70429.26,0.00,0.00,70429.26
2025-02-08,CUST-0010,GLOBALPAY_US,USD,46900.48,0.00,0.00,46900.48
2025-02-08,CUST-0011,GLOBALPAY_US,USD,24878.17,0.00,0.00,24878.17
2025-02-08,CUST-0012,GLOBALPAY_US,USD,101515.44,0.00,0.00,101515.44
2025-02-08,CUST-0013,GLOBALPAY_US,USD,169329.59,0.00,0.00,169329.59
2025-02-08,CUST-0014,GLOBALPAY_US,USD,206799.61,0.00,0.00,206799.61
2025-02-08,CUST-0015,GLOBALPAY_US,USD,267570.65,0.00,0.00,267570.65
2025-02-08,CUST-0016,GLOBALPAY_US,USD,129316.22,0.00,0.00,129316.22
2025-02-08,CUST-0017,GLOBALPAY_US,USD,182620.26,0.00,0.00,182620.26
2025-02-08,CUST-0018,GLOBALPAY_US,USD,141719.19,0.00,0.00,141719.19
2025-02-08,CUST-0019,GLOBALPAY_US,USD,49114.29,0.00,0.00,49114.29
2025-02-08,CUST-0020,GLOBALPAY_US,USD,78747.41,0.00,0.00,78747.41
2025-02-08,CUST-0021,GLOBALPAY_US,USD,109781.16,0.00,0.00,109781.16
2025-02-08,CUST-0022,GLOBALPAY_US,USD,187209.98,0.00,0.00,187209.98
2025-02-08,CUST-0023,GLOBALPAY_US,USD,72037.91,0.00,0.00,72037.91
2025-02-08,CUST-0024,GLOBALPAY_US,USD,121731.50,0.00,0.00,121731.50
2025-02-08,CUST-0025,GLOBALPAY_US,USD,230543.15,0.00,0.00,230543.15
2025-02-09,CUST-0001,GLOBALPAY_US,USD,115972.98,0.00,0.00,115972.98
2025-02-09,CUST-0002,GLOBALPAY_US,USD,118241.14,0.00,0.00,118241.14
2025-02-09,CUST-0003,GLOBALPAY_US,USD,289214.40,0.00,0.00,289214.40
2025-02-09,CUST-0004,GLOBALPAY_US,USD,21000.02,0.00,0.00,21000.02
2025-02-09,CUST-0005,GLOBALPAY_US,USD,79107.96,0.00,0.00,79107.96
2025-02-09,CUST-0006,GLOBALPAY_US,USD,52553.37,0.00,0.00,52553.37
2025-02-09,CUST-0007,GLOBALPAY_US,USD,108641.51,0.00,0.00,108641.51
2025-02-09,CUST-0008,GLOBALPAY_US,USD,13506.19,0.00,0.00,13506.19
2025-02-09,CUST-0009,GLOBALPAY_US,USD,70429.26,0.00,0.00,70429.26
2025-02-09,CUST-0010,GLOBALPAY_US,USD,46900.48,0.00,0.00,46900.48
2025-02-09,CUST-0011,GLOBALPAY_US,USD,24878.17,0.00,0.00,24878.17
2025-02-09,CUST-0012,GLOBALPAY_US,USD,101515.44,0.00,0.00,101515.44
2025-02-09,CUST-0013,GLOBALPAY_US,USD,169329.59,0.00,0.00,169329.59
2025-02-09,CUST-0014,GLOBALPAY_US,USD,206799.61,0.00,0.00,206799.61
2025-02-09,CUST-0015,GLOBALPAY_US,USD,267570.65,0.00,0.00,267570.65
2025-02-09,CUST-0016,GLOBALPAY_US,USD,129316.22,0.00,0.00,129316.22
2025-02-09,CUST-0017,GLOBALPAY_US,USD,182620.26,0.00,0.00,182620.26
2025-02-09,CUST-0018,GLOBALPAY_US,USD,141719.19,0.00,0.00,141719.19
2025-02-09,CUST-0019,GLOBALPAY_US,USD,49114.29,0.00,0.00,49114.29
2025-02-09,CUST-0020,GLOBALPAY_US,USD,78747.41,0.00,0.00,78747.41
2025-02-09,CUST-0021,GLOBALPAY_US,USD,109781.16,0.00,0.00,109781.16
2025-02-09,CUST-0022,GLOBALPAY_US,USD,187209.98,0.00,0.00,187209.98
2025-02-09,CUST-0023,GLOBALPAY_US,USD,72037.91,0.00,0.00,72037.91
2025-02-09,CUST-0024,GLOBALPAY_US,USD,121731.50,0.00,0.00,121731.50
2025-02-09,CUST-0025,GLOBALPAY_US,USD,230543.15,0.00,0.00,230543.15
2025-02-10,CUST-0001,GLOBALPAY_US,USD,115972.98,0.00,3842.73,112130.25
2025-02-10,CUST-0002,GLOBALPAY_US,USD,118241.14,0.00,0.00,118241.14
2025-02-10,CUST-0003,GLOBALPAY_US,USD,289214.40,0.00,4402.66,284811.74
2025-02-10,CUST-0004,GLOBALPAY_US,USD,21000.02,0.00,0.00,21000.02
2025-02-10,CUST-0005,GLOBALPAY_US,USD,79107.96,0.00,0.00,79107.96
2025-02-10,CUST-0006,GLOBALPAY_US,USD,52553.37,0.00,4861.14,47692.23
2025-02-10,CUST-0007,GLOBALPAY_US,USD,108641.51,0.00,2871.07,105770.44
2025-02-10,CUST-0008,GLOBALPAY_US,USD,13506.19,0.00,0.00,13506.19
2025-02-10,CUST-0009,GLOBALPAY_US,USD,70429.26,0.00,3149.92,67279.34
2025-02-10,CUST-0010,GLOBALPAY_US,USD,46900.48,0.00,11409.67,35490.81
2025-02-10,CUST-0011,GLOBALPAY_US,USD,24878.17,0.00,18901.73,5976.44
2025-02-10,CUST-0012,GLOBALPAY_US,USD,101515.44,0.00,0.00,101515.44
2025-02-10,CUST-0013,GLOBALPAY_US,USD,169329.59,0.00,0.00,169329.59
2025-02-10,CUST-0014,GLOBALPAY_US,USD,206799.61,0.00,0.00,206799.61
2025-02-10,CUST-0015,GLOBALPAY_US,USD,267570.65,0.00,809.06,266761.59
2025-02-10,CUST-0016,GLOBALPAY_US,USD,129316.22,0.00,0.00,129316.22
2025-02-10,CUST-0017,GLOBALPAY_US,USD,182620.26,0.00,5187.82,177432.44
2025-02-10,CUST-0018,GLOBALPAY_US,USD,141719.19,0.00,0.00,141719.19
2025-02-10,CUST-0019,GLOBALPAY_US,USD,49114.29,0.00,4213.57,44900.72
2025-02-10,CUST-0020,GLOBALPAY_US,USD,78747.41,0.00,11556.26,67191.15
2025-02-10,CUST-0021,GLOBALPAY_US,USD,109781.16,0.00,0.00,109781.16
2025-02-10,CUST-0022,GLOBALPAY_US,USD,187209.98,0.00,0.00,187209.98
2025-02-10,CUST-0023,GLOBALPAY_US,USD,72037.91,0.00,0.00,72037.91
2025-02-10,CUST-0024,GLOBALPAY_US,USD,121731.50,0.00,0.00,121731.50
2025-02-10,CUST-0025,GLOBALPAY_US,USD,230543.15,0.00,0.00,230543.15
2025-02-11,CUST-0001,GLOBALPAY_US,USD,112130.25,0.00,24560.59,87569.66
2025-02-11,CUST-0002,GLOBALPAY_US,USD,118241.14,0.00,3865.10,114376.04
2025-02-11,CUST-0003,GLOBALPAY_US,USD,284811.74,0.00,3695.82,281115.92
2025-02-11,CUST-0004,GLOBALPAY_US,USD,21000.02,0.00,0.00,21000.02
2025-02-11,CUST-0005,GLOBALPAY_US,USD,79107.96,0.00,0.00,79107.96
2025-02-11,CUST-0006,GLOBALPAY_US,USD,47692.23,0.00,0.00,47692.23
2025-02-11,CUST-0007,GLOBALPAY_US,USD,105770.44,51654.15,0.00,157424.59
2025-02-11,CUST-0008,GLOBALPAY_US,USD,13506.19,0.00,0.00,13506.19
2025-02-11,CUST-0009,GLOBALPAY_US,USD,67279.34,0.00,0.00,67279.34
2025-02-11,CUST-0010,GLOBALPAY_US,USD,35490.81,0.00,0.00,35490.81
2025-02-11,CUST-0011,GLOBALPAY_US,USD,5976.44,0.00,0.00,5976.44
2025-02-11,CUST-0012,GLOBALPAY_US,USD,101515.44,0.00,0.00,101515.44
2025-02-11,CUST-0013,GLOBALPAY_US,USD,169329.59,0.00,0.00,169329.59
2025-02-11,CUST-0014,GLOBALPAY_US,USD,206799.61,0.00,0.00,206799.61
2025-02-11,CUST-0015,GLOBALPAY_US,USD,266761.59,0.00,0.00,266761.59
2025-02-11,CUST-0016,GLOBALPAY_US,USD,129316.22,0.00,0.00,129316.22
2025-02-11,CUST-0017,GLOBALPAY_US,USD,177432.44,0.00,0.00,177432.44
2025-02-11,CUST-0018,GLOBALPAY_US,USD,141719.19,0.00,0.00,141719.19
2025-02-11,CUST-0019,GLOBALPAY_US,USD,44900.72,0.00,0.00,44900.72
2025-02-11,CUST-0020,GLOBALPAY_US,USD,67191.15,0.00,0.00,67191.15
2025-02-11,CUST-0021,GLOBALPAY_US,USD,109781.16,0.00,0.00,109781.16
2025-02-11,CUST-0022,GLOBALPAY_US,USD,187209.98,0.00,0.00,187209.98
2025-02-11,CUST-0023,GLOBALPAY_US,USD,72037.91,0.00,0.00,72037.91
2025-02-11,CUST-0024,GLOBALPAY_US,USD,121731.50,0.00,0.00,121731.50
2025-02-11,CUST-0025,GLOBALPAY_US,USD,230543.15,0.00,2535.71,228007.44
2025-02-12,CUST-0001,GLOBALPAY_US,USD,87569.66,50988.55,1987.85,136570.36
2025-02-12,CUST-0002,GLOBALPAY_US,USD,114376.04,0.00,4271.32,110104.72
2025-02-12,CUST-0003,GLOBALPAY_US,USD,281115.92,0.00,0.00,281115.92
2025-02-12,CUST-0004,GLOBALPAY_US,USD,21000.02,0.00,0.00,21000.02
2025-02-12,CUST-0005,GLOBALPAY_US,USD,79107.96,11063.77,11893.18,78278.55
2025-02-12,CUST-0006,GLOBALPAY_US,USD,47692.23,0.00,0.00,47692.23
2025-02-12,CUST-0007,GLOBALPAY_US,USD,157424.59,0.00,1486.33,155938.26
2025-02-12,CUST-0008,GLOBALPAY_US,USD,13506.19,0.00,0.00,13506.19
2025-02-12,CUST-0009,GLOBALPAY_US,USD,67279.34,0.00,0.00,67279.34
2025-02-12,CUST-0010,GLOBALPAY_US,USD,35490.81,0.00,0.00,35490.81
2025-02-12,CUST-0011,GLOBALPAY_US,USD,5976.44,0.00,0.00,5976.44
2025-02-12,CUST-0012,GLOBALPAY_US,USD,101515.44,0.00,0.00,101515.44
2025-02-12,CUST-0013,GLOBALPAY_US,USD,169329.59,0.00,0.00,169329.59
2025-02-12,CUST-0014,GLOBALPAY_US,USD,206799.61,29270.39,0.00,236070.00
2025-02-12,CUST-0015,GLOBALPAY_US,USD,266761.59,0.00,0.00,266761.59
2025-02-12,CUST-0016,GLOBALPAY_US,USD,129316.22,13672.11,0.00,142988.33
2025-02-12,CUST-0017,GLOBALPAY_US,USD,177432.44,0.00,0.00,177432.44
2025-02-12,CUST-0018,GLOBALPAY_US,USD,141719.19,0.00,50417.21,91301.98
2025-02-12,CUST-0019,GLOBALPAY_US,USD,44900.72,0.00,0.00,44900.72
2025-02-12,CUST-0020,GLOBALPAY_US,USD,67191.15,0.00,0.00,67191.15
2025-02-12,CUST-0021,GLOBALPAY_US,USD,109781.16,0.00,0.00,109781.16
2025-02-12,CUST-0022,GLOBALPAY_US,USD,187209.98,0.00,0.00,187209.98
2025-02-12,CUST-0023,GLOBALPAY_US,USD,72037.91,0.00,0.00,72037.91
2025-02-12,CUST-0024,GLOBALPAY_US,USD,121731.50,0.00,0.00,121731.50
2025-02-12,CUST-0025,GLOBALPAY_US,USD,228007.44,0.00,0.00,228007.44
2025-02-13,CUST-0001,GLOBALPAY_US,USD,136570.36,0.00,0.00,136570.36
2025-02-13,CUST-0002,GLOBALPAY_US,USD,110104.72,0.00,0.00,110104.72
2025-02-13,CUST-0003,GLOBALPAY_US,USD,281115.92,0.00,0.00,281115.92
2025-02-13,CUST-0004,GLOBALPAY_US,USD,21000.02,0.00,0.00,21000.02
2025-02-13,CUST-0005,GLOBALPAY_US,USD,78278.55,0.00,10010.66,68267.89
2025-02-13,CUST-0006,GLOBALPAY_US,USD,47692.23,0.00,0.00,47692.23
2025-02-13,CUST-0007,GLOBALPAY_US,USD,155938.26,0.00,0.00,155938.26
2025-02-13,CUST-0008,GLOBALPAY_US,USD,13506.19,0.00,3045.56,10460.63
2025-02-13,CUST-0009,GLOBALPAY_US,USD,67279.34,0.00,1073.75,66205.59
2025-02-13,CUST-0010,GLOBALPAY_US,USD,35490.81,0.00,10156.92,25333.89
2025-02-13,CUST-0011,GLOBALPAY_US,USD,5976.44,0.00,0.00,5976.44
2025-02-13,CUST-0012,GLOBALPAY_US,USD,101515.44,0.00,0.00,101515.44
2025-02-13,CUST-0013,GLOBALPAY_US,USD,169329.59,0.00,0.00,169329.59
2025-02-13,CUST-0014,GLOBALPAY_US,USD,236070.00,0.00,0.00,236070.00
2025-02-13,CUST-0015,GLOBALPAY_US,USD,266761.59,0.00,3178.99,263582.60
2025-02-13,CUST-0016,GLOBALPAY_US,USD,142988.33,0.00,3384.29,139604.04
2025-02-13,CUST-0017,GLOBALPAY_US,USD,177432.44,0.00,1450.33,175982.11
2025-02-13,CUST-0018,GLOBALPAY_US,USD,91301.98,0.00,0.00,91301.98
2025-02-13,CUST-0019,GLOBALPAY_US,USD,44900.72,0.00,0.00,44900.72
2025-02-13,CUST-0020,GLOBALPAY_US,USD,67191.15,0.00,0.00,67191.15
2025-02-13,CUST-0021,GLOBALPAY_US,USD,109781.16,0.00,3808.03,105973.13
2025-02-13,CUST-0022,GLOBALPAY_US,USD,187209.98,0.00,0.00,187209.98
2025-02-13,CUST-0023,GLOBALPAY_US,USD,72037.91,0.00,0.00,72037.91
2025-02-13,CUST-0024,GLOBALPAY_US,USD,121731.50,0.00,0.00,121731.50
2025-02-13,CUST-0025,GLOBALPAY_US,USD,228007.44,0.00,0.00,228007.44
2025-02-14,CUST-0001,GLOBALPAY_US,USD,136570.36,0.00,23084.97,113485.39
2025-02-14,CUST-0002,GLOBALPAY_US,USD,110104.72,0.00,0.00,110104.72
2025-02-14,CUST-0003,GLOBALPAY_US,USD,281115.92,0.00,2539.25,278576.67
2025-02-14,CUST-0004,GLOBALPAY_US,USD,21000.02,0.00,0.00,21000.02
2025-02-14,CUST-0005,GLOBALPAY_US,USD,68267.89,0.00,0.00,68267.89
2025-02-14,CUST-0006,GLOBALPAY_US,USD,47692.23,28340.16,0.00,76032.39
2025-02-14,CUST-0007,GLOBALPAY_US,USD,155938.26,0.00,0.00,155938.26
2025-02-14,CUST-0008,GLOBALPAY_US,USD,10460.63,0.00,0.00,10460.63
2025-02-14,CUST-0009,GLOBALPAY_US,USD,66205.59,0.00,0.00,66205.59
2025-02-14,CUST-0010,GLOBALPAY_US,USD,25333.89,0.00,0.00,25333.89
2025-02-14,CUST-0011,GLOBALPAY_US,USD,5976.44,0.00,0.00,5976.44
2025-02-14,CUST-0012,GLOBALPAY_US,USD,101515.44,0.00,13115.67,88399.77
2025-02-14,CUST-0013,GLOBALPAY_US,USD,169329.59,49773.77,0.00,219103.36
2025-02-14,CUST-0014,GLOBALPAY_US,USD,236070.00,0.00,8178.39,227891.61
2025-02-14,CUST-0015,GLOBALPAY_US,USD,263582.60,0.00,2609.53,260973.07
2025-02-14,CUST-0016,GLOBALPAY_US,USD,139604.04,0.00,0.00,139604.04
2025-02-14,CUST-0017,GLOBALPAY_US,USD,175982.11,0.00,0.00,175982.11
2025-02-14,CUST-0018,GLOBALPAY_US,USD,91301.98,0.00,0.00,91301.98
2025-02-14,CUST-0019,GLOBALPAY_US,USD,44900.72,0.00,2528.73,42371.99
2025-02-14,CUST-0020,GLOBALPAY_US,USD,67191.15,0.00,0.00,67191.15
2025-02-14,CUST-0021,GLOBALPAY_US,USD,105973.13,0.00,13081.62,92891.51
2025-02-14,CUST-0022,GLOBALPAY_US,USD,187209.98,0.00,10017.75,177192.23
2025-02-14,CUST-0023,GLOBALPAY_US,USD,72037.91,0.00,1393.40,70644.51
2025-02-14,CUST-0024,GLOBALPAY_US,USD,121731.50,0.00,6158.49,115573.01
2025-02-14,CUST-0025,GLOBALPAY_US,USD,228007.44,0.00,0.00,228007.44
2025-02-15,CUST-0001,GLOBALPAY_US,USD,113485.39,0.00,0.00,113485.39
2025-02-15,CUST-0002,GLOBALPAY_US,USD,110104.72,0.00,0.00,110104.72
2025-02-15,CUST-0003,GLOBALPAY_US,USD,278576.67,0.00,0.00,278576.67
2025-02-15,CUST-0004,GLOBALPAY_US,USD,21000.02,0.00,0.00,21000.02
2025-02-15,CUST-0005,GLOBALPAY_US,USD,68267.89,0.00,0.00,68267.89
2025-02-15,CUST-0006,GLOBALPAY_US,USD,76032.39,0.00,0.00,76032.39
2025-02-15,CUST-0007,GLOBALPAY_US,USD,155938.26,0.00,0.00,155938.26
2025-02-15,CUST-0008,GLOBALPAY_US,USD,10460.63,0.00,0.00,10460.63
2025-02-15,CUST-0009,GLOBALPAY_US,USD,66205.59,0.00,0.00,66205.59
2025-02-15,CUST-0010,GLOBALPAY_US,USD,25333.89,0.00,0.00,25333.89
2025-02-15,CUST-0011,GLOBALPAY_US,USD,5976.44,0.00,0.00,5976.44
2025-02-15,CUST-0012,GLOBALPAY_US,USD,88399.77,0.00,0.00,88399.77
2025-02-15,CUST-0013,GLOBALPAY_US,USD,219103.36,0.00,0.00,219103.36
2025-02-15,CUST-0014,GLOBALPAY_US,USD,227891.61,0.00,0.00,227891.61
2025-02-15,CUST-0015,GLOBALPAY_US,USD,260973.07,0.00,0.00,260973.07
2025-02-15,CUST-0016,GLOBALPAY_US,USD,139604.04,0.00,0.00,139604.04
2025-02-15,CUST-0017,GLOBALPAY_US,USD,175982.11,0.00,0.00,175982.11
2025-02-15,CUST-0018,GLOBALPAY_US,USD,91301.98,0.00,0.00,91301.98
2025-02-15,CUST-0019,GLOBALPAY_US,USD,42371.99,0.00,0.00,42371.99
2025-02-15,CUST-0020,GLOBALPAY_US,USD,67191.15,0.00,0.00,67191.15
2025-02-15,CUST-0021,GLOBALPAY_US,USD,92891.51,0.00,0.00,92891.51
2025-02-15,CUST-0022,GLOBALPAY_US,USD,177192.23,0.00,0.00,177192.23
2025-02-15,CUST-0023,GLOBALPAY_US,USD,70644.51,0.00,0.00,70644.51
2025-02-15,CUST-0024,GLOBALPAY_US,USD,115573.01,0.00,0.00,115573.01
2025-02-15,CUST-0025,GLOBALPAY_US,USD,228007.44,0.00,0.00,228007.44
2025-02-16,CUST-0001,GLOBALPAY_US,USD,113485.39,0.00,0.00,113485.39
2025-02-16,CUST-0002,GLOBALPAY_US,USD,110104.72,0.00,0.00,110104.72
2025-02-16,CUST-0003,GLOBALPAY_US,USD,278576.67,0.00,0.00,278576.67
2025-02-16,CUST-0004,GLOBALPAY_US,USD,21000.02,0.00,0.00,21000.02
2025-02-16,CUST-0005,GLOBALPAY_US,USD,68267.89,0.00,0.00,68267.89
2025-02-16,CUST-0006,GLOBALPAY_US,USD,76032.39,0.00,0.00,76032.39
2025-02-16,CUST-0007,GLOBALPAY_US,USD,155938.26,0.00,0.00,155938.26
2025-02-16,CUST-0008,GLOBALPAY_US,USD,10460.63,0.00,0.00,10460.63
2025-02-16,CUST-0009,GLOBALPAY_US,USD,66205.59,0.00,0.00,66205.59
2025-02-16,CUST-0010,GLOBALPAY_US,USD,25333.89,0.00,0.00,25333.89
2025-02-16,CUST-0011,GLOBALPAY_US,USD,5976.44,0.00,0.00,5976.44
2025-02-16,CUST-0012,GLOBALPAY_US,USD,88399.77,0.00,0.00,88399.77
2025-02-16,CUST-0013,GLOBALPAY_US,USD,219103.36,0.00,0.00,219103.36
2025-02-16,CUST-0014,GLOBALPAY_US,USD,227891.61,0.00,0.00,227891.61
2025-02-16,CUST-0015,GLOBALPAY_US,USD,260973.07,0.00,0.00,260973.07
2025-02-16,CUST-0016,GLOBALPAY_US,USD,139604.04,0.00,0.00,139604.04
2025-02-16,CUST-0017,GLOBALPAY_US,USD,175982.11,0.00,0.00,175982.11
2025-02-16,CUST-0018,GLOBALPAY_US,USD,91301.98,0.00,0.00,91301.98
2025-02-16,CUST-0019,GLOBALPAY_US,USD,42371.99,0.00,0.00,42371.99
2025-02-16,CUST-0020,GLOBALPAY_US,USD,67191.15,0.00,0.00,67191.15
2025-02-16,CUST-0021,GLOBALPAY_US,USD,92891.51,0.00,0.00,92891.51
2025-02-16,CUST-0022,GLOBALPAY_US,USD,177192.23,0.00,0.00,177192.23
2025-02-16,CUST-0023,GLOBALPAY_US,USD,70644.51,0.00,0.00,70644.51
2025-02-16,CUST-0024,GLOBALPAY_US,USD,115573.01,0.00,0.00,115573.01
2025-02-16,CUST-0025,GLOBALPAY_US,USD,228007.44,0.00,0.00,228007.44
2025-02-17,CUST-0001,GLOBALPAY_US,USD,113485.39,0.00,0.00,113485.39
2025-02-17,CUST-0002,GLOBALPAY_US,USD,110104.72,0.00,0.00,110104.72
2025-02-17,CUST-0003,GLOBALPAY_US,USD,278576.67,0.00,0.00,278576.67
2025-02-17,CUST-0004,GLOBALPAY_US,USD,21000.02,0.00,0.00,21000.02
2025-02-17,CUST-0005,GLOBALPAY_US,USD,68267.89,0.00,0.00,68267.89
2025-02-17,CUST-0006,GLOBALPAY_US,USD,76032.39,0.00,0.00,76032.39
2025-02-17,CUST-0007,GLOBALPAY_US,USD,155938.26,0.00,0.00,155938.26
2025-02-17,CUST-0008,GLOBALPAY_US,USD,10460.63,0.00,0.00,10460.63
2025-02-17,CUST-0009,GLOBALPAY_US,USD,66205.59,0.00,0.00,66205.59
2025-02-17,CUST-0010,GLOBALPAY_US,USD,25333.89,0.00,0.00,25333.89
2025-02-17,CUST-0011,GLOBALPAY_US,USD,5976.44,0.00,0.00,5976.44
2025-02-17,CUST-0012,GLOBALPAY_US,USD,88399.77,0.00,0.00,88399.77
2025-02-17,CUST-0013,GLOBALPAY_US,USD,219103.36,0.00,0.00,219103.36
2025-02-17,CUST-0014,GLOBALPAY_US,USD,227891.61,0.00,0.00,227891.61
2025-02-17,CUST-0015,GLOBALPAY_US,USD,260973.07,0.00,0.00,260973.07
2025-02-17,CUST-0016,GLOBALPAY_US,USD,139604.04,0.00,0.00,139604.04
2025-02-17,CUST-0017,GLOBALPAY_US,USD,175982.11,0.00,0.00,175982.11
2025-02-17,CUST-0018,GLOBALPAY_US,USD,91301.98,0.00,0.00,91301.98
2025-02-17,CUST-0019,GLOBALPAY_US,USD,42371.99,0.00,0.00,42371.99
2025-02-17,CUST-0020,GLOBALPAY_US,USD,67191.15,0.00,0.00,67191.15
2025-02-17,CUST-0021,GLOBALPAY_US,USD,92891.51,0.00,0.00,92891.51
2025-02-17,CUST-0022,GLOBALPAY_US,USD,177192.23,0.00,0.00,177192.23
2025-02-17,CUST-0023,GLOBALPAY_US,USD,70644.51,0.00,0.00,70644.51
2025-02-17,CUST-0024,GLOBALPAY_US,USD,115573.01,0.00,0.00,115573.01
2025-02-17,CUST-0025,GLOBALPAY_US,USD,228007.44,0.00,0.00,228007.44
2025-02-18,CUST-0001,GLOBALPAY_US,USD,113485.39,0.00,0.00,113485.39
2025-02-18,CUST-0002,GLOBALPAY_US,USD,110104.72,0.00,0.00,110104.72
2025-02-18,CUST-0003,GLOBALPAY_US,USD,278576.67,0.00,2418.81,276157.86
2025-02-18,CUST-0004,GLOBALPAY_US,USD,21000.02,0.00,13678.92,7321.10
2025-02-18,CUST-0005,GLOBALPAY_US,USD,68267.89,0.00,0.00,68267.89
2025-02-18,CUST-0006,GLOBALPAY_US,USD,76032.39,0.00,0.00,76032.39
2025-02-18,CUST-0007,GLOBALPAY_US,USD,155938.26,0.00,7181.65,148756.61
2025-02-18,CUST-0008,GLOBALPAY_US,USD,10460.63,50848.03,0.00,61308.66
2025-02-18,CUST-0009,GLOBALPAY_US,USD,66205.59,0.00,3004.97,63200.62
2025-02-18,CUST-0010,GLOBALPAY_US,USD,25333.89,0.00,9404.37,15929.52
2025-02-18,CUST-0011,GLOBALPAY_US,USD,5976.44,0.00,1747.20,4229.24
2025-02-18,CUST-0012,GLOBALPAY_US,USD,88399.77,0.00,0.00,88399.77
2025-02-18,CUST-0013,GLOBALPAY_US,USD,219103.36,0.00,10212.84,208890.52
2025-02-18,CUST-0014,GLOBALPAY_US,USD,227891.61,0.00,0.00,227891.61
2025-02-18,CUST-0015,GLOBALPAY_US,USD,260973.07,0.00,0.00,260973.07
2025-02-18,CUST-0016,GLOBALPAY_US,USD,139604.04,0.00,0.00,139604.04
2025-02-18,CUST-0017,GLOBALPAY_US,USD,175982.11,0.00,0.00,175982.11
2025-02-18,CUST-0018,GLOBALPAY_US,USD,91301.98,0.00,1745.87,89556.11
2025-02-18,CUST-0019,GLOBALPAY_US,USD,42371.99,0.00,0.00,42371.99
2025-02-18,CUST-0020,GLOBALPAY_US,USD,67191.15,0.00,13727.00,53464.15
2025-02-18,CUST-0021,GLOBALPAY_US,USD,92891.51,0.00,2525.49,90366.02
2025-02-18,CUST-0022,GLOBALPAY_US,USD,177192.23,0.00,1240.45,175951.78
2025-02-18,CUST-0023,GLOBALPAY_US,USD,70644.51,0.00,0.00,70644.51
2025-02-18,CUST-0024,GLOBALPAY_US,USD,115573.01,0.00,10568.92,105004.09
2025-02-18,CUST-0025,GLOBALPAY_US,USD,228007.44,0.00,0.00,228007.44
2025-02-19,CUST-0001,GLOBALPAY_US,USD,113485.39,0.00,24264.49,89220.90
2025-02-19,CUST-0002,GLOBALPAY_US,USD,110104.72,0.00,0.00,110104.72
2025-02-19,CUST-0003,GLOBALPAY_US,USD,276157.86,0.00,33049.25,243108.61
2025-02-19,CUST-0004,GLOBALPAY_US,USD,7321.10,40363.04,16112.19,31571.95
2025-02-19,CUST-0005,GLOBALPAY_US,USD,68267.89,0.00,0.00,68267.89
2025-02-19,CUST-0006,GLOBALPAY_US,USD,76032.39,0.00,787.58,75244.81
2025-02-19,CUST-0007,GLOBALPAY_US,USD,148756.61,0.00,0.00,148756.61
2025-02-19,CUST-0008,GLOBALPAY_US,USD,61308.66,0.00,0.00,61308.66
2025-02-19,CUST-0009,GLOBALPAY_US,USD,63200.62,0.00,0.00,63200.62
2025-02-19,CUST-0010,GLOBALPAY_US,USD,15929.52,0.00,4194.20,11735.32
2025-02-19,CUST-0011,GLOBALPAY_US,USD,4229.24,0.00,0.00,4229.24
2025-02-19,CUST-0012,GLOBALPAY_US,USD,88399.77,0.00,0.00,88399.77
2025-02-19,CUST-0013,GLOBALPAY_US,USD,208890.52,0.00,0.00,208890.52
2025-02-19,CUST-0014,GLOBALPAY_US,USD,227891.61,0.00,0.00,227891.61
2025-02-19,CUST-0015,GLOBALPAY_US,USD,260973.07,0.00,0.00,260973.07
2025-02-19,CUST-0016,GLOBALPAY_US,USD,139604.04,0.00,5502.99,134101.05
2025-02-19,CUST-0017,GLOBALPAY_US,USD,175982.11,0.00,0.00,175982.11
2025-02-19,CUST-0018,GLOBALPAY_US,USD,89556.11,0.00,0.00,89556.11
2025-02-19,CUST-0019,GLOBALPAY_US,USD,42371.99,0.00,0.00,42371.99
2025-02-19,CUST-0020,GLOBALPAY_US,USD,53464.15,40712.67,0.00,94176.82
2025-02-19,CUST-0021,GLOBALPAY_US,USD,90366.02,20763.42,0.00,111129.44
2025-02-19,CUST-0022,GLOBALPAY_US,USD,175951.78,0.00,3025.16,172926.62
2025-02-19,CUST-0023,GLOBALPAY_US,USD,70644.51,0.00,0.00,70644.51
2025-02-19,CUST-0024,GLOBALPAY_US,USD,105004.09,0.00,0.00,105004.09
2025-02-19,CUST-0025,GLOBALPAY_US,USD,228007.44,0.00,0.00,228007.44
2025-02-20,CUST-0001,GLOBALPAY_US,USD,89220.90,0.00,0.00,89220.90
2025-02-20,CUST-0002,GLOBALPAY_US,USD,110104.72,0.00,0.00,110104.72
2025-02-20,CUST-0003,GLOBALPAY_US,USD,243108.61,0.00,2262.52,240846.09
2025-02-20,CUST-0004,GLOBALPAY_US,USD,31571.95,0.00,0.00,31571.95
2025-02-20,CUST-0005,GLOBALPAY_US,USD,68267.89,0.00,0.00,68267.89
2025-02-20,CUST-0006,GLOBALPAY_US,USD,75244.81,0.00,0.00,75244.81
2025-02-20,CUST-0007,GLOBALPAY_US,USD,148756.61,0.00,0.00,148756.61
2025-02-20,CUST-0008,GLOBALPAY_US,USD,61308.66,0.00,0.00,61308.66
2025-02-20,CUST-0009,GLOBALPAY_US,USD,63200.62,43528.27,0.00,106728.89
2025-02-20,CUST-0010,GLOBALPAY_US,USD,11735.32,0.00,8112.19,3623.13
2025-02-20,CUST-0011,GLOBALPAY_US,USD,4229.24,0.00,0.00,4229.24
2025-02-20,CUST-0012,GLOBALPAY_US,USD,88399.77,0.00,0.00,88399.77
2025-02-20,CUST-0013,GLOBALPAY_US,USD,208890.52,0.00,14122.12,194768.40
2025-02-20,CUST-0014,GLOBALPAY_US,USD,227891.61,57805.54,0.00,285697.15
2025-02-20,CUST-0015,GLOBALPAY_US,USD,260973.07,0.00,0.00,260973.07
2025-02-20,CUST-0016,GLOBALPAY_US,USD,134101.05,0.00,0.00,134101.05
2025-02-20,CUST-0017,GLOBALPAY_US,USD,175982.11,0.00,0.00,175982.11
2025-02-20,CUST-0018,GLOBALPAY_US,USD,89556.11,0.00,0.00,89556.11
2025-02-20,CUST-0019,GLOBALPAY_US,USD,42371.99,0.00,0.00,42371.99
2025-02-20,CUST-0020,GLOBALPAY_US,USD,94176.82,0.00,0.00,94176.82
2025-02-20,CUST-0021,GLOBALPAY_US,USD,111129.44,0.00,2027.90,109101.54
2025-02-20,CUST-0022,GLOBALPAY_US,USD,172926.62,0.00,0.00,172926.62
2025-02-20,CUST-0023,GLOBALPAY_US,USD,70644.51,0.00,3702.55,66941.96
2025-02-20,CUST-0024,GLOBALPAY_US,USD,105004.09,0.00,7736.52,97267.57
2025-02-20,CUST-0025,GLOBALPAY_US,USD,228007.44,0.00,0.00,228007.44
2025-02-21,CUST-0001,GLOBALPAY_US,USD,89220.90,0.00,0.00,89220.90
2025-02-21,CUST-0002,GLOBALPAY_US,USD,110104.72,0.00,0.00,110104.72
2025-02-21,CUST-0003,GLOBALPAY_US,USD,240846.09,0.00,0.00,240846.09
2025-02-21,CUST-0004,GLOBALPAY_US,USD,31571.95,0.00,0.00,31571.95
2025-02-21,CUST-0005,GLOBALPAY_US,USD,68267.89,0.00,10074.44,58193.45
2025-02-21,CUST-0006,GLOBALPAY_US,USD,75244.81,0.00,0.00,75244.81
2025-02-21,CUST-0007,GLOBALPAY_US,USD,148756.61,0.00,0.00,148756.61
2025-02-21,CUST-0008,GLOBALPAY_US,USD,61308.66,0.00,4236.93,57071.73
2025-02-21,CUST-0009,GLOBALPAY_US,USD,106728.89,0.00,0.00,106728.89
2025-02-21,CUST-0010,GLOBALPAY_US,USD,3623.13,0.00,0.00,3623.13
2025-02-21,CUST-0011,GLOBALPAY_US,USD,4229.24,0.00,0.00,4229.24
2025-02-21,CUST-0012,GLOBALPAY_US,USD,88399.77,0.00,0.00,88399.77
2025-02-21,CUST-0013,GLOBALPAY_US,USD,194768.40,0.00,0.00,194768.40
2025-02-21,CUST-0014,GLOBALPAY_US,USD,285697.15,0.00,0.00,285697.15
2025-02-21,CUST-0015,GLOBALPAY_US,USD,260973.07,0.00,0.00,260973.07
2025-02-21,CUST-0016,GLOBALPAY_US,USD,134101.05,0.00,11535.38,122565.67
2025-02-21,CUST-0017,GLOBALPAY_US,USD,175982.11,0.00,0.00,175982.11
2025-02-21,CUST-0018,GLOBALPAY_US,USD,89556.11,0.00,14458.49,75097.62
2025-02-21,CUST-0019,GLOBALPAY_US,USD,42371.99,0.00,0.00,42371.99
2025-02-21,CUST-0020,GLOBALPAY_US,USD,94176.82,0.00,0.00,94176.82
2025-02-21,CUST-0021,GLOBALPAY_US,USD,109101.54,0.00,0.00,109101.54
2025-02-21,CUST-0022,GLOBALPAY_US,USD,172926.62,0.00,11263.94,161662.68
2025-02-21,CUST-0023,GLOBALPAY_US,USD,66941.96,0.00,0.00,66941.96
2025-02-21,CUST-0024,GLOBALPAY_US,USD,97267.57,0.00,4882.42,92385.15
2025-02-21,CUST-0025,GLOBALPAY_US,USD,228007.44,0.00,5262.18,222745.26
2025-02-22,CUST-0001,GLOBALPAY_US,USD,89220.90,0.00,0.00,89220.90
2025-02-22,CUST-0002,GLOBALPAY_US,USD,110104.72,0.00,0.00,110104.72
2025-02-22,CUST-0003,GLOBALPAY_US,USD,240846.09,0.00,0.00,240846.09
2025-02-22,CUST-0004,GLOBALPAY_US,USD,31571.95,0.00,0.00,31571.95
2025-02-22,CUST-0005,GLOBALPAY_US,USD,58193.45,0.00,0.00,58193.45
2025-02-22,CUST-0006,GLOBALPAY_US,USD,75244.81,0.00,0.00,75244.81
2025-02-22,CUST-0007,GLOBALPAY_US,USD,148756.61,0.00,0.00,148756.61
2025-02-22,CUST-0008,GLOBALPAY_US,USD,57071.73,0.00,0.00,57071.73
2025-02-22,CUST-0009,GLOBALPAY_US,USD,106728.89,0.00,0.00,106728.89
2025-02-22,CUST-0010,GLOBALPAY_US,USD,3623.13,0.00,0.00,3623.13
2025-02-22,CUST-0011,GLOBALPAY_US,USD,4229.24,0.00,0.00,4229.24
2025-02-22,CUST-0012,GLOBALPAY_US,USD,88399.77,0.00,0.00,88399.77
2025-02-22,CUST-0013,GLOBALPAY_US,USD,194768.40,0.00,0.00,194768.40
2025-02-22,CUST-0014,GLOBALPAY_US,USD,285697.15,0.00,0.00,285697.15
2025-02-22,CUST-0015,GLOBALPAY_US,USD,260973.07,0.00,0.00,260973.07
2025-02-22,CUST-0016,GLOBALPAY_US,USD,122565.67,0.00,0.00,122565.67
2025-02-22,CUST-0017,GLOBALPAY_US,USD,175982.11,0.00,0.00,175982.11
2025-02-22,CUST-0018,GLOBALPAY_US,USD,75097.62,0.00,0.00,75097.62
2025-02-22,CUST-0019,GLOBALPAY_US,USD,42371.99,0.00,0.00,42371.99
2025-02-22,CUST-0020,GLOBALPAY_US,USD,94176.82,0.00,0.00,94176.82
2025-02-22,CUST-0021,GLOBALPAY_US,USD,109101.54,0.00,0.00,109101.54
2025-02-22,CUST-0022,GLOBALPAY_US,USD,161662.68,0.00,0.00,161662.68
2025-02-22,CUST-0023,GLOBALPAY_US,USD,66941.96,0.00,0.00,66941.96
2025-02-22,CUST-0024,GLOBALPAY_US,USD,92385.15,0.00,0.00,92385.15
2025-02-22,CUST-0025,GLOBALPAY_US,USD,222745.26,0.00,0.00,222745.26
2025-02-23,CUST-0001,GLOBALPAY_US,USD,89220.90,0.00,0.00,89220.90
2025-02-23,CUST-0002,GLOBALPAY_US,USD,110104.72,0.00,0.00,110104.72
2025-02-23,CUST-0003,GLOBALPAY_US,USD,240846.09,0.00,0.00,240846.09
2025-02-23,CUST-0004,GLOBALPAY_US,USD,31571.95,0.00,0.00,31571.95
2025-02-23,CUST-0005,GLOBALPAY_US,USD,58193.45,0.00,0.00,58193.45
2025-02-23,CUST-0006,GLOBALPAY_US,USD,75244.81,0.00,0.00,75244.81
2025-02-23,CUST-0007,GLOBALPAY_US,USD,148756.61,0.00,0.00,148756.61
2025-02-23,CUST-0008,GLOBALPAY_US,USD,57071.73,0.00,0.00,57071.73
2025-02-23,CUST-0009,GLOBALPAY_US,USD,106728.89,0.00,0.00,106728.89
2025-02-23,CUST-0010,GLOBALPAY_US,USD,3623.13,0.00,0.00,3623.13
2025-02-23,CUST-0011,GLOBALPAY_US,USD,4229.24,0.00,0.00,4229.24
2025-02-23,CUST-0012,GLOBALPAY_US,USD,88399.77,0.00,0.00,88399.77
2025-02-23,CUST-0013,GLOBALPAY_US,USD,194768.40,0.00,0.00,194768.40
2025-02-23,CUST-0014,GLOBALPAY_US,USD,285697.15,0.00,0.00,285697.15
2025-02-23,CUST-0015,GLOBALPAY_US,USD,260973.07,0.00,0.00,260973.07
2025-02-23,CUST-0016,GLOBALPAY_US,USD,122565.67,0.00,0.00,122565.67
2025-02-23,CUST-0017,GLOBALPAY_US,USD,175982.11,0.00,0.00,175982.11
2025-02-23,CUST-0018,GLOBALPAY_US,USD,75097.62,0.00,0.00,75097.62
2025-02-23,CUST-0019,GLOBALPAY_US,USD,42371.99,0.00,0.00,42371.99
2025-02-23,CUST-0020,GLOBALPAY_US,USD,94176.82,0.00,0.00,94176.82
2025-02-23,CUST-0021,GLOBALPAY_US,USD,109101.54,0.00,0.00,109101.54
2025-02-23,CUST-0022,GLOBALPAY_US,USD,161662.68,0.00,0.00,161662.68
2025-02-23,CUST-0023,GLOBALPAY_US,USD,66941.96,0.00,0.00,66941.96
2025-02-23,CUST-0024,GLOBALPAY_US,USD,92385.15,0.00,0.00,92385.15
2025-02-23,CUST-0025,GLOBALPAY_US,USD,222745.26,0.00,0.00,222745.26
2025-02-24,CUST-0001,GLOBALPAY_US,USD,89220.90,0.00,0.00,89220.90
2025-02-24,CUST-0002,GLOBALPAY_US,USD,110104.72,0.00,4404.78,105699.94
2025-02-24,CUST-0003,GLOBALPAY_US,USD,240846.09,13503.22,0.00,254349.31
2025-02-24,CUST-0004,GLOBALPAY_US,USD,31571.95,0.00,10873.95,20698.00
2025-02-24,CUST-0005,GLOBALPAY_US,USD,58193.45,0.00,0.00,58193.45
2025-02-24,CUST-0006,GLOBALPAY_US,USD,75244.81,0.00,0.00,75244.81
2025-02-24,CUST-0007,GLOBALPAY_US,USD,148756.61,0.00,0.00,148756.61
2025-02-24,CUST-0008,GLOBALPAY_US,USD,57071.73,0.00,0.00,57071.73
2025-02-24,CUST-0009,GLOBALPAY_US,USD,106728.89,59707.02,2055.80,164380.11
2025-02-24,CUST-0010,GLOBALPAY_US,USD,3623.13,0.00,2496.17,1126.96
2025-02-24,CUST-0011,GLOBALPAY_US,USD,4229.24,0.00,0.00,4229.24
2025-02-24,CUST-0012,GLOBALPAY_US,USD,88399.77,0.00,0.00,88399.77
2025-02-24,CUST-0013,GLOBALPAY_US,USD,194768.40,38670.89,6096.10,227343.19
2025-02-24,CUST-0014,GLOBALPAY_US,USD,285697.15,0.00,0.00,285697.15
2025-02-24,CUST-0015,GLOBALPAY_US,USD,260973.07,0.00,12617.28,248355.79
2025-02-24,CUST-0016,GLOBALPAY_US,USD,122565.67,0.00,0.00,122565.67
2025-02-24,CUST-0017,GLOBALPAY_US,USD,175982.11,0.00,0.00,175982.11
2025-02-24,CUST-0018,GLOBALPAY_US,USD,75097.62,0.00,0.00,75097.62
2025-02-24,CUST-0019,GLOBALPAY_US,USD,42371.99,0.00,0.00,42371.99
2025-02-24,CUST-0020,GLOBALPAY_US,USD,94176.82,0.00,6031.45,88145.37
2025-02-24,CUST-0021,GLOBALPAY_US,USD,109101.54,0.00,0.00,109101.54
2025-02-24,CUST-0022,GLOBALPAY_US,USD,161662.68,0.00,1924.87,159737.81
2025-02-24,CUST-0023,GLOBALPAY_US,USD,66941.96,0.00,0.00,66941.96
2025-02-24,CUST-0024,GLOBALPAY_US,USD,92385.15,0.00,1124.87,91260.28
2025-02-24,CUST-0025,GLOBALPAY_US,USD,222745.26,0.00,0.00,222745.26
2025-02-25,CUST-0001,GLOBALPAY_US,USD,89220.90,0.00,0.00,89220.90
2025-02-25,CUST-0002,GLOBALPAY_US,USD,105699.94,0.00,0.00,105699.94
2025-02-25,CUST-0003,GLOBALPAY_US,USD,254349.31,0.00,0.00,254349.31
2025-02-25,CUST-0004,GLOBALPAY_US,USD,20698.00,0.00,3963.03,16734.97
2025-02-25,CUST-0005,GLOBALPAY_US,USD,58193.45,0.00,0.00,58193.45
2025-02-25,CUST-0006,GLOBALPAY_US,USD,75244.81,0.00,0.00,75244.81
2025-02-25,CUST-0007,GLOBALPAY_US,USD,148756.61,0.00,0.00,148756.61
2025-02-25,CUST-0008,GLOBALPAY_US,USD,57071.73,0.00,6019.44,51052.29
2025-02-25,CUST-0009,GLOBALPAY_US,USD,164380.11,0.00,0.00,164380.11
2025-02-25,CUST-0010,GLOBALPAY_US,USD,1126.96,0.00,0.00,1126.96
2025-02-25,CUST-0011,GLOBALPAY_US,USD,4229.24,0.00,0.00,4229.24
2025-02-25,CUST-0012,GLOBALPAY_US,USD,88399.77,0.00,0.00,88399.77
2025-02-25,CUST-0013,GLOBALPAY_US,USD,227343.19,0.00,0.00,227343.19
2025-02-25,CUST-0014,GLOBALPAY_US,USD,285697.15,0.00,0.00,285697.15
2025-02-25,CUST-0015,GLOBALPAY_US,USD,248355.79,0.00,4973.62,243382.17
2025-02-25,CUST-0016,GLOBALPAY_US,USD,122565.67,0.00,0.00,122565.67
2025-02-25,CUST-0017,GLOBALPAY_US,USD,175982.11,0.00,0.00,175982.11
2025-02-25,CUST-0018,GLOBALPAY_US,USD,75097.62,0.00,0.00,75097.62
2025-02-25,CUST-0019,GLOBALPAY_US,USD,42371.99,0.00,0.00,42371.99
2025-02-25,CUST-0020,GLOBALPAY_US,USD,88145.37,0.00,7013.65,81131.72
2025-02-25,CUST-0021,GLOBALPAY_US,USD,109101.54,0.00,0.00,109101.54
2025-02-25,CUST-0022,GLOBALPAY_US,USD,159737.81,0.00,0.00,159737.81
2025-02-25,CUST-0023,GLOBALPAY_US,USD,66941.96,0.00,0.00,66941.96
2025-02-25,CUST-0024,GLOBALPAY_US,USD,91260.28,0.00,2594.11,88666.17
2025-02-25,CUST-0025,GLOBALPAY_US,USD,222745.26,0.00,0.00,222745.26
2025-02-26,CUST-0001,GLOBALPAY_US,USD,89220.90,0.00,0.00,89220.90
2025-02-26,CUST-0002,GLOBALPAY_US,USD,105699.94,0.00,0.00,105699.94
2025-02-26,CUST-0003,GLOBALPAY_US,USD,254349.31,0.00,0.00,254349.31
2025-02-26,CUST-0004,GLOBALPAY_US,USD,16734.97,0.00,12827.12,3907.85
2025-02-26,CUST-0005,GLOBALPAY_US,USD,58193.45,0.00,0.00,58193.45
2025-02-26,CUST-0006,GLOBALPAY_US,USD,75244.81,0.00,0.00,75244.81
2025-02-26,CUST-0007,GLOBALPAY_US,USD,148756.61,0.00,0.00,148756.61
2025-02-26,CUST-0008,GLOBALPAY_US,USD,51052.29,0.00,0.00,51052.29
2025-02-26,CUST-0009,GLOBALPAY_US,USD,164380.11,0.00,0.00,164380.11
2025-02-26,CUST-0010,GLOBALPAY_US,USD,1126.96,0.00,0.00,1126.96
2025-02-26,CUST-0011,GLOBALPAY_US,USD,4229.24,0.00,0.00,4229.24
2025-02-26,CUST-0012,GLOBALPAY_US,USD,88399.77,0.00,3897.12,84502.65
2025-02-26,CUST-0013,GLOBALPAY_US,USD,227343.19,0.00,0.00,227343.19
2025-02-26,CUST-0014,GLOBALPAY_US,USD,285697.15,0.00,0.00,285697.15
2025-02-26,CUST-0015,GLOBALPAY_US,USD,243382.17,0.00,0.00,243382.17
2025-02-26,CUST-0016,GLOBALPAY_US,USD,122565.67,0.00,3784.82,118780.85
2025-02-26,CUST-0017,GLOBALPAY_US,USD,175982.11,0.00,0.00,175982.11
2025-02-26,CUST-0018,GLOBALPAY_US,USD,75097.62,0.00,0.00,75097.62
2025-02-26,CUST-0019,GLOBALPAY_US,USD,42371.99,0.00,0.00,42371.99
2025-02-26,CUST-0020,GLOBALPAY_US,USD,81131.72,0.00,0.00,81131.72
2025-02-26,CUST-0021,GLOBALPAY_US,USD,109101.54,0.00,0.00,109101.54
2025-02-26,CUST-0022,GLOBALPAY_US,USD,159737.81,0.00,5186.59,154551.22
2025-02-26,CUST-0023,GLOBALPAY_US,USD,66941.96,0.00,0.00,66941.96
2025-02-26,CUST-0024,GLOBALPAY_US,USD,88666.17,0.00,2630.49,86035.68
2025-02-26,CUST-0025,GLOBALPAY_US,USD,222745.26,0.00,0.00,222745.26
2025-02-27,CUST-0001,GLOBALPAY_US,USD,89220.90,0.00,10572.06,78648.84
2025-02-27,CUST-0002,GLOBALPAY_US,USD,105699.94,0.00,0.00,105699.94
2025-02-27,CUST-0003,GLOBALPAY_US,USD,254349.31,0.00,0.00,254349.31
2025-02-27,CUST-0004,GLOBALPAY_US,USD,3907.85,0.00,1783.33,2124.52
2025-02-27,CUST-0005,GLOBALPAY_US,USD,58193.45,0.00,31741.05,26452.40
2025-02-27,CUST-0006,GLOBALPAY_US,USD,75244.81,0.00,3017.11,72227.70
2025-02-27,CUST-0007,GLOBALPAY_US,USD,148756.61,0.00,0.00,148756.61
2025-02-27,CUST-0008,GLOBALPAY_US,USD,51052.29,0.00,0.00,51052.29
2025-02-27,CUST-0009,GLOBALPAY_US,USD,164380.11,0.00,0.00,164380.11
2025-02-27,CUST-0010,GLOBALPAY_US,USD,1126.96,0.00,0.00,1126.96
2025-02-27,CUST-0011,GLOBALPAY_US,USD,4229.24,0.00,0.00,4229.24
2025-02-27,CUST-0012,GLOBALPAY_US,USD,84502.65,0.00,0.00,84502.65
2025-02-27,CUST-0013,GLOBALPAY_US,USD,227343.19,0.00,0.00,227343.19
2025-02-27,CUST-0014,GLOBALPAY_US,USD,285697.15,0.00,0.00,285697.15
2025-02-27,CUST-0015,GLOBALPAY_US,USD,243382.17,0.00,2490.98,240891.19
2025-02-27,CUST-0016,GLOBALPAY_US,USD,118780.85,0.00,0.00,118780.85
2025-02-27,CUST-0017,GLOBALPAY_US,USD,175982.11,0.00,40704.13,135277.98
2025-02-27,CUST-0018,GLOBALPAY_US,USD,75097.62,0.00,2024.91,73072.71
2025-02-27,CUST-0019,GLOBALPAY_US,USD,42371.99,0.00,975.93,41396.06
2025-02-27,CUST-0020,GLOBALPAY_US,USD,81131.72,0.00,54021.88,27109.84
2025-02-27,CUST-0021,GLOBALPAY_US,USD,109101.54,0.00,0.00,109101.54
2025-02-27,CUST-0022,GLOBALPAY_US,USD,154551.22,0.00,0.00,154551.22
2025-02-27,CUST-0023,GLOBALPAY_US,USD,66941.96,0.00,4610.13,62331.83
2025-02-27,CUST-0024,GLOBALPAY_US,USD,86035.68,0.00,7896.43,78139.25
2025-02-27,CUST-0025,GLOBALPAY_US,USD,222745.26,0.00,0.00,222745.26
2025-02-28,CUST-0001,GLOBALPAY_US,USD,78648.84,0.00,0.00,78648.84
2025-02-28,CUST-0002,GLOBALPAY_US,USD,105699.94,0.00,6644.80,99055.14
2025-02-28,CUST-0003,GLOBALPAY_US,USD,254349.31,0.00,0.00,254349.31
2025-02-28,CUST-0004,GLOBALPAY_US,USD,2124.52,0.00,0.00,2124.52
2025-02-28,CUST-0005,GLOBALPAY_US,USD,26452.40,0.00,0.00,26452.40
2025-02-28,CUST-0006,GLOBALPAY_US,USD,72227.70,0.00,5516.57,66711.13
2025-02-28,CUST-0007,GLOBALPAY_US,USD,148756.61,0.00,0.00,148756.61
2025-02-28,CUST-0008,GLOBALPAY_US,USD,51052.29,0.00,25556.44,25495.85
2025-02-28,CUST-0009,GLOBALPAY_US,USD,164380.11,0.00,0.00,164380.11
2025-02-28,CUST-0010,GLOBALPAY_US,USD,1126.96,0.00,0.00,1126.96
2025-02-28,CUST-0011,GLOBALPAY_US,USD,4229.24,0.00,0.00,4229.24
2025-02-28,CUST-0012,GLOBALPAY_US,USD,84502.65,0.00,0.00,84502.65
2025-02-28,CUST-0013,GLOBALPAY_US,USD,227343.19,0.00,3263.36,224079.83
2025-02-28,CUST-0014,GLOBALPAY_US,USD,285697.15,0.00,4214.26,281482.89
2025-02-28,CUST-0015,GLOBALPAY_US,USD,240891.19,0.00,0.00,240891.19
2025-02-28,CUST-0016,GLOBALPAY_US,USD,118780.85,0.00,0.00,118780.85
2025-02-28,CUST-0017,GLOBALPAY_US,USD,135277.98,0.00,0.00,135277.98
2025-02-28,CUST-0018,GLOBALPAY_US,USD,73072.71,0.00,0.00,73072.71
2025-02-28,CUST-0019,GLOBALPAY_US,USD,41396.06,0.00,0.00,41396.06
2025-02-28,CUST-0020,GLOBALPAY_US,USD,27109.84,0.00,6838.38,20271.46
2025-02-28,CUST-0021,GLOBALPAY_US,USD,109101.54,0.00,0.00,109101.54
2025-02-28,CUST-0022,GLOBALPAY_US,USD,154551.22,0.00,0.00,154551.22
2025-02-28,CUST-0023,GLOBALPAY_US,USD,62331.83,0.00,0.00,62331.83
2025-02-28,CUST-0024,GLOBALPAY_US,USD,78139.25,0.00,4367.29,73771.96
2025-02-28,CUST-0025,GLOBALPAY_US,USD,222745.26,0.00,7472.94,215272.32
2025-03-01,CUST-0001,GLOBALPAY_US,USD,78648.84,0.00,0.00,78648.84
2025-03-01,CUST-0002,GLOBALPAY_US,USD,99055.14,0.00,0.00,99055.14
2025-03-01,CUST-0003,GLOBALPAY_US,USD,254349.31,0.00,0.00,254349.31
2025-03-01,CUST-0004,GLOBALPAY_US,USD,2124.52,0.00,0.00,2124.52
2025-03-01,CUST-0005,GLOBALPAY_US,USD,26452.40,0.00,0.00,26452.40
2025-03-01,CUST-0006,GLOBALPAY_US,USD,66711.13,0.00,0.00,66711.13
2025-03-01,CUST-0007,GLOBALPAY_US,USD,148756.61,0.00,0.00,148756.61
2025-03-01,CUST-0008,GLOBALPAY_US,USD,25495.85,0.00,0.00,25495.85
2025-03-01,CUST-0009,GLOBALPAY_US,USD,164380.11,0.00,0.00,164380.11
2025-03-01,CUST-0010,GLOBALPAY_US,USD,1126.96,0.00,0.00,1126.96
2025-03-01,CUST-0011,GLOBALPAY_US,USD,4229.24,0.00,0.00,4229.24
2025-03-01,CUST-0012,GLOBALPAY_US,USD,84502.65,0.00,0.00,84502.65
2025-03-01,CUST-0013,GLOBALPAY_US,USD,224079.83,0.00,0.00,224079.83
2025-03-01,CUST-0014,GLOBALPAY_US,USD,281482.89,0.00,0.00,281482.89
2025-03-01,CUST-0015,GLOBALPAY_US,USD,240891.19,0.00,0.00,240891.19
2025-03-01,CUST-0016,GLOBALPAY_US,USD,118780.85,0.00,0.00,118780.85
2025-03-01,CUST-0017,GLOBALPAY_US,USD,135277.98,0.00,0.00,135277.98
2025-03-01,CUST-0018,GLOBALPAY_US,USD,73072.71,0.00,0.00,73072.71
2025-03-01,CUST-0019,GLOBALPAY_US,USD,41396.06,0.00,0.00,41396.06
2025-03-01,CUST-0020,GLOBALPAY_US,USD,20271.46,0.00,0.00,20271.46
2025-03-01,CUST-0021,GLOBALPAY_US,USD,109101.54,0.00,0.00,109101.54
2025-03-01,CUST-0022,GLOBALPAY_US,USD,154551.22,0.00,0.00,154551.22
2025-03-01,CUST-0023,GLOBALPAY_US,USD,62331.83,0.00,0.00,62331.83
2025-03-01,CUST-0024,GLOBALPAY_US,USD,73771.96,0.00,0.00,73771.96
2025-03-01,CUST-0025,GLOBALPAY_US,USD,215272.32,0.00,0.00,215272.32
2025-03-02,CUST-0001,GLOBALPAY_US,USD,78648.84,0.00,0.00,78648.84
2025-03-02,CUST-0002,GLOBALPAY_US,USD,99055.14,0.00,0.00,99055.14
2025-03-02,CUST-0003,GLOBALPAY_US,USD,254349.31,0.00,0.00,254349.31
2025-03-02,CUST-0004,GLOBALPAY_US,USD,2124.52,0.00,0.00,2124.52
2025-03-02,CUST-0005,GLOBALPAY_US,USD,26452.40,0.00,0.00,26452.40
2025-03-02,CUST-0006,GLOBALPAY_US,USD,66711.13,0.00,0.00,66711.13
2025-03-02,CUST-0007,GLOBALPAY_US,USD,148756.61,0.00,0.00,148756.61
2025-03-02,CUST-0008,GLOBALPAY_US,USD,25495.85,0.00,0.00,25495.85
2025-03-02,CUST-0009,GLOBALPAY_US,USD,164380.11,0.00,0.00,164380.11
2025-03-02,CUST-0010,GLOBALPAY_US,USD,1126.96,0.00,0.00,1126.96
2025-03-02,CUST-0011,GLOBALPAY_US,USD,4229.24,0.00,0.00,4229.24
2025-03-02,CUST-0012,GLOBALPAY_US,USD,84502.65,0.00,0.00,84502.65
2025-03-02,CUST-0013,GLOBALPAY_US,USD,224079.83,0.00,0.00,224079.83
2025-03-02,CUST-0014,GLOBALPAY_US,USD,281482.89,0.00,0.00,281482.89
2025-03-02,CUST-0015,GLOBALPAY_US,USD,240891.19,0.00,0.00,240891.19
2025-03-02,CUST-0016,GLOBALPAY_US,USD,118780.85,0.00,0.00,118780.85
2025-03-02,CUST-0017,GLOBALPAY_US,USD,135277.98,0.00,0.00,135277.98
2025-03-02,CUST-0018,GLOBALPAY_US,USD,73072.71,0.00,0.00,73072.71
2025-03-02,CUST-0019,GLOBALPAY_US,USD,41396.06,0.00,0.00,41396.06
2025-03-02,CUST-0020,GLOBALPAY_US,USD,20271.46,0.00,0.00,20271.46
2025-03-02,CUST-0021,GLOBALPAY_US,USD,109101.54,0.00,0.00,109101.54
2025-03-02,CUST-0022,GLOBALPAY_US,USD,154551.22,0.00,0.00,154551.22
2025-03-02,CUST-0023,GLOBALPAY_US,USD,62331.83,0.00,0.00,62331.83
2025-03-02,CUST-0024,GLOBALPAY_US,USD,73771.96,0.00,0.00,73771.96
2025-03-02,CUST-0025,GLOBALPAY_US,USD,215272.32,0.00,0.00,215272.32
2025-03-03,CUST-0001,GLOBALPAY_US,USD,78648.84,0.00,0.00,78648.84
2025-03-03,CUST-0002,GLOBALPAY_US,USD,99055.14,0.00,0.00,99055.14
2025-03-03,CUST-0003,GLOBALPAY_US,USD,254349.31,0.00,0.00,254349.31
2025-03-03,CUST-0004,GLOBALPAY_US,USD,2124.52,0.00,0.00,2124.52
2025-03-03,CUST-0005,GLOBALPAY_US,USD,26452.40,0.00,5099.11,21353.29
2025-03-03,CUST-0006,GLOBALPAY_US,USD,66711.13,0.00,0.00,66711.13
2025-03-03,CUST-0007,GLOBALPAY_US,USD,148756.61,0.00,0.00,148756.61
2025-03-03,CUST-0008,GLOBALPAY_US,USD,25495.85,0.00,0.00,25495.85
2025-03-03,CUST-0009,GLOBALPAY_US,USD,164380.11,0.00,12623.25,151756.86
2025-03-03,CUST-0010,GLOBALPAY_US,USD,1126.96,0.00,0.00,1126.96
2025-03-03,CUST-0011,GLOBALPAY_US,USD,4229.24,0.00,0.00,4229.24
2025-03-03,CUST-0012,GLOBALPAY_US,USD,84502.65,0.00,8419.14,76083.51
2025-03-03,CUST-0013,GLOBALPAY_US,USD,224079.83,10847.62,0.00,234927.45
2025-03-03,CUST-0014,GLOBALPAY_US,USD,281482.89,0.00,11562.96,269919.93
2025-03-03,CUST-0015,GLOBALPAY_US,USD,240891.19,0.00,0.00,240891.19
2025-03-03,CUST-0016,GLOBALPAY_US,USD,118780.85,0.00,0.00,118780.85
2025-03-03,CUST-0017,GLOBALPAY_US,USD,135277.98,0.00,9262.17,126015.81
2025-03-03,CUST-0018,GLOBALPAY_US,USD,73072.71,0.00,0.00,73072.71
2025-03-03,CUST-0019,GLOBALPAY_US,USD,41396.06,0.00,0.00,41396.06
2025-03-03,CUST-0020,GLOBALPAY_US,USD,20271.46,0.00,0.00,20271.46
2025-03-03,CUST-0021,GLOBALPAY_US,USD,109101.54,0.00,0.00,109101.54
2025-03-03,CUST-0022,GLOBALPAY_US,USD,154551.22,0.00,4162.89,150388.33
2025-03-03,CUST-0023,GLOBALPAY_US,USD,62331.83,0.00,0.00,62331.83
2025-03-03,CUST-0024,GLOBALPAY_US,USD,73771.96,0.00,1370.65,72401.31
2025-03-03,CUST-0025,GLOBALPAY_US,USD,215272.32,0.00,0.00,215272.32
2025-03-04,CUST-0001,GLOBALPAY_US,USD,78648.84,0.00,1328.96,77319.88
2025-03-04,CUST-0002,GLOBALPAY_US,USD,99055.14,0.00,3094.21,95960.93
2025-03-04,CUST-0003,GLOBALPAY_US,USD,254349.31,38493.47,0.00,292842.78
2025-03-04,CUST-0004,GLOBALPAY_US,USD,2124.52,0.00,0.00,2124.52
2025-03-04,CUST-0005,GLOBALPAY_US,USD,21353.29,0.00,0.00,21353.29
2025-03-04,CUST-0006,GLOBALPAY_US,USD,66711.13,0.00,0.00,66711.13
2025-03-04,CUST-0007,GLOBALPAY_US,USD,148756.61,0.00,0.00,148756.61
2025-03-04,CUST-0008,GLOBALPAY_US,USD,25495.85,0.00,3375.81,22120.04
2025-03-04,CUST-0009,GLOBALPAY_US,USD,151756.86,0.00,0.00,151756.86
2025-03-04,CUST-0010,GLOBALPAY_US,USD,1126.96,0.00,0.00,1126.96
2025-03-04,CUST-0011,GLOBALPAY_US,USD,4229.24,0.00,0.00,4229.24
2025-03-04,CUST-0012,GLOBALPAY_US,USD,76083.51,56207.60,3844.55,128446.56
2025-03-04,CUST-0013,GLOBALPAY_US,USD,234927.45,0.00,0.00,234927.45
2025-03-04,CUST-0014,GLOBALPAY_US,USD,269919.93,0.00,0.00,269919.93
2025-03-04,CUST-0015,GLOBALPAY_US,USD,240891.19,0.00,0.00,240891.19
2025-03-04,CUST-0016,GLOBALPAY_US,USD,118780.85,0.00,1246.58,117534.27
2025-03-04,CUST-0017,GLOBALPAY_US,USD,126015.81,0.00,31038.66,94977.15
2025-03-04,CUST-0018,GLOBALPAY_US,USD,73072.71,0.00,0.00,73072.71
2025-03-04,CUST-0019,GLOBALPAY_US,USD,41396.06,0.00,0.00,41396.06
2025-03-04,CUST-0020,GLOBALPAY_US,USD,20271.46,0.00,1522.96,18748.50
2025-03-04,CUST-0021,GLOBALPAY_US,USD,109101.54,0.00,3379.42,105722.12
2025-03-04,CUST-0022,GLOBALPAY_US,USD,150388.33,0.00,1523.17,148865.16
2025-03-04,CUST-0023,GLOBALPAY_US,USD,62331.83,0.00,0.00,62331.83
2025-03-04,CUST-0024,GLOBALPAY_US,USD,72401.31,0.00,0.00,72401.31
2025-03-04,CUST-0025,GLOBALPAY_US,USD,215272.32,0.00,0.00,215272.32
2025-03-05,CUST-0001,GLOBALPAY_US,USD,77319.88,0.00,0.00,77319.88
2025-03-05,CUST-0002,GLOBALPAY_US,USD,95960.93,0.00,0.00,95960.93
2025-03-05,CUST-0003,GLOBALPAY_US,USD,292842.78,0.00,12127.49,280715.29
2025-03-05,CUST-0004,GLOBALPAY_US,USD,2124.52,0.00,0.00,2124.52
2025-03-05,CUST-0005,GLOBALPAY_US,USD,21353.29,0.00,0.00,21353.29
2025-03-05,CUST-0006,GLOBALPAY_US,USD,66711.13,0.00,0.00,66711.13
2025-03-05,CUST-0007,GLOBALPAY_US,USD,148756.61,0.00,3688.48,145068.13
2025-03-05,CUST-0008,GLOBALPAY_US,USD,22120.04,0.00,0.00,22120.04
2025-03-05,CUST-0009,GLOBALPAY_US,USD,151756.86,0.00,0.00,151756.86
2025-03-05,CUST-0010,GLOBALPAY_US,USD,1126.96,0.00,0.00,1126.96
2025-03-05,CUST-0011,GLOBALPAY_US,USD,4229.24,0.00,0.00,4229.24
2025-03-05,CUST-0012,GLOBALPAY_US,USD,128446.56,0.00,0.00,128446.56
2025-03-05,CUST-0013,GLOBALPAY_US,USD,234927.45,0.00,0.00,234927.45
2025-03-05,CUST-0014,GLOBALPAY_US,USD,269919.93,0.00,3740.40,266179.53
2025-03-05,CUST-0015,GLOBALPAY_US,USD,240891.19,0.00,0.00,240891.19
2025-03-05,CUST-0016,GLOBALPAY_US,USD,117534.27,0.00,0.00,117534.27
2025-03-05,CUST-0017,GLOBALPAY_US,USD,94977.15,43811.91,0.00,138789.06
2025-03-05,CUST-0018,GLOBALPAY_US,USD,73072.71,0.00,0.00,73072.71
2025-03-05,CUST-0019,GLOBALPAY_US,USD,41396.06,0.00,0.00,41396.06
2025-03-05,CUST-0020,GLOBALPAY_US,USD,18748.50,0.00,2010.92,16737.58
2025-03-05,CUST-0021,GLOBALPAY_US,USD,105722.12,0.00,0.00,105722.12
2025-03-05,CUST-0022,GLOBALPAY_US,USD,148865.16,0.00,0.00,148865.16
2025-03-05,CUST-0023,GLOBALPAY_US,USD,62331.83,0.00,0.00,62331.83
2025-03-05,CUST-0024,GLOBALPAY_US,USD,72401.31,0.00,17877.12,54524.19
2025-03-05,CUST-0025,GLOBALPAY_US,USD,215272.32,0.00,1534.35,213737.97
2025-03-06,CUST-0001,GLOBALPAY_US,USD,77319.88,0.00,10496.80,66823.08
2025-03-06,CUST-0002,GLOBALPAY_US,USD,95960.93,0.00,3386.07,92574.86
2025-03-06,CUST-0003,GLOBALPAY_US,USD,280715.29,0.00,0.00,280715.29
2025-03-06,CUST-0004,GLOBALPAY_US,USD,2124.52,0.00,0.00,2124.52
2025-03-06,CUST-0005,GLOBALPAY_US,USD,21353.29,0.00,11930.11,9423.18
2025-03-06,CUST-0006,GLOBALPAY_US,USD,66711.13,0.00,3475.89,63235.24
2025-03-06,CUST-0007,GLOBALPAY_US,USD,145068.13,0.00,0.00,145068.13
2025-03-06,CUST-0008,GLOBALPAY_US,USD,22120.04,0.00,0.00,22120.04
2025-03-06,CUST-0009,GLOBALPAY_US,USD,151756.86,0.00,0.00,151756.86
2025-03-06,CUST-0010,GLOBALPAY_US,USD,1126.96,0.00,1012.80,114.16
2025-03-06,CUST-0011,GLOBALPAY_US,USD,4229.24,0.00,0.00,4229.24
2025-03-06,CUST-0012,GLOBALPAY_US,USD,128446.56,0.00,0.00,128446.56
2025-03-06,CUST-0013,GLOBALPAY_US,USD,234927.45,0.00,0.00,234927.45
2025-03-06,CUST-0014,GLOBALPAY_US,USD,266179.53,0.00,0.00,266179.53
2025-03-06,CUST-0015,GLOBALPAY_US,USD,240891.19,0.00,16569.72,224321.47
2025-03-06,CUST-0016,GLOBALPAY_US,USD,117534.27,0.00,0.00,117534.27
2025-03-06,CUST-0017,GLOBALPAY_US,USD,138789.06,0.00,1157.32,137631.74
2025-03-06,CUST-0018,GLOBALPAY_US,USD,73072.71,0.00,0.00,73072.71
2025-03-06,CUST-0019,GLOBALPAY_US,USD,41396.06,0.00,0.00,41396.06
2025-03-06,CUST-0020,GLOBALPAY_US,USD,16737.58,0.00,0.00,16737.58
2025-03-06,CUST-0021,GLOBALPAY_US,USD,105722.12,0.00,2786.36,102935.76
2025-03-06,CUST-0022,GLOBALPAY_US,USD,148865.16,0.00,28749.98,120115.18
2025-03-06,CUST-0023,GLOBALPAY_US,USD,62331.83,0.00,0.00,62331.83
2025-03-06,CUST-0024,GLOBALPAY_US,USD,54524.19,0.00,0.00,54524.19
2025-03-06,CUST-0025,GLOBALPAY_US,USD,213737.97,0.00,2653.33,211084.64
2025-03-07,CUST-0001,GLOBALPAY_US,USD,66823.08,0.00,0.00,66823.08
2025-03-07,CUST-0002,GLOBALPAY_US,USD,92574.86,0.00,10820.19,81754.67
2025-03-07,CUST-0003,GLOBALPAY_US,USD,280715.29,0.00,0.00,280715.29
2025-03-07,CUST-0004,GLOBALPAY_US,USD,2124.52,0.00,0.00,2124.52
2025-03-07,CUST-0005,GLOBALPAY_US,USD,9423.18,0.00,0.00,9423.18
2025-03-07,CUST-0006,GLOBALPAY_US,USD,63235.24,0.00,0.00,63235.24
2025-03-07,CUST-0007,GLOBALPAY_US,USD,145068.13,0.00,0.00,145068.13
2025-03-07,CUST-0008,GLOBALPAY_US,USD,22120.04,0.00,0.00,22120.04
2025-03-07,CUST-0009,GLOBALPAY_US,USD,151756.86,17473.68,0.00,169230.54
2025-03-07,CUST-0010,GLOBALPAY_US,USD,114.16,0.00,0.00,114.16
2025-03-07,CUST-0011,GLOBALPAY_US,USD,4229.24,0.00,0.00,4229.24
2025-03-07,CUST-0012,GLOBALPAY_US,USD,128446.56,0.00,0.00,128446.56
2025-03-07,CUST-0013,GLOBALPAY_US,USD,234927.45,0.00,2625.17,232302.28
2025-03-07,CUST-0014,GLOBALPAY_US,USD,266179.53,0.00,0.00,266179.53
2025-03-07,CUST-0015,GLOBALPAY_US,USD,224321.47,0.00,0.00,224321.47
2025-03-07,CUST-0016,GLOBALPAY_US,USD,117534.27,0.00,0.00,117534.27
2025-03-07,CUST-0017,GLOBALPAY_US,USD,137631.74,0.00,0.00,137631.74
2025-03-07,CUST-0018,GLOBALPAY_US,USD,73072.71,0.00,0.00,73072.71
2025-03-07,CUST-0019,GLOBALPAY_US,USD,41396.06,47947.85,0.00,89343.91
2025-03-07,CUST-0020,GLOBALPAY_US,USD,16737.58,0.00,0.00,16737.58
2025-03-07,CUST-0021,GLOBALPAY_US,USD,102935.76,0.00,0.00,102935.76
2025-03-07,CUST-0022,GLOBALPAY_US,USD,120115.18,0.00,0.00,120115.18
2025-03-07,CUST-0023,GLOBALPAY_US,USD,62331.83,0.00,19416.37,42915.46
2025-03-07,CUST-0024,GLOBALPAY_US,USD,54524.19,0.00,0.00,54524.19
2025-03-07,CUST-0025,GLOBALPAY_US,USD,211084.64,0.00,0.00,211084.64
2025-03-08,CUST-0001,GLOBALPAY_US,USD,66823.08,0.00,0.00,66823.08
2025-03-08,CUST-0002,GLOBALPAY_US,USD,81754.67,0.00,0.00,81754.67
2025-03-08,CUST-0003,GLOBALPAY_US,USD,280715.29,0.00,0.00,280715.29
2025-03-08,CUST-0004,GLOBALPAY_US,USD,2124.52,0.00,0.00,2124.52
2025-03-08,CUST-0005,GLOBALPAY_US,USD,9423.18,0.00,0.00,9423.18
2025-03-08,CUST-0006,GLOBALPAY_US,USD,63235.24,0.00,0.00,63235.24
2025-03-08,CUST-0007,GLOBALPAY_US,USD,145068.13,0.00,0.00,145068.13
2025-03-08,CUST-0008,GLOBALPAY_US,USD,22120.04,0.00,0.00,22120.04
2025-03-08,CUST-0009,GLOBALPAY_US,USD,169230.54,0.00,0.00,169230.54
2025-03-08,CUST-0010,GLOBALPAY_US,USD,114.16,0.00,0.00,114.16
2025-03-08,CUST-0011,GLOBALPAY_US,USD,4229.24,0.00,0.00,4229.24
2025-03-08,CUST-0012,GLOBALPAY_US,USD,128446.56,0.00,0.00,128446.56
2025-03-08,CUST-0013,GLOBALPAY_US,USD,232302.28,0.00,0.00,232302.28
2025-03-08,CUST-0014,GLOBALPAY_US,USD,266179.53,0.00,0.00,266179.53
2025-03-08,CUST-0015,GLOBALPAY_US,USD,224321.47,0.00,0.00,224321.47
2025-03-08,CUST-0016,GLOBALPAY_US,USD,117534.27,0.00,0.00,117534.27
2025-03-08,CUST-0017,GLOBALPAY_US,USD,137631.74,0.00,0.00,137631.74
2025-03-08,CUST-0018,GLOBALPAY_US,USD,73072.71,0.00,0.00,73072.71
2025-03-08,CUST-0019,GLOBALPAY_US,USD,89343.91,0.00,0.00,89343.91
2025-03-08,CUST-0020,GLOBALPAY_US,USD,16737.58,0.00,0.00,16737.58
2025-03-08,CUST-0021,GLOBALPAY_US,USD,102935.76,0.00,0.00,102935.76
2025-03-08,CUST-0022,GLOBALPAY_US,USD,120115.18,0.00,0.00,120115.18
2025-03-08,CUST-0023,GLOBALPAY_US,USD,42915.46,0.00,0.00,42915.46
2025-03-08,CUST-0024,GLOBALPAY_US,USD,54524.19,0.00,0.00,54524.19
2025-03-08,CUST-0025,GLOBALPAY_US,USD,211084.64,0.00,0.00,211084.64
2025-03-09,CUST-0001,GLOBALPAY_US,USD,66823.08,0.00,0.00,66823.08
2025-03-09,CUST-0002,GLOBALPAY_US,USD,81754.67,0.00,0.00,81754.67
2025-03-09,CUST-0003,GLOBALPAY_US,USD,280715.29,0.00,0.00,280715.29
2025-03-09,CUST-0004,GLOBALPAY_US,USD,2124.52,0.00,0.00,2124.52
2025-03-09,CUST-0005,GLOBALPAY_US,USD,9423.18,0.00,0.00,9423.18
2025-03-09,CUST-0006,GLOBALPAY_US,USD,63235.24,0.00,0.00,63235.24
2025-03-09,CUST-0007,GLOBALPAY_US,USD,145068.13,0.00,0.00,145068.13
2025-03-09,CUST-0008,GLOBALPAY_US,USD,22120.04,0.00,0.00,22120.04
2025-03-09,CUST-0009,GLOBALPAY_US,USD,169230.54,0.00,0.00,169230.54
2025-03-09,CUST-0010,GLOBALPAY_US,USD,114.16,0.00,0.00,114.16
2025-03-09,CUST-0011,GLOBALPAY_US,USD,4229.24,0.00,0.00,4229.24
2025-03-09,CUST-0012,GLOBALPAY_US,USD,128446.56,0.00,0.00,128446.56
2025-03-09,CUST-0013,GLOBALPAY_US,USD,232302.28,0.00,0.00,232302.28
2025-03-09,CUST-0014,GLOBALPAY_US,USD,266179.53,0.00,0.00,266179.53
2025-03-09,CUST-0015,GLOBALPAY_US,USD,224321.47,0.00,0.00,224321.47
2025-03-09,CUST-0016,GLOBALPAY_US,USD,117534.27,0.00,0.00,117534.27
2025-03-09,CUST-0017,GLOBALPAY_US,USD,137631.74,0.00,0.00,137631.74
2025-03-09,CUST-0018,GLOBALPAY_US,USD,73072.71,0.00,0.00,73072.71
2025-03-09,CUST-0019,GLOBALPAY_US,USD,89343.91,0.00,0.00,89343.91
2025-03-09,CUST-0020,GLOBALPAY_US,USD,16737.58,0.00,0.00,16737.58
2025-03-09,CUST-0021,GLOBALPAY_US,USD,102935.76,0.00,0.00,102935.76
2025-03-09,CUST-0022,GLOBALPAY_US,USD,120115.18,0.00,0.00,120115.18
2025-03-09,CUST-0023,GLOBALPAY_US,USD,42915.46,0.00,0.00,42915.46
2025-03-09,CUST-0024,GLOBALPAY_US,USD,54524.19,0.00,0.00,54524.19
2025-03-09,CUST-0025,GLOBALPAY_US,USD,211084.64,0.00,0.00,211084.64
2025-03-10,CUST-0001,GLOBALPAY_US,USD,66823.08,0.00,2871.32,63951.76
2025-03-10,CUST-0002,GLOBALPAY_US,USD,81754.67,0.00,0.00,81754.67
2025-03-10,CUST-0003,GLOBALPAY_US,USD,280715.29,0.00,0.00,280715.29
2025-03-10,CUST-0004,GLOBALPAY_US,USD,2124.52,12496.52,0.00,14621.04
2025-03-10,CUST-0005,GLOBALPAY_US,USD,9423.18,0.00,0.00,9423.18
2025-03-10,CUST-0006,GLOBALPAY_US,USD,63235.24,0.00,14584.43,48650.81
2025-03-10,CUST-0007,GLOBALPAY_US,USD,145068.13,0.00,0.00,145068.13
2025-03-10,CUST-0008,GLOBALPAY_US,USD,22120.04,31635.26,0.00,53755.30
2025-03-10,CUST-0009,GLOBALPAY_US,USD,169230.54,0.00,5194.07,164036.47
2025-03-10,CUST-0010,GLOBALPAY_US,USD,114.16,0.00,0.00,114.16
2025-03-10,CUST-0011,GLOBALPAY_US,USD,4229.24,0.00,0.00,4229.24
2025-03-10,CUST-0012,GLOBALPAY_US,USD,128446.56,0.00,0.00,128446.56
2025-03-10,CUST-0013,GLOBALPAY_US,USD,232302.28,0.00,0.00,232302.28
2025-03-10,CUST-0014,GLOBALPAY_US,USD,266179.53,46820.51,7093.07,305906.97
2025-03-10,CUST-0015,GLOBALPAY_US,USD,224321.47,0.00,1931.72,222389.75
2025-03-10,CUST-0016,GLOBALPAY_US,USD,117534.27,0.00,0.00,117534.27
2025-03-10,CUST-0017,GLOBALPAY_US,USD,137631.74,0.00,0.00,137631.74
2025-03-10,CUST-0018,GLOBALPAY_US,USD,73072.71,0.00,0.00,73072.71
2025-03-10,CUST-0019,GLOBALPAY_US,USD,89343.91,0.00,0.00,89343.91
2025-03-10,CUST-0020,GLOBALPAY_US,USD,16737.58,0.00,0.00,16737.58
2025-03-10,CUST-0021,GLOBALPAY_US,USD,102935.76,0.00,0.00,102935.76
2025-03-10,CUST-0022,GLOBALPAY_US,USD,120115.18,0.00,0.00,120115.18
2025-03-10,CUST-0023,GLOBALPAY_US,USD,42915.46,0.00,0.00,42915.46
2025-03-10,CUST-0024,GLOBALPAY_US,USD,54524.19,0.00,3856.74,50667.45
2025-03-10,CUST-0025,GLOBALPAY_US,USD,211084.64,0.00,0.00,211084.64
2025-03-11,CUST-0001,GLOBALPAY_US,USD,63951.76,0.00,0.00,63951.76
2025-03-11,CUST-0002,GLOBALPAY_US,USD,81754.67,0.00,0.00,81754.67
2025-03-11,CUST-0003,GLOBALPAY_US,USD,280715.29,0.00,0.00,280715.29
2025-03-11,CUST-0004,GLOBALPAY_US,USD,14621.04,0.00,3995.53,10625.51
2025-03-11,CUST-0005,GLOBALPAY_US,USD,9423.18,0.00,5646.88,3776.30
2025-03-11,CUST-0006,GLOBALPAY_US,USD,48650.81,0.00,0.00,48650.81
2025-03-11,CUST-0007,GLOBALPAY_US,USD,145068.13,0.00,0.00,145068.13
2025-03-11,CUST-0008,GLOBALPAY_US,USD,53755.30,0.00,0.00,53755.30
2025-03-11,CUST-0009,GLOBALPAY_US,USD,164036.47,0.00,0.00,164036.47
2025-03-11,CUST-0010,GLOBALPAY_US,USD,114.16,0.00,0.00,114.16
2025-03-11,CUST-0011,GLOBALPAY_US,USD,4229.24,0.00,0.00,4229.24
2025-03-11,CUST-0012,GLOBALPAY_US,USD,128446.56,0.00,0.00,128446.56
2025-03-11,CUST-0013,GLOBALPAY_US,USD,232302.28,0.00,0.00,232302.28
2025-03-11,CUST-0014,GLOBALPAY_US,USD,305906.97,0.00,0.00,305906.97
2025-03-11,CUST-0015,GLOBALPAY_US,USD,222389.75,30248.80,0.00,252638.55
2025-03-11,CUST-0016,GLOBALPAY_US,USD,117534.27,0.00,0.00,117534.27
2025-03-11,CUST-0017,GLOBALPAY_US,USD,137631.74,33957.98,0.00,171589.72
2025-03-11,CUST-0018,GLOBALPAY_US,USD,73072.71,0.00,1707.86,71364.85
2025-03-11,CUST-0019,GLOBALPAY_US,USD,89343.91,0.00,0.00,89343.91
2025-03-11,CUST-0020,GLOBALPAY_US,USD,16737.58,0.00,0.00,16737.58
2025-03-11,CUST-0021,GLOBALPAY_US,USD,102935.76,10433.51,0.00,113369.27
2025-03-11,CUST-0022,GLOBALPAY_US,USD,120115.18,0.00,0.00,120115.18
2025-03-11,CUST-0023,GLOBALPAY_US,USD,42915.46,0.00,8231.46,34684.00
2025-03-11,CUST-0024,GLOBALPAY_US,USD,50667.45,0.00,0.00,50667.45
2025-03-11,CUST-0025,GLOBALPAY_US,USD,211084.64,0.00,3242.04,207842.60
2025-03-12,CUST-0001,GLOBALPAY_US,USD,63951.76,0.00,0.00,63951.76
2025-03-12,CUST-0002,GLOBALPAY_US,USD,81754.67,0.00,0.00,81754.67
2025-03-12,CUST-0003,GLOBALPAY_US,USD,280715.29,0.00,5662.87,275052.42
2025-03-12,CUST-0004,GLOBALPAY_US,USD,10625.51,0.00,0.00,10625.51
2025-03-12,CUST-0005,GLOBALPAY_US,USD,3776.30,0.00,0.00,3776.30
2025-03-12,CUST-0006,GLOBALPAY_US,USD,48650.81,0.00,0.00,48650.81
2025-03-12,CUST-0007,GLOBALPAY_US,USD,145068.13,0.00,0.00,145068.13
2025-03-12,CUST-0008,GLOBALPAY_US,USD,53755.30,0.00,0.00,53755.30
2025-03-12,CUST-0009,GLOBALPAY_US,USD,164036.47,12383.45,0.00,176419.92
2025-03-12,CUST-0010,GLOBALPAY_US,USD,114.16,0.00,0.00,114.16
2025-03-12,CUST-0011,GLOBALPAY_US,USD,4229.24,18272.86,0.00,22502.10
2025-03-12,CUST-0012,GLOBALPAY_US,USD,128446.56,0.00,0.00,128446.56
2025-03-12,CUST-0013,GLOBALPAY_US,USD,232302.28,0.00,0.00,232302.28
2025-03-12,CUST-0014,GLOBALPAY_US,USD,305906.97,0.00,19912.73,285994.24
2025-03-12,CUST-0015,GLOBALPAY_US,USD,252638.55,0.00,9295.83,243342.72
2025-03-12,CUST-0016,GLOBALPAY_US,USD,117534.27,0.00,0.00,117534.27
2025-03-12,CUST-0017,GLOBALPAY_US,USD,171589.72,0.00,0.00,171589.72
2025-03-12,CUST-0018,GLOBALPAY_US,USD,71364.85,0.00,0.00,71364.85
2025-03-12,CUST-0019,GLOBALPAY_US,USD,89343.91,0.00,8093.71,81250.20
2025-03-12,CUST-0020,GLOBALPAY_US,USD,16737.58,0.00,7573.53,9164.05
2025-03-12,CUST-0021,GLOBALPAY_US,USD,113369.27,0.00,0.00,113369.27
2025-03-12,CUST-0022,GLOBALPAY_US,USD,120115.18,0.00,0.00,120115.18
2025-03-12,CUST-0023,GLOBALPAY_US,USD,34684.00,0.00,0.00,34684.00
2025-03-12,CUST-0024,GLOBALPAY_US,USD,50667.45,0.00,0.00,50667.45
2025-03-12,CUST-0025,GLOBALPAY_US,USD,207842.60,0.00,0.00,207842.60
2025-03-13,CUST-0001,GLOBALPAY_US,USD,63951.76,0.00,1768.55,62183.21
2025-03-13,CUST-0002,GLOBALPAY_US,USD,81754.67,0.00,5795.38,75959.29
2025-03-13,CUST-0003,GLOBALPAY_US,USD,275052.42,0.00,0.00,275052.42
2025-03-13,CUST-0004,GLOBALPAY_US,USD,10625.51,0.00,0.00,10625.51
2025-03-13,CUST-0005,GLOBALPAY_US,USD,3776.30,0.00,0.00,3776.30
2025-03-13,CUST-0006,GLOBALPAY_US,USD,48650.81,0.00,0.00,48650.81
2025-03-13,CUST-0007,GLOBALPAY_US,USD,145068.13,0.00,0.00,145068.13
2025-03-13,CUST-0008,GLOBALPAY_US,USD,53755.30,0.00,0.00,53755.30
2025-03-13,CUST-0009,GLOBALPAY_US,USD,176419.92,0.00,2756.36,173663.56
2025-03-13,CUST-0010,GLOBALPAY_US,USD,114.16,0.00,0.00,114.16
2025-03-13,CUST-0011,GLOBALPAY_US,USD,22502.10,0.00,0.00,22502.10
2025-03-13,CUST-0012,GLOBALPAY_US,USD,128446.56,0.00,6548.07,121898.49
2025-03-13,CUST-0013,GLOBALPAY_US,USD,232302.28,0.00,0.00,232302.28
2025-03-13,CUST-0014,GLOBALPAY_US,USD,285994.24,0.00,0.00,285994.24
2025-03-13,CUST-0015,GLOBALPAY_US,USD,243342.72,0.00,0.00,243342.72
2025-03-13,CUST-0016,GLOBALPAY_US,USD,117534.27,0.00,19363.96,98170.31
2025-03-13,CUST-0017,GLOBALPAY_US,USD,171589.72,0.00,1635.97,169953.75
2025-03-13,CUST-0018,GLOBALPAY_US,USD,71364.85,0.00,0.00,71364.85
2025-03-13,CUST-0019,GLOBALPAY_US,USD,81250.20,0.00,4303.03,76947.17
2025-03-13,CUST-0020,GLOBALPAY_US,USD,9164.05,0.00,0.00,9164.05
2025-03-13,CUST-0021,GLOBALPAY_US,USD,113369.27,0.00,0.00,113369.27
2025-03-13,CUST-0022,GLOBALPAY_US,USD,120115.18,0.00,0.00,120115.18
2025-03-13,CUST-0023,GLOBALPAY_US,USD,34684.00,0.00,0.00,34684.00
2025-03-13,CUST-0024,GLOBALPAY_US,USD,50667.45,0.00,3038.36,47629.09
2025-03-13,CUST-0025,GLOBALPAY_US,USD,207842.60,0.00,0.00,207842.60
2025-03-14,CUST-0001,GLOBALPAY_US,USD,62183.21,10864.93,2307.62,70740.52
2025-03-14,CUST-0002,GLOBALPAY_US,USD,75959.29,0.00,10121.00,65838.29
2025-03-14,CUST-0003,GLOBALPAY_US,USD,275052.42,0.00,0.00,275052.42
2025-03-14,CUST-0004,GLOBALPAY_US,USD,10625.51,0.00,0.00,10625.51
2025-03-14,CUST-0005,GLOBALPAY_US,USD,3776.30,0.00,0.00,3776.30
2025-03-14,CUST-0006,GLOBALPAY_US,USD,48650.81,0.00,0.00,48650.81
2025-03-14,CUST-0007,GLOBALPAY_US,USD,145068.13,0.00,1462.50,143605.63
2025-03-14,CUST-0008,GLOBALPAY_US,USD,53755.30,0.00,0.00,53755.30
2025-03-14,CUST-0009,GLOBALPAY_US,USD,173663.56,23588.81,0.00,197252.37
2025-03-14,CUST-0010,GLOBALPAY_US,USD,114.16,0.00,0.00,114.16
2025-03-14,CUST-0011,GLOBALPAY_US,USD,22502.10,0.00,2032.97,20469.13
2025-03-14,CUST-0012,GLOBALPAY_US,USD,121898.49,0.00,3310.90,118587.59
2025-03-14,CUST-0013,GLOBALPAY_US,USD,232302.28,0.00,47611.99,184690.29
2025-03-14,CUST-0014,GLOBALPAY_US,USD,285994.24,0.00,8272.39,277721.85
2025-03-14,CUST-0015,GLOBALPAY_US,USD,243342.72,0.00,4335.06,239007.66
2025-03-14,CUST-0016,GLOBALPAY_US,USD,98170.31,0.00,0.00,98170.31
2025-03-14,CUST-0017,GLOBALPAY_US,USD,169953.75,0.00,2372.38,167581.37
2025-03-14,CUST-0018,GLOBALPAY_US,USD,71364.85,0.00,0.00,71364.85
2025-03-14,CUST-0019,GLOBALPAY_US,USD,76947.17,0.00,0.00,76947.17
2025-03-14,CUST-0020,GLOBALPAY_US,USD,9164.05,0.00,0.00,9164.05
2025-03-14,CUST-0021,GLOBALPAY_US,USD,113369.27,0.00,0.00,113369.27
2025-03-14,CUST-0022,GLOBALPAY_US,USD,120115.18,0.00,0.00,120115.18
2025-03-14,CUST-0023,GLOBALPAY_US,USD,34684.00,0.00,0.00,34684.00
2025-03-14,CUST-0024,GLOBALPAY_US,USD,47629.09,0.00,15989.89,31639.20
2025-03-14,CUST-0025,GLOBALPAY_US,USD,207842.60,27359.53,0.00,235202.13
2025-03-15,CUST-0001,GLOBALPAY_US,USD,70740.52,0.00,0.00,70740.52
2025-03-15,CUST-0002,GLOBALPAY_US,USD,65838.29,0.00,0.00,65838.29
2025-03-15,CUST-0003,GLOBALPAY_US,USD,275052.42,0.00,0.00,275052.42
2025-03-15,CUST-0004,GLOBALPAY_US,USD,10625.51,0.00,0.00,10625.51
2025-03-15,CUST-0005,GLOBALPAY_US,USD,3776.30,0.00,0.00,3776.30
2025-03-15,CUST-0006,GLOBALPAY_US,USD,48650.81,0.00,0.00,48650.81
2025-03-15,CUST-0007,GLOBALPAY_US,USD,143605.63,0.00,0.00,143605.63
2025-03-15,CUST-0008,GLOBALPAY_US,USD,53755.30,0.00,0.00,53755.30
2025-03-15,CUST-0009,GLOBALPAY_US,USD,197252.37,0.00,0.00,197252.37
2025-03-15,CUST-0010,GLOBALPAY_US,USD,114.16,0.00,0.00,114.16
2025-03-15,CUST-0011,GLOBALPAY_US,USD,20469.13,0.00,0.00,20469.13
2025-03-15,CUST-0012,GLOBALPAY_US,USD,118587.59,0.00,0.00,118587.59
2025-03-15,CUST-0013,GLOBALPAY_US,USD,184690.29,0.00,0.00,184690.29
2025-03-15,CUST-0014,GLOBALPAY_US,USD,277721.85,0.00,0.00,277721.85
2025-03-15,CUST-0015,GLOBALPAY_US,USD,239007.66,0.00,0.00,239007.66
2025-03-15,CUST-0016,GLOBALPAY_US,USD,98170.31,0.00,0.00,98170.31
2025-03-15,CUST-0017,GLOBALPAY_US,USD,167581.37,0.00,0.00,167581.37
2025-03-15,CUST-0018,GLOBALPAY_US,USD,71364.85,0.00,0.00,71364.85
2025-03-15,CUST-0019,GLOBALPAY_US,USD,76947.17,0.00,0.00,76947.17
2025-03-15,CUST-0020,GLOBALPAY_US,USD,9164.05,0.00,0.00,9164.05
2025-03-15,CUST-0021,GLOBALPAY_US,USD,113369.27,0.00,0.00,113369.27
2025-03-15,CUST-0022,GLOBALPAY_US,USD,120115.18,0.00,0.00,120115.18
2025-03-15,CUST-0023,GLOBALPAY_US,USD,34684.00,0.00,0.00,34684.00
2025-03-15,CUST-0024,GLOBALPAY_US,USD,31639.20,0.00,0.00,31639.20
2025-03-15,CUST-0025,GLOBALPAY_US,USD,235202.13,0.00,0.00,235202.13
2025-03-16,CUST-0001,GLOBALPAY_US,USD,70740.52,0.00,0.00,70740.52
2025-03-16,CUST-0002,GLOBALPAY_US,USD,65838.29,0.00,0.00,65838.29
2025-03-16,CUST-0003,GLOBALPAY_US,USD,275052.42,0.00,0.00,275052.42
2025-03-16,CUST-0004,GLOBALPAY_US,USD,10625.51,0.00,0.00,10625.51
2025-03-16,CUST-0005,GLOBALPAY_US,USD,3776.30,0.00,0.00,3776.30
2025-03-16,CUST-0006,GLOBALPAY_US,USD,48650.81,0.00,0.00,48650.81
2025-03-16,CUST-0007,GLOBALPAY_US,USD,143605.63,0.00,0.00,143605.63
2025-03-16,CUST-0008,GLOBALPAY_US,USD,53755.30,0.00,0.00,53755.30
2025-03-16,CUST-0009,GLOBALPAY_US,USD,197252.37,0.00,0.00,197252.37
2025-03-16,CUST-0010,GLOBALPAY_US,USD,114.16,0.00,0.00,114.16
2025-03-16,CUST-0011,GLOBALPAY_US,USD,20469.13,0.00,0.00,20469.13
2025-03-16,CUST-0012,GLOBALPAY_US,USD,118587.59,0.00,0.00,118587.59
2025-03-16,CUST-0013,GLOBALPAY_US,USD,184690.29,0.00,0.00,184690.29
2025-03-16,CUST-0014,GLOBALPAY_US,USD,277721.85,0.00,0.00,277721.85
2025-03-16,CUST-0015,GLOBALPAY_US,USD,239007.66,0.00,0.00,239007.66
2025-03-16,CUST-0016,GLOBALPAY_US,USD,98170.31,0.00,0.00,98170.31
2025-03-16,CUST-0017,GLOBALPAY_US,USD,167581.37,0.00,0.00,167581.37
2025-03-16,CUST-0018,GLOBALPAY_US,USD,71364.85,0.00,0.00,71364.85
2025-03-16,CUST-0019,GLOBALPAY_US,USD,76947.17,0.00,0.00,76947.17
2025-03-16,CUST-0020,GLOBALPAY_US,USD,9164.05,0.00,0.00,9164.05
2025-03-16,CUST-0021,GLOBALPAY_US,USD,113369.27,0.00,0.00,113369.27
2025-03-16,CUST-0022,GLOBALPAY_US,USD,120115.18,0.00,0.00,120115.18
2025-03-16,CUST-0023,GLOBALPAY_US,USD,34684.00,0.00,0.00,34684.00
2025-03-16,CUST-0024,GLOBALPAY_US,USD,31639.20,0.00,0.00,31639.20
2025-03-16,CUST-0025,GLOBALPAY_US,USD,235202.13,0.00,0.00,235202.13
2025-03-17,CUST-0001,GLOBALPAY_US,USD,70740.52,0.00,1154.61,69585.91
2025-03-17,CUST-0002,GLOBALPAY_US,USD,65838.29,0.00,0.00,65838.29
2025-03-17,CUST-0003,GLOBALPAY_US,USD,275052.42,0.00,0.00,275052.42
2025-03-17,CUST-0004,GLOBALPAY_US,USD,10625.51,0.00,1877.21,8748.30
2025-03-17,CUST-0005,GLOBALPAY_US,USD,3776.30,0.00,0.00,3776.30
2025-03-17,CUST-0006,GLOBALPAY_US,USD,48650.81,0.00,0.00,48650.81
2025-03-17,CUST-0007,GLOBALPAY_US,USD,143605.63,0.00,0.00,143605.63
2025-03-17,CUST-0008,GLOBALPAY_US,USD,53755.30,0.00,4395.46,49359.84
2025-03-17,CUST-0009,GLOBALPAY_US,USD,197252.37,0.00,0.00,197252.37
2025-03-17,CUST-0010,GLOBALPAY_US,USD,114.16,0.00,0.00,114.16
2025-03-17,CUST-0011,GLOBALPAY_US,USD,20469.13,0.00,19053.74,1415.39
2025-03-17,CUST-0012,GLOBALPAY_US,USD,118587.59,0.00,0.00,118587.59
2025-03-17,CUST-0013,GLOBALPAY_US,USD,184690.29,0.00,0.00,184690.29
2025-03-17,CUST-0014,GLOBALPAY_US,USD,277721.85,0.00,0.00,277721.85
2025-03-17,CUST-0015,GLOBALPAY_US,USD,239007.66,0.00,2823.58,236184.08
2025-03-17,CUST-0016,GLOBALPAY_US,USD,98170.31,34091.81,5116.10,127146.02
2025-03-17,CUST-0017,GLOBALPAY_US,USD,167581.37,0.00,19126.84,148454.53
2025-03-17,CUST-0018,GLOBALPAY_US,USD,71364.85,0.00,0.00,71364.85
2025-03-17,CUST-0019,GLOBALPAY_US,USD,76947.17,0.00,0.00,76947.17
2025-03-17,CUST-0020,GLOBALPAY_US,USD,9164.05,0.00,3817.50,5346.55
2025-03-17,CUST-0021,GLOBALPAY_US,USD,113369.27,0.00,0.00,113369.27
2025-03-17,CUST-0022,GLOBALPAY_US,USD,120115.18,0.00,4620.43,115494.75
2025-03-17,CUST-0023,GLOBALPAY_US,USD,34684.00,0.00,13729.29,20954.71
2025-03-17,CUST-0024,GLOBALPAY_US,USD,31639.20,15302.24,0.00,46941.44
2025-03-17,CUST-0025,GLOBALPAY_US,USD,235202.13,0.00,2393.05,232809.08
2025-03-18,CUST-0001,GLOBALPAY_US,USD,69585.91,0.00,0.00,69585.91
2025-03-18,CUST-0002,GLOBALPAY_US,USD,65838.29,0.00,0.00,65838.29
2025-03-18,CUST-0003,GLOBALPAY_US,USD,275052.42,0.00,0.00,275052.42
2025-03-18,CUST-0004,GLOBALPAY_US,USD,8748.30,0.00,5318.90,3429.40
2025-03-18,CUST-0005,GLOBALPAY_US,USD,3776.30,0.00,2760.03,1016.27
2025-03-18,CUST-0006,GLOBALPAY_US,USD,48650.81,0.00,0.00,48650.81
2025-03-18,CUST-0007,GLOBALPAY_US,USD,143605.63,0.00,0.00,143605.63
2025-03-18,CUST-0008,GLOBALPAY_US,USD,49359.84,0.00,0.00,49359.84
2025-03-18,CUST-0009,GLOBALPAY_US,USD,197252.37,0.00,0.00,197252.37
2025-03-18,CUST-0010,GLOBALPAY_US,USD,114.16,0.00,0.00,114.16
2025-03-18,CUST-0011,GLOBALPAY_US,USD,1415.39,0.00,0.00,1415.39
2025-03-18,CUST-0012,GLOBALPAY_US,USD,118587.59,0.00,0.00,118587.59
2025-03-18,CUST-0013,GLOBALPAY_US,USD,184690.29,0.00,0.00,184690.29
2025-03-18,CUST-0014,GLOBALPAY_US,USD,277721.85,0.00,0.00,277721.85
2025-03-18,CUST-0015,GLOBALPAY_US,USD,236184.08,0.00,0.00,236184.08
2025-03-18,CUST-0016,GLOBALPAY_US,USD,127146.02,0.00,0.00,127146.02
2025-03-18,CUST-0017,GLOBALPAY_US,USD,148454.53,0.00,0.00,148454.53
2025-03-18,CUST-0018,GLOBALPAY_US,USD,71364.85,0.00,0.00,71364.85
2025-03-18,CUST-0019,GLOBALPAY_US,USD,76947.17,0.00,0.00,76947.17
2025-03-18,CUST-0020,GLOBALPAY_US,USD,5346.55,0.00,0.00,5346.55
2025-03-18,CUST-0021,GLOBALPAY_US,USD,113369.27,0.00,0.00,113369.27
2025-03-18,CUST-0022,GLOBALPAY_US,USD,115494.75,0.00,0.00,115494.75
2025-03-18,CUST-0023,GLOBALPAY_US,USD,20954.71,0.00,2447.71,18507.00
2025-03-18,CUST-0024,GLOBALPAY_US,USD,46941.44,0.00,1482.69,45458.75
2025-03-18,CUST-0025,GLOBALPAY_US,USD,232809.08,0.00,0.00,232809.08
2025-03-19,CUST-0001,GLOBALPAY_US,USD,69585.91,0.00,14386.72,55199.19
2025-03-19,CUST-0002,GLOBALPAY_US,USD,65838.29,0.00,0.00,65838.29
2025-03-19,CUST-0003,GLOBALPAY_US,USD,275052.42,0.00,0.00,275052.42
2025-03-19,CUST-0004,GLOBALPAY_US,USD,3429.40,0.00,0.00,3429.40
2025-03-19,CUST-0005,GLOBALPAY_US,USD,1016.27,0.00,0.00,1016.27
2025-03-19,CUST-0006,GLOBALPAY_US,USD,48650.81,0.00,6537.54,42113.27
2025-03-19,CUST-0007,GLOBALPAY_US,USD,143605.63,0.00,6969.90,136635.73
2025-03-19,CUST-0008,GLOBALPAY_US,USD,49359.84,0.00,0.00,49359.84
2025-03-19,CUST-0009,GLOBALPAY_US,USD,197252.37,0.00,0.00,197252.37
2025-03-19,CUST-0010,GLOBALPAY_US,USD,114.16,0.00,0.00,114.16
2025-03-19,CUST-0011,GLOBALPAY_US,USD,1415.39,0.00,0.00,1415.39
2025-03-19,CUST-0012,GLOBALPAY_US,USD,118587.59,0.00,5460.51,113127.08
2025-03-19,CUST-0013,GLOBALPAY_US,USD,184690.29,0.00,0.00,184690.29
2025-03-19,CUST-0014,GLOBALPAY_US,USD,277721.85,0.00,0.00,277721.85
2025-03-19,CUST-0015,GLOBALPAY_US,USD,236184.08,0.00,3612.44,232571.64
2025-03-19,CUST-0016,GLOBALPAY_US,USD,127146.02,0.00,0.00,127146.02
2025-03-19,CUST-0017,GLOBALPAY_US,USD,148454.53,0.00,19793.42,128661.11
2025-03-19,CUST-0018,GLOBALPAY_US,USD,71364.85,0.00,0.00,71364.85
2025-03-19,CUST-0019,GLOBALPAY_US,USD,76947.17,0.00,5080.20,71866.97
2025-03-19,CUST-0020,GLOBALPAY_US,USD,5346.55,0.00,0.00,5346.55
2025-03-19,CUST-0021,GLOBALPAY_US,USD,113369.27,0.00,0.00,113369.27
2025-03-19,CUST-0022,GLOBALPAY_US,USD,115494.75,0.00,4132.99,111361.76
2025-03-19,CUST-0023,GLOBALPAY_US,USD,18507.00,0.00,0.00,18507.00
2025-03-19,CUST-0024,GLOBALPAY_US,USD,45458.75,48900.10,0.00,94358.85
2025-03-19,CUST-0025,GLOBALPAY_US,USD,232809.08,0.00,0.00,232809.08
2025-03-20,CUST-0001,GLOBALPAY_US,USD,55199.19,0.00,0.00,55199.19
2025-03-20,CUST-0002,GLOBALPAY_US,USD,65838.29,0.00,23517.68,42320.61
2025-03-20,CUST-0003,GLOBALPAY_US,USD,275052.42,0.00,22037.26,253015.16
2025-03-20,CUST-0004,GLOBALPAY_US,USD,3429.40,0.00,0.00,3429.40
2025-03-20,CUST-0005,GLOBALPAY_US,USD,1016.27,0.00,0.00,1016.27
2025-03-20,CUST-0006,GLOBALPAY_US,USD,42113.27,0.00,0.00,42113.27
2025-03-20,CUST-0007,GLOBALPAY_US,USD,136635.73,0.00,24635.82,111999.91
2025-03-20,CUST-0008,GLOBALPAY_US,USD,49359.84,0.00,0.00,49359.84
2025-03-20,CUST-0009,GLOBALPAY_US,USD,197252.37,0.00,0.00,197252.37
2025-03-20,CUST-0010,GLOBALPAY_US,USD,114.16,0.00,0.00,114.16
2025-03-20,CUST-0011,GLOBALPAY_US,USD,1415.39,0.00,0.00,1415.39
2025-03-20,CUST-0012,GLOBALPAY_US,USD,113127.08,0.00,3324.33,109802.75
2025-03-20,CUST-0013,GLOBALPAY_US,USD,184690.29,0.00,0.00,184690.29
2025-03-20,CUST-0014,GLOBALPAY_US,USD,277721.85,0.00,12126.43,265595.42
2025-03-20,CUST-0015,GLOBALPAY_US,USD,232571.64,0.00,0.00,232571.64
2025-03-20,CUST-0016,GLOBALPAY_US,USD,127146.02,0.00,1643.81,125502.21
2025-03-20,CUST-0017,GLOBALPAY_US,USD,128661.11,0.00,0.00,128661.11
2025-03-20,CUST-0018,GLOBALPAY_US,USD,71364.85,0.00,0.00,71364.85
2025-03-20,CUST-0019,GLOBALPAY_US,USD,71866.97,0.00,0.00,71866.97
2025-03-20,CUST-0020,GLOBALPAY_US,USD,5346.55,0.00,0.00,5346.55
2025-03-20,CUST-0021,GLOBALPAY_US,USD,113369.27,41763.63,1062.00,154070.90
2025-03-20,CUST-0022,GLOBALPAY_US,USD,111361.76,0.00,0.00,111361.76
2025-03-20,CUST-0023,GLOBALPAY_US,USD,18507.00,0.00,6412.47,12094.53
2025-03-20,CUST-0024,GLOBALPAY_US,USD,94358.85,0.00,0.00,94358.85
2025-03-20,CUST-0025,GLOBALPAY_US,USD,232809.08,0.00,0.00,232809.08
2025-03-21,CUST-0001,GLOBALPAY_US,USD,55199.19,0.00,0.00,55199.19
2025-03-21,CUST-0002,GLOBALPAY_US,USD,42320.61,0.00,0.00,42320.61
2025-03-21,CUST-0003,GLOBALPAY_US,USD,253015.16,0.00,0.00,253015.16
2025-03-21,CUST-0004,GLOBALPAY_US,USD,3429.40,0.00,0.00,3429.40
2025-03-21,CUST-0005,GLOBALPAY_US,USD,1016.27,28991.99,0.00,30008.26
2025-03-21,CUST-0006,GLOBALPAY_US,USD,42113.27,11977.88,0.00,54091.15
2025-03-21,CUST-0007,GLOBALPAY_US,USD,111999.91,0.00,0.00,111999.91
2025-03-21,CUST-0008,GLOBALPAY_US,USD,49359.84,0.00,0.00,49359.84
2025-03-21,CUST-0009,GLOBALPAY_US,USD,197252.37,0.00,0.00,197252.37
2025-03-21,CUST-0010,GLOBALPAY_US,USD,114.16,0.00,0.00,114.16
2025-03-21,CUST-0011,GLOBALPAY_US,USD,1415.39,0.00,0.00,1415.39
2025-03-21,CUST-0012,GLOBALPAY_US,USD,109802.75,0.00,29368.54,80434.21
2025-03-21,CUST-0013,GLOBALPAY_US,USD,184690.29,0.00,0.00,184690.29
2025-03-21,CUST-0014,GLOBALPAY_US,USD,265595.42,0.00,0.00,265595.42
2025-03-21,CUST-0015,GLOBALPAY_US,USD,232571.64,0.00,4926.10,227645.54
2025-03-21,CUST-0016,GLOBALPAY_US,USD,125502.21,0.00,0.00,125502.21
2025-03-21,CUST-0017,GLOBALPAY_US,USD,128661.11,0.00,3804.39,124856.72
2025-03-21,CUST-0018,GLOBALPAY_US,USD,71364.85,0.00,9173.01,62191.84
2025-03-21,CUST-0019,GLOBALPAY_US,USD,71866.97,0.00,10823.01,61043.96
2025-03-21,CUST-0020,GLOBALPAY_US,USD,5346.55,0.00,0.00,5346.55
2025-03-21,CUST-0021,GLOBALPAY_US,USD,154070.90,0.00,0.00,154070.90
2025-03-21,CUST-0022,GLOBALPAY_US,USD,111361.76,0.00,0.00,111361.76
2025-03-21,CUST-0023,GLOBALPAY_US,USD,12094.53,0.00,0.00,12094.53
2025-03-21,CUST-0024,GLOBALPAY_US,USD,94358.85,0.00,5518.31,88840.54
2025-03-21,CUST-0025,GLOBALPAY_US,USD,232809.08,0.00,15601.75,217207.33
2025-03-22,CUST-0001,GLOBALPAY_US,USD,55199.19,0.00,0.00,55199.19
2025-03-22,CUST-0002,GLOBALPAY_US,USD,42320.61,0.00,0.00,42320.61
2025-03-22,CUST-0003,GLOBALPAY_US,USD,253015.16,0.00,0.00,253015.16
2025-03-22,CUST-0004,GLOBALPAY_US,USD,3429.40,0.00,0.00,3429.40
2025-03-22,CUST-0005,GLOBALPAY_US,USD,30008.26,0.00,0.00,30008.26
2025-03-22,CUST-0006,GLOBALPAY_US,USD,54091.15,0.00,0.00,54091.15
2025-03-22,CUST-0007,GLOBALPAY_US,USD,111999.91,0.00,0.00,111999.91
2025-03-22,CUST-0008,GLOBALPAY_US,USD,49359.84,0.00,0.00,49359.84
2025-03-22,CUST-0009,GLOBALPAY_US,USD,197252.37,0.00,0.00,197252.37
2025-03-22,CUST-0010,GLOBALPAY_US,USD,114.16,0.00,0.00,114.16
2025-03-22,CUST-0011,GLOBALPAY_US,USD,1415.39,0.00,0.00,1415.39
2025-03-22,CUST-0012,GLOBALPAY_US,USD,80434.21,0.00,0.00,80434.21
2025-03-22,CUST-0013,GLOBALPAY_US,USD,184690.29,0.00,0.00,184690.29
2025-03-22,CUST-0014,GLOBALPAY_US,USD,265595.42,0.00,0.00,265595.42
2025-03-22,CUST-0015,GLOBALPAY_US,USD,227645.54,0.00,0.00,227645.54
2025-03-22,CUST-0016,GLOBALPAY_US,USD,125502.21,0.00,0.00,125502.21
2025-03-22,CUST-0017,GLOBALPAY_US,USD,124856.72,0.00,0.00,124856.72
2025-03-22,CUST-0018,GLOBALPAY_US,USD,62191.84,0.00,0.00,62191.84
2025-03-22,CUST-0019,GLOBALPAY_US,USD,61043.96,0.00,0.00,61043.96
2025-03-22,CUST-0020,GLOBALPAY_US,USD,5346.55,0.00,0.00,5346.55
2025-03-22,CUST-0021,GLOBALPAY_US,USD,154070.90,0.00,0.00,154070.90
2025-03-22,CUST-0022,GLOBALPAY_US,USD,111361.76,0.00,0.00,111361.76
2025-03-22,CUST-0023,GLOBALPAY_US,USD,12094.53,0.00,0.00,12094.53
2025-03-22,CUST-0024,GLOBALPAY_US,USD,88840.54,0.00,0.00,88840.54
2025-03-22,CUST-0025,GLOBALPAY_US,USD,217207.33,0.00,0.00,217207.33
2025-03-23,CUST-0001,GLOBALPAY_US,USD,55199.19,0.00,0.00,55199.19
2025-03-23,CUST-0002,GLOBALPAY_US,USD,42320.61,0.00,0.00,42320.61
2025-03-23,CUST-0003,GLOBALPAY_US,USD,253015.16,0.00,0.00,253015.16
2025-03-23,CUST-0004,GLOBALPAY_US,USD,3429.40,0.00,0.00,3429.40
2025-03-23,CUST-0005,GLOBALPAY_US,USD,30008.26,0.00,0.00,30008.26
2025-03-23,CUST-0006,GLOBALPAY_US,USD,54091.15,0.00,0.00,54091.15
2025-03-23,CUST-0007,GLOBALPAY_US,USD,111999.91,0.00,0.00,111999.91
2025-03-23,CUST-0008,GLOBALPAY_US,USD,49359.84,0.00,0.00,49359.84
2025-03-23,CUST-0009,GLOBALPAY_US,USD,197252.37,0.00,0.00,197252.37
2025-03-23,CUST-0010,GLOBALPAY_US,USD,114.16,0.00,0.00,114.16
2025-03-23,CUST-0011,GLOBALPAY_US,USD,1415.39,0.00,0.00,1415.39
2025-03-23,CUST-0012,GLOBALPAY_US,USD,80434.21,0.00,0.00,80434.21
2025-03-23,CUST-0013,GLOBALPAY_US,USD,184690.29,0.00,0.00,184690.29
2025-03-23,CUST-0014,GLOBALPAY_US,USD,265595.42,0.00,0.00,265595.42
2025-03-23,CUST-0015,GLOBALPAY_US,USD,227645.54,0.00,0.00,227645.54
2025-03-23,CUST-0016,GLOBALPAY_US,USD,125502.21,0.00,0.00,125502.21
2025-03-23,CUST-0017,GLOBALPAY_US,USD,124856.72,0.00,0.00,124856.72
2025-03-23,CUST-0018,GLOBALPAY_US,USD,62191.84,0.00,0.00,62191.84
2025-03-23,CUST-0019,GLOBALPAY_US,USD,61043.96,0.00,0.00,61043.96
2025-03-23,CUST-0020,GLOBALPAY_US,USD,5346.55,0.00,0.00,5346.55
2025-03-23,CUST-0021,GLOBALPAY_US,USD,154070.90,0.00,0.00,154070.90
2025-03-23,CUST-0022,GLOBALPAY_US,USD,111361.76,0.00,0.00,111361.76
2025-03-23,CUST-0023,GLOBALPAY_US,USD,12094.53,0.00,0.00,12094.53
2025-03-23,CUST-0024,GLOBALPAY_US,USD,88840.54,0.00,0.00,88840.54
2025-03-23,CUST-0025,GLOBALPAY_US,USD,217207.33,0.00,0.00,217207.33
2025-03-24,CUST-0001,GLOBALPAY_US,USD,55199.19,0.00,0.00,55199.19
2025-03-24,CUST-0002,GLOBALPAY_US,USD,42320.61,0.00,0.00,42320.61
2025-03-24,CUST-0003,GLOBALPAY_US,USD,253015.16,0.00,5552.46,247462.70
2025-03-24,CUST-0004,GLOBALPAY_US,USD,3429.40,0.00,0.00,3429.40
2025-03-24,CUST-0005,GLOBALPAY_US,USD,30008.26,0.00,23354.29,6653.97
2025-03-24,CUST-0006,GLOBALPAY_US,USD,54091.15,0.00,0.00,54091.15
2025-03-24,CUST-0007,GLOBALPAY_US,USD,111999.91,0.00,0.00,111999.91
2025-03-24,CUST-0008,GLOBALPAY_US,USD,49359.84,0.00,12891.59,36468.25
2025-03-24,CUST-0009,GLOBALPAY_US,USD,197252.37,0.00,865.31,196387.06
2025-03-24,CUST-0010,GLOBALPAY_US,USD,114.16,42119.80,6857.06,35376.90
2025-03-24,CUST-0011,GLOBALPAY_US,USD,1415.39,0.00,0.00,1415.39
2025-03-24,CUST-0012,GLOBALPAY_US,USD,80434.21,0.00,0.00,80434.21
2025-03-24,CUST-0013,GLOBALPAY_US,USD,184690.29,0.00,0.00,184690.29
2025-03-24,CUST-0014,GLOBALPAY_US,USD,265595.42,0.00,0.00,265595.42
2025-03-24,CUST-0015,GLOBALPAY_US,USD,227645.54,0.00,0.00,227645.54
2025-03-24,CUST-0016,GLOBALPAY_US,USD,125502.21,0.00,0.00,125502.21
2025-03-24,CUST-0017,GLOBALPAY_US,USD,124856.72,0.00,0.00,124856.72
2025-03-24,CUST-0018,GLOBALPAY_US,USD,62191.84,0.00,0.00,62191.84
2025-03-24,CUST-0019,GLOBALPAY_US,USD,61043.96,0.00,6189.85,54854.11
2025-03-24,CUST-0020,GLOBALPAY_US,USD,5346.55,0.00,0.00,5346.55
2025-03-24,CUST-0021,GLOBALPAY_US,USD,154070.90,0.00,0.00,154070.90
2025-03-24,CUST-0022,GLOBALPAY_US,USD,111361.76,0.00,0.00,111361.76
2025-03-24,CUST-0023,GLOBALPAY_US,USD,12094.53,0.00,0.00,12094.53
2025-03-24,CUST-0024,GLOBALPAY_US,USD,88840.54,0.00,0.00,88840.54
2025-03-24,CUST-0025,GLOBALPAY_US,USD,217207.33,0.00,0.00,217207.33
2025-03-25,CUST-0001,GLOBALPAY_US,USD,55199.19,0.00,0.00,55199.19
2025-03-25,CUST-0002,GLOBALPAY_US,USD,42320.61,0.00,0.00,42320.61
2025-03-25,CUST-0003,GLOBALPAY_US,USD,247462.70,0.00,0.00,247462.70
2025-03-25,CUST-0004,GLOBALPAY_US,USD,3429.40,0.00,0.00,3429.40
2025-03-25,CUST-0005,GLOBALPAY_US,USD,6653.97,0.00,0.00,6653.97
2025-03-25,CUST-0006,GLOBALPAY_US,USD,54091.15,0.00,3073.74,51017.41
2025-03-25,CUST-0007,GLOBALPAY_US,USD,111999.91,0.00,13591.55,98408.36
2025-03-25,CUST-0008,GLOBALPAY_US,USD,36468.25,0.00,0.00,36468.25
2025-03-25,CUST-0009,GLOBALPAY_US,USD,196387.06,0.00,0.00,196387.06
2025-03-25,CUST-0010,GLOBALPAY_US,USD,35376.90,0.00,0.00,35376.90
2025-03-25,CUST-0011,GLOBALPAY_US,USD,1415.39,0.00,0.00,1415.39
2025-03-25,CUST-0012,GLOBALPAY_US,USD,80434.21,0.00,23215.60,57218.61
2025-03-25,CUST-0013,GLOBALPAY_US,USD,184690.29,0.00,0.00,184690.29
2025-03-25,CUST-0014,GLOBALPAY_US,USD,265595.42,0.00,0.00,265595.42
2025-03-25,CUST-0015,GLOBALPAY_US,USD,227645.54,0.00,0.00,227645.54
2025-03-25,CUST-0016,GLOBALPAY_US,USD,125502.21,0.00,0.00,125502.21
2025-03-25,CUST-0017,GLOBALPAY_US,USD,124856.72,0.00,0.00,124856.72
2025-03-25,CUST-0018,GLOBALPAY_US,USD,62191.84,0.00,0.00,62191.84
2025-03-25,CUST-0019,GLOBALPAY_US,USD,54854.11,0.00,2914.52,51939.59
2025-03-25,CUST-0020,GLOBALPAY_US,USD,5346.55,0.00,0.00,5346.55
2025-03-25,CUST-0021,GLOBALPAY_US,USD,154070.90,0.00,19117.02,134953.88
2025-03-25,CUST-0022,GLOBALPAY_US,USD,111361.76,0.00,0.00,111361.76
2025-03-25,CUST-0023,GLOBALPAY_US,USD,12094.53,0.00,0.00,12094.53
2025-03-25,CUST-0024,GLOBALPAY_US,USD,88840.54,0.00,0.00,88840.54
2025-03-25,CUST-0025,GLOBALPAY_US,USD,217207.33,0.00,0.00,217207.33
2025-03-26,CUST-0001,GLOBALPAY_US,USD,55199.19,0.00,0.00,55199.19
2025-03-26,CUST-0002,GLOBALPAY_US,USD,42320.61,0.00,0.00,42320.61
2025-03-26,CUST-0003,GLOBALPAY_US,USD,247462.70,0.00,0.00,247462.70
2025-03-26,CUST-0004,GLOBALPAY_US,USD,3429.40,0.00,0.00,3429.40
2025-03-26,CUST-0005,GLOBALPAY_US,USD,6653.97,0.00,4096.65,2557.32
2025-03-26,CUST-0006,GLOBALPAY_US,USD,51017.41,0.00,0.00,51017.41
2025-03-26,CUST-0007,GLOBALPAY_US,USD,98408.36,0.00,21276.37,77131.99
2025-03-26,CUST-0008,GLOBALPAY_US,USD,36468.25,0.00,0.00,36468.25
2025-03-26,CUST-0009,GLOBALPAY_US,USD,196387.06,0.00,4489.82,191897.24
2025-03-26,CUST-0010,GLOBALPAY_US,USD,35376.90,0.00,0.00,35376.90
2025-03-26,CUST-0011,GLOBALPAY_US,USD,1415.39,0.00,0.00,1415.39
2025-03-26,CUST-0012,GLOBALPAY_US,USD,57218.61,21868.92,0.00,79087.53
2025-03-26,CUST-0013,GLOBALPAY_US,USD,184690.29,0.00,0.00,184690.29
2025-03-26,CUST-0014,GLOBALPAY_US,USD,265595.42,0.00,15941.33,249654.09
2025-03-26,CUST-0015,GLOBALPAY_US,USD,227645.54,0.00,0.00,227645.54
2025-03-26,CUST-0016,GLOBALPAY_US,USD,125502.21,0.00,0.00,125502.21
2025-03-26,CUST-0017,GLOBALPAY_US,USD,124856.72,0.00,0.00,124856.72
2025-03-26,CUST-0018,GLOBALPAY_US,USD,62191.84,0.00,0.00,62191.84
2025-03-26,CUST-0019,GLOBALPAY_US,USD,51939.59,0.00,0.00,51939.59
2025-03-26,CUST-0020,GLOBALPAY_US,USD,5346.55,0.00,0.00,5346.55
2025-03-26,CUST-0021,GLOBALPAY_US,USD,134953.88,0.00,8510.70,126443.18
2025-03-26,CUST-0022,GLOBALPAY_US,USD,111361.76,0.00,3387.02,107974.74
2025-03-26,CUST-0023,GLOBALPAY_US,USD,12094.53,11328.47,0.00,23423.00
2025-03-26,CUST-0024,GLOBALPAY_US,USD,88840.54,0.00,0.00,88840.54
2025-03-26,CUST-0025,GLOBALPAY_US,USD,217207.33,0.00,0.00,217207.33
2025-03-27,CUST-0001,GLOBALPAY_US,USD,55199.19,0.00,3490.44,51708.75
2025-03-27,CUST-0002,GLOBALPAY_US,USD,42320.61,0.00,3237.78,39082.83
2025-03-27,CUST-0003,GLOBALPAY_US,USD,247462.70,0.00,0.00,247462.70
2025-03-27,CUST-0004,GLOBALPAY_US,USD,3429.40,0.00,2215.84,1213.56
2025-03-27,CUST-0005,GLOBALPAY_US,USD,2557.32,0.00,2545.29,12.03
2025-03-27,CUST-0006,GLOBALPAY_US,USD,51017.41,0.00,0.00,51017.41
2025-03-27,CUST-0007,GLOBALPAY_US,USD,77131.99,0.00,0.00,77131.99
2025-03-27,CUST-0008,GLOBALPAY_US,USD,36468.25,0.00,18876.95,17591.30
2025-03-27,CUST-0009,GLOBALPAY_US,USD,191897.24,0.00,0.00,191897.24
2025-03-27,CUST-0010,GLOBALPAY_US,USD,35376.90,0.00,0.00,35376.90
2025-03-27,CUST-0011,GLOBALPAY_US,USD,1415.39,0.00,0.00,1415.39
2025-03-27,CUST-0012,GLOBALPAY_US,USD,79087.53,0.00,0.00,79087.53
2025-03-27,CUST-0013,GLOBALPAY_US,USD,184690.29,0.00,0.00,184690.29
2025-03-27,CUST-0014,GLOBALPAY_US,USD,249654.09,0.00,0.00,249654.09
2025-03-27,CUST-0015,GLOBALPAY_US,USD,227645.54,0.00,0.00,227645.54
2025-03-27,CUST-0016,GLOBALPAY_US,USD,125502.21,0.00,0.00,125502.21
2025-03-27,CUST-0017,GLOBALPAY_US,USD,124856.72,0.00,0.00,124856.72
2025-03-27,CUST-0018,GLOBALPAY_US,USD,62191.84,0.00,0.00,62191.84
2025-03-27,CUST-0019,GLOBALPAY_US,USD,51939.59,0.00,0.00,51939.59
2025-03-27,CUST-0020,GLOBALPAY_US,USD,5346.55,0.00,0.00,5346.55
2025-03-27,CUST-0021,GLOBALPAY_US,USD,126443.18,0.00,3776.09,122667.09
2025-03-27,CUST-0022,GLOBALPAY_US,USD,107974.74,0.00,0.00,107974.74
2025-03-27,CUST-0023,GLOBALPAY_US,USD,23423.00,0.00,11782.11,11640.89
2025-03-27,CUST-0024,GLOBALPAY_US,USD,88840.54,0.00,2089.00,86751.54
2025-03-27,CUST-0025,GLOBALPAY_US,USD,217207.33,0.00,0.00,217207.33
2025-03-28,CUST-0001,GLOBALPAY_US,USD,51708.75,0.00,0.00,51708.75
2025-03-28,CUST-0002,GLOBALPAY_US,USD,39082.83,0.00,0.00,39082.83
2025-03-28,CUST-0003,GLOBALPAY_US,USD,247462.70,0.00,0.00,247462.70
2025-03-28,CUST-0004,GLOBALPAY_US,USD,1213.56,0.00,0.00,1213.56
2025-03-28,CUST-0005,GLOBALPAY_US,USD,12.03,0.00,0.00,12.03
2025-03-28,CUST-0006,GLOBALPAY_US,USD,51017.41,0.00,0.00,51017.41
2025-03-28,CUST-0007,GLOBALPAY_US,USD,77131.99,0.00,0.00,77131.99
2025-03-28,CUST-0008,GLOBALPAY_US,USD,17591.30,45088.41,0.00,62679.71
2025-03-28,CUST-0009,GLOBALPAY_US,USD,191897.24,0.00,0.00,191897.24
2025-03-28,CUST-0010,GLOBALPAY_US,USD,35376.90,0.00,0.00,35376.90
2025-03-28,CUST-0011,GLOBALPAY_US,USD,1415.39,0.00,0.00,1415.39
2025-03-28,CUST-0012,GLOBALPAY_US,USD,79087.53,0.00,0.00,79087.53
2025-03-28,CUST-0013,GLOBALPAY_US,USD,184690.29,0.00,6641.85,178048.44
2025-03-28,CUST-0014,GLOBALPAY_US,USD,249654.09,0.00,0.00,249654.09
2025-03-28,CUST-0015,GLOBALPAY_US,USD,227645.54,0.00,5172.87,222472.67
2025-03-28,CUST-0016,GLOBALPAY_US,USD,125502.21,0.00,8579.05,116923.16
2025-03-28,CUST-0017,GLOBALPAY_US,USD,124856.72,0.00,0.00,124856.72
2025-03-28,CUST-0018,GLOBALPAY_US,USD,62191.84,0.00,0.00,62191.84
2025-03-28,CUST-0019,GLOBALPAY_US,USD,51939.59,0.00,1387.78,50551.81
2025-03-28,CUST-0020,GLOBALPAY_US,USD,5346.55,0.00,0.00,5346.55
2025-03-28,CUST-0021,GLOBALPAY_US,USD,122667.09,15266.97,0.00,137934.06
2025-03-28,CUST-0022,GLOBALPAY_US,USD,107974.74,0.00,2864.06,105110.68
2025-03-28,CUST-0023,GLOBALPAY_US,USD,11640.89,0.00,0.00,11640.89
2025-03-28,CUST-0024,GLOBALPAY_US,USD,86751.54,0.00,0.00,86751.54
2025-03-28,CUST-0025,GLOBALPAY_US,USD,217207.33,0.00,0.00,217207.33
2025-03-29,CUST-0001,GLOBALPAY_US,USD,51708.75,0.00,0.00,51708.75
2025-03-29,CUST-0002,GLOBALPAY_US,USD,39082.83,0.00,0.00,39082.83
2025-03-29,CUST-0003,GLOBALPAY_US,USD,247462.70,0.00,0.00,247462.70
2025-03-29,CUST-0004,GLOBALPAY_US,USD,1213.56,0.00,0.00,1213.56
2025-03-29,CUST-0005,GLOBALPAY_US,USD,12.03,0.00,0.00,12.03
2025-03-29,CUST-0006,GLOBALPAY_US,USD,51017.41,0.00,0.00,51017.41
2025-03-29,CUST-0007,GLOBALPAY_US,USD,77131.99,0.00,0.00,77131.99
2025-03-29,CUST-0008,GLOBALPAY_US,USD,62679.71,0.00,0.00,62679.71
2025-03-29,CUST-0009,GLOBALPAY_US,USD,191897.24,0.00,0.00,191897.24
2025-03-29,CUST-0010,GLOBALPAY_US,USD,35376.90,0.00,0.00,35376.90
2025-03-29,CUST-0011,GLOBALPAY_US,USD,1415.39,0.00,0.00,1415.39
2025-03-29,CUST-0012,GLOBALPAY_US,USD,79087.53,0.00,0.00,79087.53
2025-03-29,CUST-0013,GLOBALPAY_US,USD,178048.44,0.00,0.00,178048.44
2025-03-29,CUST-0014,GLOBALPAY_US,USD,249654.09,0.00,0.00,249654.09
2025-03-29,CUST-0015,GLOBALPAY_US,USD,222472.67,0.00,0.00,222472.67
2025-03-29,CUST-0016,GLOBALPAY_US,USD,116923.16,0.00,0.00,116923.16
2025-03-29,CUST-0017,GLOBALPAY_US,USD,124856.72,0.00,0.00,124856.72
2025-03-29,CUST-0018,GLOBALPAY_US,USD,62191.84,0.00,0.00,62191.84
2025-03-29,CUST-0019,GLOBALPAY_US,USD,50551.81,0.00,0.00,50551.81
2025-03-29,CUST-0020,GLOBALPAY_US,USD,5346.55,0.00,0.00,5346.55
2025-03-29,CUST-0021,GLOBALPAY_US,USD,137934.06,0.00,0.00,137934.06
2025-03-29,CUST-0022,GLOBALPAY_US,USD,105110.68,0.00,0.00,105110.68
2025-03-29,CUST-0023,GLOBALPAY_US,USD,11640.89,0.00,0.00,11640.89
2025-03-29,CUST-0024,GLOBALPAY_US,USD,86751.54,0.00,0.00,86751.54
2025-03-29,CUST-0025,GLOBALPAY_US,USD,217207.33,0.00,0.00,217207.33
2025-03-30,CUST-0001,GLOBALPAY_US,USD,51708.75,0.00,0.00,51708.75
2025-03-30,CUST-0002,GLOBALPAY_US,USD,39082.83,0.00,0.00,39082.83
2025-03-30,CUST-0003,GLOBALPAY_US,USD,247462.70,0.00,0.00,247462.70
2025-03-30,CUST-0004,GLOBALPAY_US,USD,1213.56,0.00,0.00,1213.56
2025-03-30,CUST-0005,GLOBALPAY_US,USD,12.03,0.00,0.00,12.03
2025-03-30,CUST-0006,GLOBALPAY_US,USD,51017.41,0.00,0.00,51017.41
2025-03-30,CUST-0007,GLOBALPAY_US,USD,77131.99,0.00,0.00,77131.99
2025-03-30,CUST-0008,GLOBALPAY_US,USD,62679.71,0.00,0.00,62679.71
2025-03-30,CUST-0009,GLOBALPAY_US,USD,191897.24,0.00,0.00,191897.24
2025-03-30,CUST-0010,GLOBALPAY_US,USD,35376.90,0.00,0.00,35376.90
2025-03-30,CUST-0011,GLOBALPAY_US,USD,1415.39,0.00,0.00,1415.39
2025-03-30,CUST-0012,GLOBALPAY_US,USD,79087.53,0.00,0.00,79087.53
2025-03-30,CUST-0013,GLOBALPAY_US,USD,178048.44,0.00,0.00,178048.44
2025-03-30,CUST-0014,GLOBALPAY_US,USD,249654.09,0.00,0.00,249654.09
2025-03-30,CUST-0015,GLOBALPAY_US,USD,222472.67,0.00,0.00,222472.67
2025-03-30,CUST-0016,GLOBALPAY_US,USD,116923.16,0.00,0.00,116923.16
2025-03-30,CUST-0017,GLOBALPAY_US,USD,124856.72,0.00,0.00,124856.72
2025-03-30,CUST-0018,GLOBALPAY_US,USD,62191.84,0.00,0.00,62191.84
2025-03-30,CUST-0019,GLOBALPAY_US,USD,50551.81,0.00,0.00,50551.81
2025-03-30,CUST-0020,GLOBALPAY_US,USD,5346.55,0.00,0.00,5346.55
2025-03-30,CUST-0021,GLOBALPAY_US,USD,137934.06,0.00,0.00,137934.06
2025-03-30,CUST-0022,GLOBALPAY_US,USD,105110.68,0.00,0.00,105110.68
2025-03-30,CUST-0023,GLOBALPAY_US,USD,11640.89,0.00,0.00,11640.89
2025-03-30,CUST-0024,GLOBALPAY_US,USD,86751.54,0.00,0.00,86751.54
2025-03-30,CUST-0025,GLOBALPAY_US,USD,217207.33,0.00,0.00,217207.33
2025-03-31,CUST-0001,GLOBALPAY_US,USD,51708.75,0.00,15574.24,36134.51
2025-03-31,CUST-0002,GLOBALPAY_US,USD,39082.83,0.00,0.00,39082.83
2025-03-31,CUST-0003,GLOBALPAY_US,USD,247462.70,0.00,0.00,247462.70
2025-03-31,CUST-0004,GLOBALPAY_US,USD,1213.56,0.00,0.00,1213.56
2025-03-31,CUST-0005,GLOBALPAY_US,USD,12.03,0.00,0.00,12.03
2025-03-31,CUST-0006,GLOBALPAY_US,USD,51017.41,0.00,0.00,51017.41
2025-03-31,CUST-0007,GLOBALPAY_US,USD,77131.99,0.00,0.00,77131.99
2025-03-31,CUST-0008,GLOBALPAY_US,USD,62679.71,21482.80,0.00,84162.51
2025-03-31,CUST-0009,GLOBALPAY_US,USD,191897.24,0.00,0.00,191897.24
2025-03-31,CUST-0010,GLOBALPAY_US,USD,35376.90,0.00,0.00,35376.90
2025-03-31,CUST-0011,GLOBALPAY_US,USD,1415.39,0.00,0.00,1415.39
2025-03-31,CUST-0012,GLOBALPAY_US,USD,79087.53,0.00,0.00,79087.53
2025-03-31,CUST-0013,GLOBALPAY_US,USD,178048.44,0.00,2862.43,175186.01
2025-03-31,CUST-0014,GLOBALPAY_US,USD,249654.09,0.00,976.42,248677.67
2025-03-31,CUST-0015,GLOBALPAY_US,USD,222472.67,0.00,5525.28,216947.39
2025-03-31,CUST-0016,GLOBALPAY_US,USD,116923.16,0.00,0.00,116923.16
2025-03-31,CUST-0017,GLOBALPAY_US,USD,124856.72,47358.12,1656.14,170558.70
2025-03-31,CUST-0018,GLOBALPAY_US,USD,62191.84,0.00,2734.38,59457.46
2025-03-31,CUST-0019,GLOBALPAY_US,USD,50551.81,0.00,0.00,50551.81
2025-03-31,CUST-0020,GLOBALPAY_US,USD,5346.55,0.00,0.00,5346.55
2025-03-31,CUST-0021,GLOBALPAY_US,USD,137934.06,0.00,1043.04,136891.02
2025-03-31,CUST-0022,GLOBALPAY_US,USD,105110.68,0.00,0.00,105110.68
2025-03-31,CUST-0023,GLOBALPAY_US,USD,11640.89,0.00,5367.61,6273.28
2025-03-31,CUST-0024,GLOBALPAY_US,USD,86751.54,0.00,3654.46,83097.08
2025-03-31,CUST-0025,GLOBALPAY_US,USD,217207.33,0.00,0.00,217207.33
