partner_instruction_id,payment_id,bank_txn_id,bank_reference,customer_id,entity,partner,payment_method,ledger_record_count,bank_record_count,booking_timestamp_utc,booking_date,expected_settlement_date,execution_timestamp_utc,execution_date,value_date,source_currency,source_amount_usd,destination_currency,quoted_fx_rate,executed_fx_rate,expected_partner_fee_usd,actual_fee_amount_usd,expected_net_source_amount_usd,expected_fx_execution_source_amount_usd,actual_fx_execution_source_amount_usd,expected_settlement_amount_cny,actual_settlement_amount_cny,fee_variance_usd,fx_execution_funding_variance_usd,settlement_variance_cny,settlement_delay_calendar_days,reconciliation_state,aging_days,aging_bucket,ledger_status,external_status,as_of_date
PA-INS-000001,PAY-000001,PA-BNK-000003,PA-00000003,CUST-0002,GLOBALPAY_US,PARTNER_A,LOCAL_BANK_TRANSFER,1,1,2025-01-02T13:29:00Z,2025-01-02,2025-01-03,2025-01-02T17:01:00Z,2025-01-02,2025-01-03,USD,4242.14,CNY,7.094159,7.09689,25.45,25.45,4216.69,4216.7,4215.07,29913.87,29913.87,0.0,-1.63,0.0,0,MATCHED,,,BOOKED,SETTLED,2025-03-31
PA-INS-000002,PAY-000002,PA-BNK-000001,PA-00000001,CUST-0004,GLOBALPAY_US,PARTNER_A,LOCAL_BANK_TRANSFER,1,1,2025-01-02T14:18:00Z,2025-01-02,2025-01-03,2025-01-02T14:45:00Z,2025-01-02,2025-01-03,USD,1172.16,CNY,7.091159,7.096839,7.03,7.03,1165.13,1165.13,1164.2,8262.12,8262.12,0.0,-0.93,0.0,0,MATCHED,,,BOOKED,SETTLED,2025-03-31
PA-INS-000004,PAY-000004,PA-BNK-000002,PA-00000002,CUST-0021,GLOBALPAY_US,PARTNER_A,SWIFT,1,1,2025-01-02T15:12:00Z,2025-01-02,2025-01-03,2025-01-02T15:57:00Z,2025-01-02,2025-01-03,USD,6811.41,CNY,7.095376,7.101059,40.87,40.87,6770.54,6770.55,6765.13,48039.53,48039.53,0.0,-5.42,0.0,0,MATCHED,,,BOOKED,SETTLED,2025-03-31
PA-INS-000006,PAY-000006,PA-BNK-000004,PA-00000004,CUST-0002,GLOBALPAY_US,PARTNER_A,SWIFT,1,1,2025-01-02T18:59:00Z,2025-01-02,2025-01-03,2025-01-02T20:19:00Z,2025-01-02,2025-01-03,USD,7722.17,CNY,7.099094,7.099862,46.33,46.33,7675.84,7675.85,7675.01,54491.51,54491.51,0.0,-0.84,0.0,0,MATCHED,,,BOOKED,SETTLED,2025-03-31
PA-INS-000010,PAY-000010,PA-BNK-000007,PA-00000007,CUST-0004,GLOBALPAY_US,PARTNER_A,LOCAL_BANK_TRANSFER,1,1,2025-01-03T13:58:00Z,2025-01-03,2025-01-06,2025-01-03T17:05:00Z,2025-01-03,2025-01-06,USD,6825.26,CNY,7.081166,7.078169,40.95,40.95,6784.31,6784.32,6787.19,48040.83,48040.83,0.0,2.87,0.0,0,MATCHED,,,BOOKED,SETTLED,2025-03-31
PA-INS-000011,PAY-000011,PA-BNK-000008,PA-00000008,CUST-0009,GLOBALPAY_US,PARTNER_A,LOCAL_BANK_TRANSFER,1,1,2025-01-03T18:27:00Z,2025-01-03,2025-01-06,2025-01-03T19:46:00Z,2025-01-03,2025-01-06,USD,4958.52,CNY,7.078628,7.084004,29.75,29.75,4928.77,4928.78,4925.03,34888.93,34888.93,0.0,-3.75,0.0,0,MATCHED,,,BOOKED,SETTLED,2025-03-31
PA-INS-000012,PAY-000012,PA-BNK-000009,PA-00000009,CUST-0006,GLOBALPAY_US,PARTNER_A,SWIFT,1,1,2025-01-03T20:52:00Z,2025-01-03,2025-01-06,2025-01-03T21:30:00Z,2025-01-03,2025-01-06,USD,5358.87,CNY,7.07557,7.077382,32.15,32.15,5326.72,5326.72,5325.36,37689.58,37689.58,0.0,-1.36,0.0,0,MATCHED,,,BOOKED,SETTLED,2025-03-31
PA-INS-000013,PAY-000013,PA-BNK-000013,PA-00000013,CUST-0023,GLOBALPAY_US,PARTNER_A,SWIFT,1,1,2025-01-03T23:06:00Z,2025-01-03,2025-01-07,2025-01-06T14:45:00Z,2025-01-06,2025-01-07,USD,13904.34,CNY,7.068948,7.075096,83.43,83.43,13820.91,13820.91,13808.9,97699.29,97699.29,0.0,-12.01,0.0,0,MATCHED,,,BOOKED,SETTLED,2025-03-31
PA-INS-000016,PAY-000016,PA-BNK-000014,PA-00000014,CUST-0015,GLOBALPAY_US,PARTNER_A,LOCAL_BANK_TRANSFER,1,1,2025-01-06T13:53:00Z,2025-01-06,2025-01-07,2025-01-06T15:54:00Z,2025-01-06,2025-01-07,USD,1143.82,CNY,7.071742,7.081023,6.86,6.86,1136.96,1136.97,1135.48,8040.29,8040.29,0.0,-1.49,0.0,0,MATCHED,,,BOOKED,SETTLED,2025-03-31
PA-INS-000017,PAY-000017,PA-BNK-000015,PA-00000015,CUST-0024,GLOBALPAY_US,PARTNER_A,LOCAL_BANK_TRANSFER,1,1,2025-01-06T17:07:00Z,2025-01-06,2025-01-07,2025-01-06T17:38:00Z,2025-01-06,2025-01-07,USD,1501.8,CNY,7.074942,7.080609,9.01,9.01,1492.79,1492.79,1491.6,10561.4,10561.4,0.0,-1.19,0.0,0,MATCHED,,,BOOKED,SETTLED,2025-03-31
PA-INS-000018,PAY-000018,PA-BNK-000016,PA-00000016,CUST-0023,GLOBALPAY_US,PARTNER_A,LOCAL_BANK_TRANSFER,1,1,2025-01-06T18:29:00Z,2025-01-06,2025-01-07,2025-01-06T20:05:00Z,2025-01-06,2025-01-07,USD,3087.09,CNY,7.072188,7.07637,18.52,18.52,3068.57,3068.57,3066.76,21701.5,21701.5,0.0,-1.81,0.0,0,MATCHED,,,BOOKED,SETTLED,2025-03-31
PA-INS-000019,PAY-000019,PA-BNK-000017,PA-00000017,CUST-0020,GLOBALPAY_US,PARTNER_A,LOCAL_BANK_TRANSFER,1,1,2025-01-06T19:46:00Z,2025-01-06,2025-01-07,2025-01-06T20:21:00Z,2025-01-06,2025-01-07,USD,4635.55,CNY,7.075964,7.07637,27.81,27.81,4607.74,4607.74,4607.48,32604.2,32604.2,0.0,-0.26,0.0,0,MATCHED,,,BOOKED,SETTLED,2025-03-31
PA-INS-000021,PAY-000021,PA-BNK-000018,PA-00000018,CUST-0008,GLOBALPAY_US,PARTNER_A,LOCAL_BANK_TRANSFER,1,1,2025-01-06T20:18:00Z,2025-01-06,2025-01-07,2025-01-06T21:22:00Z,2025-01-06,2025-01-07,USD,17845.09,CNY,7.070707,7.07223,107.07,107.07,17738.02,17738.02,17734.2,125420.34,125420.34,0.0,-3.82,0.0,0,MATCHED,,,BOOKED,SETTLED,2025-03-31
PA-INS-000023,PAY-000023,PA-BNK-000023,PA-00000023,CUST-0005,GLOBALPAY_US,PARTNER_A,LOCAL_BANK_TRANSFER,1,1,2025-01-06T21:06:00Z,2025-01-06,2025-01-08,2025-01-07T16:23:00Z,2025-01-07,2025-01-08,USD,2671.29,CNY,7.06657,7.050378,16.03,16.03,2655.26,2655.26,2661.36,18763.58,18763.58,0.0,6.1,0.0,0,MATCHED,,,BOOKED,SETTLED,2025-03-31
PA-INS-000024,PAY-000024,PA-BNK-000024,PA-00000024,CUST-0014,GLOBALPAY_US,PARTNER_A,LOCAL_BANK_TRANSFER,1,1,2025-01-06T22:19:00Z,2025-01-06,2025-01-08,2025-01-07T16:23:00Z,2025-01-07,2025-01-08,USD,13791.09,CNY,7.070958,7.050378,82.75,82.75,13708.34,13708.35,13748.36,96931.1,96931.1,0.0,40.01,0.0,0,MATCHED,,,BOOKED,SETTLED,2025-03-31
PA-INS-000025,PAY-000025,PA-BNK-000025,PA-00000025,CUST-0020,GLOBALPAY_US,PARTNER_A,LOCAL_BANK_TRANSFER,1,1,2025-01-06T23:23:00Z,2025-01-06,2025-01-08,2025-01-07T16:27:00Z,2025-01-07,2025-01-08,USD,3999.9,CNY,7.074159,7.050378,24,24,3975.9,3975.91,3989.32,28126.15,28126.15,0.0,13.41,0.0,0,MATCHED,,,BOOKED,SETTLED,2025-03-31
PA-INS-000026,PAY-000026,PA-BNK-000021,PA-00000021,CUST-0024,GLOBALPAY_US,PARTNER_A,LOCAL_BANK_TRANSFER,1,1,2025-01-07T00:51:00Z,2025-01-06,2025-01-08,2025-01-07T15:54:00Z,2025-01-07,2025-01-08,USD,2577.03,CNY,7.060271,7.05517,15.46,15.46,2561.57,2561.58,2563.43,18085.38,18085.38,0.0,1.85,0.0,0,MATCHED,,,BOOKED,SETTLED,2025-03-31
PA-INS-000027,PAY-000027,PA-BNK-000022,PA-00000022,CUST-0018,GLOBALPAY_US,PARTNER_A,LOCAL_BANK_TRANSFER,1,1,2025-01-07T15:14:00Z,2025-01-07,2025-01-08,2025-01-07T16:03:00Z,2025-01-07,2025-01-08,USD,17158.81,CNY,7.049523,7.050378,102.95,102.95,17055.86,17055.87,17053.8,120235.68,120235.68,0.0,-2.07,0.0,0,MATCHED,,,BOOKED,SETTLED,2025-03-31
PA-INS-000030,PAY-000030,PA-BNK-000026,PA-00000026,CUST-0020,GLOBALPAY_US,PARTNER_A,SWIFT,1,1,2025-01-07T17:35:00Z,2025-01-07,2025-01-08,2025-01-07T18:54:00Z,2025-01-07,2025-01-08,USD,5249.03,CNY,7.04206,7.058022,31.49,31.49,5217.54,5217.55,5205.75,36742.23,36742.23,0.0,-11.8,0.0,0,MATCHED,,,BOOKED,SETTLED,2025-03-31
PA-INS-000031,PAY-000031,PA-BNK-000028,PA-00000028,CUST-0021,GLOBALPAY_US,PARTNER_A,LOCAL_BANK_TRANSFER,1,1,2025-01-07T18:11:00Z,2025-01-07,2025-01-08,2025-01-07T21:33:00Z,2025-01-07,2025-01-08,USD,1623.27,CNY,7.052373,7.067209,9.74,9.74,1613.53,1613.54,1610.15,11379.22,11379.22,0.0,-3.39,0.0,0,MATCHED,,,BOOKED,SETTLED,2025-03-31
PA-INS-000032,PAY-000032,PA-BNK-000030,PA-00000030,CUST-0013,GLOBALPAY_US,PARTNER_A,LOCAL_BANK_TRANSFER,1,1,2025-01-07T18:54:00Z,2025-01-07,2025-01-08,2025-01-07T22:00:00Z,2025-01-07,2025-01-08,USD,15154.98,CNY,7.052373,7.068404,90.93,90.93,15064.05,15064.06,15029.89,106237.3,106237.3,0.0,-34.17,0.0,0,MATCHED,,,BOOKED,SETTLED,2025-03-31
PA-INS-000033,PAY-000033,PA-BNK-000027,PA-00000027,CUST-0004,GLOBALPAY_US,PARTNER_A,LOCAL_BANK_TRANSFER,1,1,2025-01-07T18:59:00Z,2025-01-07,2025-01-08,2025-01-07T19:52:00Z,2025-01-07,2025-01-08,USD,6801.33,CNY,7.052373,7.060362,40.81,40.81,6760.52,6760.53,6752.88,47677.71,47677.71,0.0,-7.65,0.0,0,MATCHED,,,BOOKED,SETTLED,2025-03-31
PA-INS-000034,PAY-000034,PA-BNK-000029,PA-00000029,CUST-0002,GLOBALPAY_US,PARTNER_A,LOCAL_BANK_TRANSFER,1,1,2025-01-07T20:09:00Z,2025-01-07,2025-01-08,2025-01-07T21:49:00Z,2025-01-07,2025-01-08,USD,2153.71,CNY,7.059159,7.067209,12.92,12.92,2140.79,2140.8,2138.36,15112.18,15112.18,0.0,-2.44,0.0,0,MATCHED,,,BOOKED,SETTLED,2025-03-31
PA-INS-000036,PAY-000036,PA-BNK-000035,PA-00000035,CUST-0019,GLOBALPAY_US,PARTNER_A,LOCAL_BANK_TRANSFER,1,1,2025-01-07T22:26:00Z,2025-01-07,2025-01-09,2025-01-08T14:52:00Z,2025-01-08,2025-01-09,USD,2125.13,CNY,7.062747,7.060956,12.75,12.75,2112.38,2112.39,2112.92,14919.21,14919.21,0.0,0.53,0.0,0,MATCHED,,,BOOKED,SETTLED,2025-03-31
PA-INS-000039,PAY-000039,PA-BNK-000036,PA-00000036,CUST-0009,GLOBALPAY_US,PARTNER_A,LOCAL_BANK_TRANSFER,1,1,2025-01-07T23:37:00Z,2025-01-07,2025-01-09,2025-01-08T15:03:00Z,2025-01-08,2025-01-09,USD,2798.17,CNY,7.060036,7.061118,16.79,16.79,2781.38,2781.38,2780.96,19636.64,19636.64,0.0,-0.42,0.0,0,MATCHED,,,BOOKED,SETTLED,2025-03-31
PA-INS-000040,PAY-000040,PA-BNK-000037,PA-00000037,CUST-0020,GLOBALPAY_US,PARTNER_A,SWIFT,1,1,2025-01-08T14:26:00Z,2025-01-08,2025-01-09,2025-01-08T15:40:00Z,2025-01-08,2025-01-09,USD,5985.06,CNY,7.055305,7.061118,35.91,35.91,5949.15,5949.16,5944.26,41973.07,41973.07,0.0,-4.9,0.0,0,MATCHED,,,BOOKED,SETTLED,2025-03-31
PA-INS-000041,PAY-000041,PA-BNK-000038,PA-00000038,CUST-0023,GLOBALPAY_US,PARTNER_A,LOCAL_BANK_TRANSFER,1,1,2025-01-08T14:29:00Z,2025-01-08,2025-01-09,2025-01-08T15:53:00Z,2025-01-08,2025-01-09,USD,30865.52,CNY,7.055305,7.061118,185.19,185.19,30680.33,30680.34,30655.08,216459.09,216459.09,0.0,-25.26,0.0,0,MATCHED,,,BOOKED,SETTLED,2025-03-31
PA-INS-000042,PAY-000042,PA-BNK-000039,PA-00000039,CUST-0017,GLOBALPAY_US,PARTNER_A,LOCAL_BANK_TRANSFER,1,1,2025-01-08T14:58:00Z,2025-01-08,2025-01-09,2025-01-08T16:09:00Z,2025-01-08,2025-01-09,USD,8915.43,CNY,7.055305,7.062645,53.49,53.49,8861.94,8861.95,8852.74,62523.69,62523.69,0.0,-9.21,0.0,0,MATCHED,,,BOOKED,SETTLED,2025-03-31
PA-INS-000043,PAY-000043,PA-BNK-000040,PA-00000040,CUST-0015,GLOBALPAY_US,PARTNER_A,LOCAL_BANK_TRANSFER,1,1,2025-01-08T17:06:00Z,2025-01-08,2025-01-09,2025-01-08T18:23:00Z,2025-01-08,2025-01-09,USD,2451.16,CNY,7.061825,7.060095,14.71,14.71,2436.45,2436.45,2437.05,17205.78,17205.78,0.0,0.6,0.0,0,MATCHED,,,BOOKED,SETTLED,2025-03-31
PA-INS-000046,PAY-000046,PA-BNK-000049,PA-00000049,CUST-0001,GLOBALPAY_US,PARTNER_A,SWIFT,1,1,2025-01-09T00:39:00Z,2025-01-08,2025-01-10,2025-01-09T16:38:00Z,2025-01-09,2025-01-10,USD,3268.53,CNY,7.04995,7.065082,19.61,19.61,3248.92,3248.92,3241.97,22904.72,22904.72,0.0,-6.95,0.0,0,MATCHED,,,BOOKED,SETTLED,2025-03-31
PA-INS-000047,PAY-000047,PA-BNK-000047,PA-00000047,CUST-0007,GLOBALPAY_US,PARTNER_A,LOCAL_BANK_TRANSFER,1,1,2025-01-09T00:40:00Z,2025-01-08,2025-01-10,2025-01-09T15:06:00Z,2025-01-09,2025-01-10,USD,2981.72,CNY,7.04995,7.058311,17.89,17.89,2963.83,2963.83,2960.32,20894.85,20894.85,0.0,-3.51,0.0,0,MATCHED,,,BOOKED,SETTLED,2025-03-31
PA-INS-000048,PAY-000048,PA-BNK-000045,PA-00000045,CUST-0014,GLOBALPAY_US,PARTNER_A,LOCAL_BANK_TRANSFER,1,1,2025-01-09T00:58:00Z,2025-01-08,2025-01-10,2025-01-09T14:44:00Z,2025-01-09,2025-01-10,USD,3093.53,CNY,7.04995,7.057035,18.56,18.56,3074.97,3074.97,3071.89,21678.38,21678.38,0.0,-3.08,0.0,0,MATCHED,,,BOOKED,SETTLED,2025-03-31
PA-INS-000049,PAY-000049,PA-BNK-000048,PA-00000048,CUST-0005,GLOBALPAY_US,PARTNER_A,LOCAL_BANK_TRANSFER,1,1,2025-01-09T13:55:00Z,2025-01-09,2025-01-10,2025-01-09T16:12:00Z,2025-01-09,2025-01-10,USD,3796.51,CNY,7.048571,7.065082,22.78,22.78,3773.73,3773.73,3764.92,26599.4,26599.4,0.0,-8.81,0.0,0,MATCHED,,,BOOKED,SETTLED,2025-03-31
PA-INS-000050,PAY-000050,PA-BNK-000046,PA-00000046,CUST-0009,GLOBALPAY_US,PARTNER_A,LOCAL_BANK_TRANSFER,1,1,2025-01-09T14:24:00Z,2025-01-09,2025-01-10,2025-01-09T14:56:00Z,2025-01-09,2025-01-10,USD,2215.77,CNY,7.051387,7.057035,13.29,13.29,2202.48,2202.49,2200.72,15530.54,15530.54,0.0,-1.77,0.0,0,MATCHED,,,BOOKED,SETTLED,2025-03-31
PA-INS-000052,PAY-000052,PA-BNK-000050,PA-00000050,CUST-0025,GLOBALPAY_US,PARTNER_A,LOCAL_BANK_TRANSFER,1,1,2025-01-09T15:14:00Z,2025-01-09,2025-01-10,2025-01-09T17:06:00Z,2025-01-09,2025-01-10,USD,4065.87,CNY,7.052662,7.066935,24.4,24.4,4041.47,4041.47,4033.31,28503.12,28503.12,0.0,-8.16,0.0,0,MATCHED,,,BOOKED,SETTLED,2025-03-31
PA-INS-000054,PAY-000054,PA-BNK-000052,PA-00000052,CUST-0017,GLOBALPAY_US,PARTNER_A,LOCAL_BANK_TRANSFER,1,1,2025-01-09T16:17:00Z,2025-01-09,2025-01-10,2025-01-09T19:07:00Z,2025-01-09,2025-01-10,USD,5881.86,CNY,7.059428,7.075927,35.29,35.29,5846.57,5846.58,5832.94,41273.44,41273.44,0.0,-13.64,0.0,0,MATCHED,,,BOOKED,SETTLED,2025-03-31
PA-INS-000055,PAY-000055,PA-BNK-000051,PA-00000051,CUST-0006,GLOBALPAY_US,PARTNER_A,LOCAL_BANK_TRANSFER,1,1,2025-01-09T16:24:00Z,2025-01-09,2025-01-10,2025-01-09T18:12:00Z,2025-01-09,2025-01-10,USD,3306.62,CNY,7.059428,7.075762,19.84,19.84,3286.78,3286.79,3279.2,23202.79,23202.79,0.0,-7.59,0.0,0,MATCHED,,,BOOKED,SETTLED,2025-03-31
PA-INS-000057,PAY-000057,PA-BNK-000058,PA-00000058,CUST-0025,GLOBALPAY_US,PARTNER_A,LOCAL_BANK_TRANSFER,1,1,2025-01-09T21:06:00Z,2025-01-09,2025-01-13,2025-01-10T16:29:00Z,2025-01-10,2025-01-13,USD,2088.05,CNY,7.065261,7.067677,12.53,12.53,2075.52,2075.52,2074.82,14664.09,14664.09,0.0,-0.7,0.0,0,MATCHED,,,BOOKED,SETTLED,2025-03-31
PA-INS-000058,PAY-000058,PA-BNK-000057,PA-00000057,CUST-0016,GLOBALPAY_US,PARTNER_A,LOCAL_BANK_TRANSFER,1,1,2025-01-09T21:23:00Z,2025-01-09,2025-01-13,2025-01-10T15:33:00Z,2025-01-10,2025-01-13,USD,17102.17,CNY,7.065261,7.065415,102.61,102.61,16999.56,16999.57,16999.19,120106.33,120106.33,0.0,-0.38,0.0,0,MATCHED,,,BOOKED,SETTLED,2025-03-31
PA-INS-000059,PAY-000059,PA-BNK-000060,PA-00000060,CUST-0013,GLOBALPAY_US,PARTNER_A,SWIFT,1,1,2025-01-09T21:24:00Z,2025-01-09,2025-01-13,2025-01-10T17:02:00Z,2025-01-10,2025-01-13,USD,3322.12,CNY,7.065261,7.068933,19.93,19.93,3302.19,3302.19,3300.48,23330.83,23330.83,0.0,-1.71,0.0,0,MATCHED,,,BOOKED,SETTLED,2025-03-31
PA-INS-000062,PAY-000062,PA-BNK-000059,PA-00000059,CUST-0024,GLOBALPAY_US,PARTNER_A,LOCAL_BANK_TRANSFER,1,1,2025-01-10T14:27:00Z,2025-01-10,2025-01-13,2025-01-10T16:43:00Z,2025-01-10,2025-01-13,USD,11325.21,CNY,7.057934,7.067677,67.95,67.95,11257.26,11257.27,11241.75,79453,79453,0.0,-15.52,0.0,0,MATCHED,,,BOOKED,SETTLED,2025-03-31
PA-INS-000063,PAY-000063,PA-BNK-000061,PA-00000061,CUST-0008,GLOBALPAY_US,PARTNER_A,LOCAL_BANK_TRANSFER,1,1,2025-01-10T15:30:00Z,2025-01-10,2025-01-13,2025-01-10T17:09:00Z,2025-01-10,2025-01-13,USD,18387.17,CNY,7.05976,7.068933,110.32,110.32,18276.85,18276.85,18253.14,129030.17,129030.17,0.0,-23.71,0.0,0,MATCHED,,,BOOKED,SETTLED,2025-03-31
PA-INS-000064,PAY-000064,PA-BNK-000062,PA-00000062,CUST-0011,GLOBALPAY_US,PARTNER_A,SWIFT,1,1,2025-01-10T17:05:00Z,2025-01-10,2025-01-13,2025-01-10T18:35:00Z,2025-01-10,2025-01-13,USD,4851.33,CNY,7.063276,7.074496,29.11,29.11,4822.22,4822.22,4814.58,34060.67,34060.67,0.0,-7.64,0.0,0,MATCHED,,,BOOKED,SETTLED,2025-03-31
PA-INS-000066,PAY-000066,PA-BNK-000063,PA-00000063,CUST-0019,GLOBALPAY_US,PARTNER_A,LOCAL_BANK_TRANSFER,1,1,2025-01-10T19:29:00Z,2025-01-10,2025-01-13,2025-01-10T20:58:00Z,2025-01-10,2025-01-13,USD,3496.92,CNY,7.066288,7.076271,20.98,20.98,3475.94,3475.94,3471.04,24561.99,24561.99,0.0,-4.9,0.0,0,MATCHED,,,BOOKED,SETTLED,2025-03-31
PA-INS-000068,PAY-000068,PA-BNK-000066,PA-00000066,CUST-0012,GLOBALPAY_US,PARTNER_A,LOCAL_BANK_TRANSFER,1,1,2025-01-10T20:58:00Z,2025-01-10,2025-01-13,2025-01-13T15:38:00Z,2025-01-13,2025-01-14,USD,8655.9,CNY,7.070608,7.063149,51.94,51.94,8603.96,8603.97,8613.05,60835.23,60835.23,0.0,9.08,0.0,1,MATCHED,,,BOOKED,SETTLED,2025-03-31
PA-INS-000070,PAY-000070,PA-BNK-000067,PA-00000067,CUST-0009,GLOBALPAY_US,PARTNER_A,SWIFT,1,1,2025-01-13T15:57:00Z,2025-01-13,2025-01-14,2025-01-13T16:52:00Z,2025-01-13,2025-01-14,USD,50000,CNY,7.057496,7.064617,300,300,49700,49700,49649.91,350757.55,350757.55,0.0,-50.09,0.0,0,MATCHED,,,BOOKED,SETTLED,2025-03-31
PA-INS-000074,PAY-000074,PA-BNK-000072,PA-00000072,CUST-0024,GLOBALPAY_US,PARTNER_A,SWIFT,1,1,2025-01-13T21:01:00Z,2025-01-13,2025-01-15,2025-01-14T14:52:00Z,2025-01-14,2025-01-15,USD,2645.97,CNY,7.055828,7.083396,15.88,15.88,2630.09,2630.09,2619.86,18557.46,18557.46,0.0,-10.23,0.0,0,MATCHED,,,BOOKED,SETTLED,2025-03-31
PA-INS-000077,PAY-000077,PA-BNK-000073,PA-00000073,CUST-0012,GLOBALPAY_US,PARTNER_A,LOCAL_BANK_TRANSFER,1,1,2025-01-13T22:41:00Z,2025-01-13,2025-01-15,2025-01-14T17:50:00Z,2025-01-14,2025-01-15,USD,13219.32,CNY,7.06419,7.081964,79.32,79.32,13140,13140.01,13107.03,92823.46,92823.46,0.0,-32.98,0.0,0,MATCHED,,,BOOKED,SETTLED,2025-03-31
PA-INS-000082,PAY-000082,PA-BNK-000078,PA-00000078,CUST-0010,GLOBALPAY_US,PARTNER_A,LOCAL_BANK_TRANSFER,1,1,2025-01-14T22:54:00Z,2025-01-14,2025-01-16,2025-01-15T14:32:00Z,2025-01-15,2025-01-16,USD,2714.04,CNY,7.070804,7.070467,16.28,16.28,2697.76,2697.76,2697.89,19075.33,19075.33,0.0,0.13,0.0,0,MATCHED,,,BOOKED,SETTLED,2025-03-31
PA-INS-000083,PAY-000083,PA-BNK-000079,PA-00000079,CUST-0021,GLOBALPAY_US,PARTNER_A,LOCAL_BANK_TRANSFER,1,1,2025-01-14T23:44:00Z,2025-01-14,2025-01-16,2025-01-15T14:35:00Z,2025-01-15,2025-01-16,USD,12026.69,CNY,7.066399,7.070467,72.16,72.16,11954.53,11954.54,11947.66,84475.48,84475.48,0.0,-6.88,0.0,0,MATCHED,,,BOOKED,SETTLED,2025-03-31
PA-INS-000084,PAY-000084,PA-BNK-000080,PA-00000080,CUST-0011,GLOBALPAY_US,PARTNER_A,LOCAL_BANK_TRANSFER,1,1,2025-01-15T00:40:00Z,2025-01-14,2025-01-16,2025-01-15T14:57:00Z,2025-01-15,2025-01-16,USD,1425.44,CNY,7.066684,7.070467,8.55,8.55,1416.89,1416.89,1416.14,10012.71,10012.71,0.0,-0.75,0.0,0,MATCHED,,,BOOKED,SETTLED,2025-03-31
PA-INS-000085,PAY-000085,PA-BNK-000081,PA-00000081,CUST-0016,GLOBALPAY_US,PARTNER_A,LOCAL_BANK_TRANSFER,1,1,2025-01-15T13:42:00Z,2025-01-15,2025-01-16,2025-01-15T16:19:00Z,2025-01-15,2025-01-16,USD,4495.57,CNY,7.058765,7.072677,26.97,26.97,4468.6,4468.61,4459.82,31542.8,31542.8,0.0,-8.79,0.0,0,MATCHED,,,BOOKED,SETTLED,2025-03-31
PA-INS-000086,PAY-000086,PA-BNK-000082,PA-00000082,CUST-0013,GLOBALPAY_US,PARTNER_A,LOCAL_BANK_TRANSFER,1,1,2025-01-15T18:23:00Z,2025-01-15,2025-01-16,2025-01-15T18:59:00Z,2025-01-15,2025-01-16,USD,2447.97,CNY,7.068289,7.07395,14.69,14.69,2433.28,2433.29,2431.34,17199.13,17199.13,0.0,-1.95,0.0,0,MATCHED,,,BOOKED,SETTLED,2025-03-31
PA-INS-000089,PAY-000089,PA-BNK-000088,PA-00000088,CUST-0013,GLOBALPAY_US,PARTNER_A,LOCAL_BANK_TRANSFER,1,1,2025-01-15T23:10:00Z,2025-01-15,2025-01-17,2025-01-16T16:06:00Z,2025-01-16,2025-01-17,USD,2491.55,CNY,7.058983,7.039513,14.95,14.95,2476.6,2476.61,2483.46,17482.28,17482.28,0.0,6.85,0.0,0,MATCHED,,,BOOKED,SETTLED,2025-03-31
PA-INS-000090,PAY-000090,PA-BNK-000087,PA-00000087,CUST-0005,GLOBALPAY_US,PARTNER_A,LOCAL_BANK_TRANSFER,1,1,2025-01-16T00:07:00Z,2025-01-15,2025-01-17,2025-01-16T14:31:00Z,2025-01-16,2025-01-17,USD,3334.71,CNY,7.056389,7.046047,20.01,20.01,3314.7,3314.7,3319.57,23389.81,23389.81,0.0,4.87,0.0,0,MATCHED,,,BOOKED,SETTLED,2025-03-31
PA-INS-000093,PAY-000093,PA-BNK-000089,PA-00000089,CUST-0019,GLOBALPAY_US,PARTNER_A,SWIFT,1,1,2025-01-16T15:08:00Z,2025-01-16,2025-01-17,2025-01-16T17:05:00Z,2025-01-16,2025-01-17,USD,4767.37,CNY,7.038257,7.041532,28.6,28.6,4738.77,4738.77,4736.57,33352.68,33352.68,0.0,-2.2,0.0,0,MATCHED,,,BOOKED,SETTLED,2025-03-31
PA-INS-000095,PAY-000095,PA-BNK-000097,PA-00000097,CUST-0025,GLOBALPAY_US,PARTNER_A,SWIFT,1,1,2025-01-16T22:07:00Z,2025-01-16,2025-01-21,2025-01-17T17:10:00Z,2025-01-17,2025-01-21,USD,2634.43,CNY,7.037289,7.03806,15.81,15.81,2618.62,2618.63,2618.34,18427.99,18427.99,0.0,-0.29,0.0,0,MATCHED,,,BOOKED,SETTLED,2025-03-31
PA-INS-000096,PAY-000096,PA-BNK-000096,PA-00000096,CUST-0006,GLOBALPAY_US,PARTNER_A,LOCAL_BANK_TRANSFER,1,1,2025-01-16T23:09:00Z,2025-01-16,2025-01-21,2025-01-17T16:25:00Z,2025-01-17,2025-01-21,USD,2648.59,CNY,7.036304,7.033442,15.89,15.89,2632.7,2632.71,2633.78,18524.48,18524.48,0.0,1.07,0.0,0,MATCHED,,,BOOKED,SETTLED,2025-03-31
PA-INS-000098,PAY-000098,PA-BNK-000094,PA-00000094,CUST-0003,GLOBALPAY_US,PARTNER_A,LOCAL_BANK_TRANSFER,1,1,2025-01-17T00:08:00Z,2025-01-16,2025-01-21,2025-01-17T14:34:00Z,2025-01-17,2025-01-21,USD,2446.45,CNY,7.035356,7.043831,14.68,14.68,2431.77,2431.78,2428.85,17108.37,17108.37,0.0,-2.93,0.0,0,MATCHED,,,BOOKED,SETTLED,2025-03-31
PA-INS-000099,PAY-000099,PA-BNK-000095,PA-00000095,CUST-0008,GLOBALPAY_US,PARTNER_A,SWIFT,1,1,2025-01-17T00:18:00Z,2025-01-16,2025-01-21,2025-01-17T15:44:00Z,2025-01-17,2025-01-21,USD,8573.07,CNY,7.035356,7.039901,51.44,51.44,8521.63,8521.63,8516.13,59952.7,59952.7,0.0,-5.5,0.0,0,MATCHED,,,BOOKED,SETTLED,2025-03-31
PA-INS-000100,PAY-000100,PA-BNK-000098,PA-00000098,CUST-0020,GLOBALPAY_US,PARTNER_A,LOCAL_BANK_TRANSFER,1,1,2025-01-17T16:22:00Z,2025-01-17,2025-01-21,2025-01-17T18:25:00Z,2025-01-17,2025-01-21,USD,7566.3,CNY,7.027813,7.040515,45.4,45.4,7520.9,7520.91,7507.34,52855.48,52855.48,0.0,-13.57,0.0,0,MATCHED,,,BOOKED,SETTLED,2025-03-31
PA-INS-000101,PAY-000101,PA-BNK-000101,PA-00000101,CUST-0022,GLOBALPAY_US,PARTNER_A,LOCAL_BANK_TRANSFER,1,1,2025-01-17T20:48:00Z,2025-01-17,2025-01-21,2025-01-21T14:18:00Z,2025-01-21,2025-01-22,USD,8950.58,CNY,7.035023,7.055975,53.7,53.7,8896.88,8896.89,8870.47,62589.76,62589.76,0.0,-26.42,0.0,1,MATCHED,,,BOOKED,SETTLED,2025-03-31
PA-INS-000107,PAY-000107,PA-BNK-000102,PA-00000102,CUST-0008,GLOBALPAY_US,PARTNER_A,LOCAL_BANK_TRANSFER,1,1,2025-01-21T14:55:00Z,2025-01-21,2025-01-22,2025-01-21T16:05:00Z,2025-01-21,2025-01-22,USD,10595.19,CNY,7.050328,7.053504,63.57,63.57,10531.62,10531.63,10526.88,74251.38,74251.38,0.0,-4.75,0.0,0,MATCHED,,,BOOKED,SETTLED,2025-03-31
PA-INS-000112,PAY-000112,PA-BNK-000110,PA-00000110,CUST-0008,GLOBALPAY_US,PARTNER_A,LOCAL_BANK_TRANSFER,1,1,2025-01-21T20:06:00Z,2025-01-21,2025-01-22,2025-01-22T14:46:00Z,2025-01-22,2025-01-23,USD,4178.03,CNY,7.051144,7.054937,25.07,25.07,4152.96,4152.97,4150.73,29283.12,29283.12,0.0,-2.24,0.0,1,MATCHED,,,BOOKED,SETTLED,2025-03-31
PA-INS-000114,PAY-000114,PA-BNK-000113,PA-00000113,CUST-0020,GLOBALPAY_US,PARTNER_A,SWIFT,1,1,2025-01-21T21:06:00Z,2025-01-21,2025-01-23,2025-01-22T17:42:00Z,2025-01-22,2025-01-23,USD,1800.21,CNY,7.053953,7.064761,10.8,10.8,1789.41,1789.41,1786.68,12622.41,12622.41,0.0,-2.73,0.0,0,MATCHED,,,BOOKED,SETTLED,2025-03-31
PA-INS-000115,PAY-000115,PA-BNK-000111,PA-00000111,CUST-0008,GLOBALPAY_US,PARTNER_A,LOCAL_BANK_TRANSFER,1,1,2025-01-21T21:33:00Z,2025-01-21,2025-01-23,2025-01-22T15:18:00Z,2025-01-22,2025-01-23,USD,6090.99,CNY,7.053953,7.058043,36.55,36.55,6054.44,6054.45,6050.94,42707.74,42707.74,0.0,-3.51,0.0,0,MATCHED,,,BOOKED,SETTLED,2025-03-31
PA-INS-000117,PAY-000117,PA-BNK-000112,PA-00000112,CUST-0012,GLOBALPAY_US,PARTNER_A,LOCAL_BANK_TRANSFER,1,1,2025-01-22T16:16:00Z,2025-01-22,2025-01-23,2025-01-22T17:13:00Z,2025-01-22,2025-01-23,USD,2926.47,CNY,7.062032,7.064761,17.56,17.56,2908.91,2908.92,2907.79,20542.82,20542.82,0.0,-1.13,0.0,0,MATCHED,,,BOOKED,SETTLED,2025-03-31
PA-INS-000119,PAY-000119,PA-BNK-000114,PA-00000114,CUST-0009,GLOBALPAY_US,PARTNER_A,LOCAL_BANK_TRANSFER,1,1,2025-01-22T17:29:00Z,2025-01-22,2025-01-23,2025-01-22T18:50:00Z,2025-01-22,2025-01-23,USD,1703.26,CNY,7.059107,7.059741,10.22,10.22,1693.04,1693.04,1692.89,11951.35,11951.35,0.0,-0.15,0.0,0,MATCHED,,,BOOKED,SETTLED,2025-03-31
PA-INS-000121,PAY-000121,PA-BNK-000115,PA-00000115,CUST-0009,GLOBALPAY_US,PARTNER_A,SWIFT,1,1,2025-01-22T19:15:00Z,2025-01-22,2025-01-23,2025-01-22T20:25:00Z,2025-01-22,2025-01-23,USD,2274.04,CNY,7.052138,7.052208,13.64,13.64,2260.4,2260.4,2260.38,15940.65,15940.65,0.0,-0.02,0.0,0,MATCHED,,,BOOKED,SETTLED,2025-03-31
PA-INS-000124,PAY-000124,PA-BNK-000121,PA-00000121,CUST-0019,GLOBALPAY_US,PARTNER_A,LOCAL_BANK_TRANSFER,1,1,2025-01-23T00:33:00Z,2025-01-22,2025-01-24,2025-01-23T15:59:00Z,2025-01-23,2025-01-24,USD,50000,CNY,7.057651,7.061866,300,300,49700,49700,49670.34,350765.25,350765.25,0.0,-29.66,0.0,0,MATCHED,,,BOOKED,SETTLED,2025-03-31
PA-INS-000125,PAY-000125,PA-BNK-000124,PA-00000124,CUST-0005,GLOBALPAY_US,PARTNER_A,LOCAL_BANK_TRANSFER,1,1,2025-01-23T13:44:00Z,2025-01-23,2025-01-24,2025-01-23T16:57:00Z,2025-01-23,2025-01-24,USD,2174.02,CNY,7.06285,7.060811,13.04,13.04,2160.98,2160.99,2161.61,15262.68,15262.68,0.0,0.62,0.0,0,MATCHED,,,BOOKED,SETTLED,2025-03-31
PA-INS-000126,PAY-000126,PA-BNK-000122,PA-00000122,CUST-0018,GLOBALPAY_US,PARTNER_A,LOCAL_BANK_TRANSFER,1,1,2025-01-23T13:58:00Z,2025-01-23,2025-01-24,2025-01-23T16:40:00Z,2025-01-23,2025-01-24,USD,8512.28,CNY,7.06285,7.060811,51.07,51.07,8461.21,8461.22,8463.66,59760.26,59760.26,0.0,2.44,0.0,0,MATCHED,,,BOOKED,SETTLED,2025-03-31
PA-INS-000127,PAY-000127,PA-BNK-000123,PA-00000123,CUST-0002,GLOBALPAY_US,PARTNER_A,LOCAL_BANK_TRANSFER,1,1,2025-01-23T14:16:00Z,2025-01-23,2025-01-24,2025-01-23T16:43:00Z,2025-01-23,2025-01-24,USD,2939.5,CNY,7.060168,7.060811,17.64,17.64,2921.86,2921.86,2921.6,20628.82,20628.82,0.0,-0.26,0.0,0,MATCHED,,,BOOKED,SETTLED,2025-03-31
PA-INS-000130,PAY-000130,PA-BNK-000125,PA-00000125,CUST-0022,GLOBALPAY_US,PARTNER_A,LOCAL_BANK_TRANSFER,1,1,2025-01-23T17:12:00Z,2025-01-23,2025-01-24,2025-01-23T18:57:00Z,2025-01-23,2025-01-24,USD,3657.33,CNY,7.05961,7.064486,21.94,21.94,3635.39,3635.4,3632.89,25664.44,25664.44,0.0,-2.51,0.0,0,MATCHED,,,BOOKED,SETTLED,2025-03-31
PA-INS-000132,PAY-000132,PA-BNK-000132,PA-00000132,CUST-0015,GLOBALPAY_US,PARTNER_A,SWIFT,1,1,2025-01-23T23:23:00Z,2025-01-23,2025-01-27,2025-01-24T16:17:00Z,2025-01-24,2025-01-27,USD,5624.59,CNY,7.057861,7.085908,33.75,33.75,5590.84,5590.84,5568.72,39459.37,39459.37,0.0,-22.12,0.0,0,MATCHED,,,BOOKED,SETTLED,2025-03-31
PA-INS-000133,PAY-000133,PA-BNK-000133,PA-00000133,CUST-0010,GLOBALPAY_US,PARTNER_A,LOCAL_BANK_TRANSFER,1,1,2025-01-23T23:50:00Z,2025-01-23,2025-01-27,2025-01-24T16:52:00Z,2025-01-24,2025-01-27,USD,8478.73,CNY,7.057861,7.085908,50.87,50.87,8427.86,8427.86,8394.51,59482.66,59482.66,0.0,-33.35,0.0,0,MATCHED,,,BOOKED,SETTLED,2025-03-31
PA-INS-000136,PAY-000136,PA-BNK-000131,PA-00000131,CUST-0005,GLOBALPAY_US,PARTNER_A,LOCAL_BANK_TRANSFER,1,1,2025-01-24T00:49:00Z,2025-01-23,2025-01-27,2025-01-24T14:46:00Z,2025-01-24,2025-01-27,USD,6125.52,CNY,7.059755,7.093671,36.75,36.75,6088.77,6088.77,6059.66,42985.22,42985.22,0.0,-29.11,0.0,0,MATCHED,,,BOOKED,SETTLED,2025-03-31
PA-INS-000148,PAY-000148,PA-BNK-000143,PA-00000143,CUST-0012,GLOBALPAY_US,PARTNER_A,SWIFT,1,1,2025-01-27T18:29:00Z,2025-01-27,2025-02-05,2025-01-27T18:54:00Z,2025-01-27,2025-02-05,USD,4405.25,CNY,7.056736,7.062388,26.43,26.43,4378.82,4378.83,4375.32,30900.18,30900.18,0.0,-3.51,0.0,0,MATCHED,,,BOOKED,SETTLED,2025-03-31
PA-INS-000151,PAY-000151,PA-BNK-000150,PA-00000150,CUST-0006,GLOBALPAY_US,PARTNER_A,LOCAL_BANK_TRANSFER,1,1,2025-01-27T21:43:00Z,2025-01-27,2025-02-06,2025-02-05T14:30:00Z,2025-02-05,2025-02-06,USD,10828.58,CNY,7.060818,7.092286,64.97,64.97,10763.61,10763.61,10715.86,75999.89,75999.89,0.0,-47.75,0.0,0,MATCHED,,,BOOKED,SETTLED,2025-03-31
PA-INS-000153,PAY-000153,PA-BNK-000152,PA-00000152,CUST-0008,GLOBALPAY_US,PARTNER_A,LOCAL_BANK_TRANSFER,1,1,2025-01-27T23:22:00Z,2025-01-27,2025-02-06,2025-02-05T17:01:00Z,2025-02-05,2025-02-06,USD,3730.21,CNY,7.073783,7.101447,22.38,22.38,3707.83,3707.83,3693.39,26228.38,26228.38,0.0,-14.44,0.0,0,MATCHED,,,BOOKED,SETTLED,2025-03-31
PA-INS-000154,PAY-000154,PA-BNK-000151,PA-00000151,CUST-0013,GLOBALPAY_US,PARTNER_A,LOCAL_BANK_TRANSFER,1,1,2025-02-05T13:16:00Z,2025-02-05,2025-02-06,2025-02-05T16:54:00Z,2025-02-05,2025-02-06,USD,1323.6,CNY,7.091953,7.095888,7.94,7.94,1315.66,1315.67,1314.94,9330.6,9330.6,0.0,-0.73,0.0,0,MATCHED,,,BOOKED,SETTLED,2025-03-31
PA-INS-000156,PAY-000156,PA-BNK-000153,PA-00000153,CUST-0022,GLOBALPAY_US,PARTNER_A,LOCAL_BANK_TRANSFER,1,1,2025-02-05T18:48:00Z,2025-02-05,2025-02-06,2025-02-05T21:05:00Z,2025-02-05,2025-02-06,USD,1091.39,CNY,7.091587,7.108516,6.55,6.55,1084.84,1084.85,1082.26,7693.24,7693.24,0.0,-2.59,0.0,0,MATCHED,,,BOOKED,SETTLED,2025-03-31
PA-INS-000159,PAY-000159,PA-BNK-000157,PA-00000157,CUST-0017,GLOBALPAY_US,PARTNER_A,LOCAL_BANK_TRANSFER,1,1,2025-02-06T14:19:00Z,2025-02-06,2025-02-07,2025-02-06T15:40:00Z,2025-02-06,2025-02-07,USD,3274.82,CNY,7.110024,7.116158,19.65,19.65,3255.17,3255.18,3252.37,23144.34,23144.34,0.0,-2.81,0.0,0,MATCHED,,,BOOKED,SETTLED,2025-03-31
PA-INS-000160,PAY-000160,PA-BNK-000158,PA-00000158,CUST-0008,GLOBALPAY_US,PARTNER_A,LOCAL_BANK_TRANSFER,1,1,2025-02-06T15:19:00Z,2025-02-06,2025-02-07,2025-02-06T16:49:00Z,2025-02-06,2025-02-07,USD,4966.67,CNY,7.110463,7.110442,29.8,29.8,4936.87,4936.87,4936.89,35103.43,35103.43,0.0,0.02,0.0,0,MATCHED,,,BOOKED,SETTLED,2025-03-31
PA-INS-000162,PAY-000162,PA-BNK-000159,PA-00000159,CUST-0011,GLOBALPAY_US,PARTNER_A,LOCAL_BANK_TRANSFER,1,1,2025-02-06T15:42:00Z,2025-02-06,2025-02-07,2025-02-06T17:12:00Z,2025-02-06,2025-02-07,USD,19138.98,CNY,7.110463,7.118843,114.83,114.83,19024.15,19024.15,19001.76,135270.51,135270.51,0.0,-22.39,0.0,0,MATCHED,,,BOOKED,SETTLED,2025-03-31
PA-INS-000164,PAY-000164,PA-BNK-000160,PA-00000160,CUST-0003,GLOBALPAY_US,PARTNER_A,LOCAL_BANK_TRANSFER,1,1,2025-02-06T20:51:00Z,2025-02-06,2025-02-07,2025-02-06T21:42:00Z,2025-02-06,2025-02-07,USD,7200.83,CNY,7.113711,7.119721,43.2,43.2,7157.63,7157.63,7151.59,50917.31,50917.31,0.0,-6.04,0.0,0,MATCHED,,,BOOKED,SETTLED,2025-03-31
PA-INS-000167,PAY-000167,PA-BNK-000166,PA-00000166,CUST-0024,GLOBALPAY_US,PARTNER_A,SWIFT,1,1,2025-02-06T22:34:00Z,2025-02-06,2025-02-10,2025-02-07T15:42:00Z,2025-02-07,2025-02-10,USD,12342.39,CNY,7.11466,7.129761,74.05,74.05,12268.34,12268.35,12242.36,87285.07,87285.07,0.0,-25.99,0.0,0,MATCHED,,,BOOKED,SETTLED,2025-03-31
PA-INS-000168,PAY-000168,PA-BNK-000165,PA-00000165,CUST-0005,GLOBALPAY_US,PARTNER_A,LOCAL_BANK_TRANSFER,1,1,2025-02-06T22:43:00Z,2025-02-06,2025-02-10,2025-02-07T15:17:00Z,2025-02-07,2025-02-10,USD,2670.5,CNY,7.11466,7.129761,16.02,16.02,2654.48,2654.48,2648.86,18885.72,18885.72,0.0,-5.62,0.0,0,MATCHED,,,BOOKED,SETTLED,2025-03-31
PA-INS-000170,PAY-000170,PA-BNK-000169,PA-00000169,CUST-0023,GLOBALPAY_US,PARTNER_A,SWIFT,1,1,2025-02-07T13:03:00Z,2025-02-07,2025-02-10,2025-02-07T17:26:00Z,2025-02-07,2025-02-10,USD,9611.23,CNY,7.124941,7.127317,57.67,57.67,9553.56,9553.56,9550.38,68068.55,68068.55,0.0,-3.18,0.0,0,MATCHED,,,BOOKED,SETTLED,2025-03-31
PA-INS-000171,PAY-000171,PA-BNK-000167,PA-00000167,CUST-0021,GLOBALPAY_US,PARTNER_A,LOCAL_BANK_TRANSFER,1,1,2025-02-07T13:27:00Z,2025-02-07,2025-02-10,2025-02-07T16:17:00Z,2025-02-07,2025-02-10,USD,11098.16,CNY,7.124941,7.130276,66.59,66.59,11031.57,11031.58,11023.32,78599.29,78599.29,0.0,-8.26,0.0,0,MATCHED,,,BOOKED,SETTLED,2025-03-31
PA-INS-000172,PAY-000172,PA-BNK-000168,PA-00000168,CUST-0023,GLOBALPAY_US,PARTNER_A,LOCAL_BANK_TRANSFER,1,1,2025-02-07T14:26:00Z,2025-02-07,2025-02-10,2025-02-07T17:22:00Z,2025-02-07,2025-02-10,USD,5009.13,CNY,7.127054,7.127317,30.05,30.05,4979.08,4979.08,4978.9,35486.17,35486.17,0.0,-0.18,0.0,0,MATCHED,,,BOOKED,SETTLED,2025-03-31
PA-INS-000175,PAY-000175,PA-BNK-000176,PA-00000176,CUST-0002,GLOBALPAY_US,PARTNER_A,LOCAL_BANK_TRANSFER,1,1,2025-02-07T22:45:00Z,2025-02-07,2025-02-11,2025-02-10T15:32:00Z,2025-02-10,2025-02-11,USD,5439.13,CNY,7.128397,7.146222,32.63,32.63,5406.5,5406.51,5393.02,38539.68,38539.68,0.0,-13.49,0.0,0,MATCHED,,,BOOKED,SETTLED,2025-03-31
PA-INS-000176,PAY-000176,PA-BNK-000175,PA-00000175,CUST-0025,GLOBALPAY_US,PARTNER_A,LOCAL_BANK_TRANSFER,1,1,2025-02-07T23:01:00Z,2025-02-07,2025-02-11,2025-02-10T15:30:00Z,2025-02-10,2025-02-11,USD,2479.03,CNY,7.132171,7.146222,14.87,14.87,2464.16,2464.16,2459.32,17574.81,17574.81,0.0,-4.84,0.0,0,MATCHED,,,BOOKED,SETTLED,2025-03-31
PA-INS-000177,PAY-000177,PA-BNK-000174,PA-00000174,CUST-0010,GLOBALPAY_US,PARTNER_A,SWIFT,1,1,2025-02-10T13:17:00Z,2025-02-10,2025-02-11,2025-02-10T15:17:00Z,2025-02-10,2025-02-11,USD,11409.67,CNY,7.146992,7.146222,68.46,68.46,11341.21,11341.22,11342.44,81055.54,81055.54,0.0,1.22,0.0,0,MATCHED,,,BOOKED,SETTLED,2025-03-31
PA-INS-000179,PAY-000179,PA-BNK-000173,PA-00000173,CUST-0020,GLOBALPAY_US,PARTNER_A,LOCAL_BANK_TRANSFER,1,1,2025-02-10T14:00:00Z,2025-02-10,2025-02-11,2025-02-10T15:06:00Z,2025-02-10,2025-02-11,USD,11556.26,CNY,7.142534,7.146222,69.34,69.34,11486.92,11486.93,11481,82045.72,82045.72,0.0,-5.93,0.0,0,MATCHED,,,BOOKED,SETTLED,2025-03-31
PA-INS-000183,PAY-000183,PA-BNK-000177,PA-00000177,CUST-0006,GLOBALPAY_US,PARTNER_A,LOCAL_BANK_TRANSFER,1,1,2025-02-10T19:24:00Z,2025-02-10,2025-02-11,2025-02-10T20:40:00Z,2025-02-10,2025-02-11,USD,4861.14,CNY,7.12798,7.133444,29.17,29.17,4831.97,4831.98,4828.27,34442.19,34442.19,0.0,-3.71,0.0,0,MATCHED,,,BOOKED,SETTLED,2025-03-31
PA-INS-000184,PAY-000184,PA-BNK-000183,PA-00000183,CUST-0019,GLOBALPAY_US,PARTNER_A,LOCAL_BANK_TRANSFER,1,1,2025-02-10T23:04:00Z,2025-02-10,2025-02-12,2025-02-11T15:13:00Z,2025-02-11,2025-02-12,USD,4213.57,CNY,7.138344,7.163976,25.28,25.28,4188.29,4188.29,4173.31,29897.45,29897.45,0.0,-14.98,0.0,0,MATCHED,,,BOOKED,SETTLED,2025-03-31
PA-INS-000188,PAY-000188,PA-BNK-000184,PA-00000184,CUST-0001,GLOBALPAY_US,PARTNER_A,LOCAL_BANK_TRANSFER,1,1,2025-02-11T14:08:00Z,2025-02-11,2025-02-12,2025-02-11T15:30:00Z,2025-02-11,2025-02-12,USD,21305.83,CNY,7.156469,7.163976,127.83,127.83,21178,21178,21155.81,151559.7,151559.7,0.0,-22.19,0.0,0,MATCHED,,,BOOKED,SETTLED,2025-03-31
PA-INS-000189,PAY-000189,PA-BNK-000185,PA-00000185,CUST-0025,GLOBALPAY_US,PARTNER_A,LOCAL_BANK_TRANSFER,1,1,2025-02-11T14:33:00Z,2025-02-11,2025-02-12,2025-02-11T16:34:00Z,2025-02-11,2025-02-12,USD,2535.71,CNY,7.156469,7.163403,15.21,15.21,2520.5,2520.5,2518.07,18037.88,18037.88,0.0,-2.43,0.0,0,MATCHED,,,BOOKED,SETTLED,2025-03-31
PA-INS-000190,PAY-000190,PA-BNK-000186,PA-00000186,CUST-0001,GLOBALPAY_US,PARTNER_A,LOCAL_BANK_TRANSFER,1,1,2025-02-11T18:42:00Z,2025-02-11,2025-02-12,2025-02-11T20:15:00Z,2025-02-11,2025-02-12,USD,3254.76,CNY,7.161267,7.171692,19.53,19.53,3235.23,3235.24,3230.53,23168.35,23168.35,0.0,-4.71,0.0,0,MATCHED,,,BOOKED,SETTLED,2025-03-31
PA-INS-000192,PAY-000192,PA-BNK-000187,PA-00000187,CUST-0002,GLOBALPAY_US,PARTNER_A,LOCAL_BANK_TRANSFER,1,1,2025-02-11T20:46:00Z,2025-02-11,2025-02-12,2025-02-11T21:33:00Z,2025-02-11,2025-02-12,USD,3865.1,CNY,7.165953,7.169001,23.19,23.19,3841.91,3841.92,3840.28,27530.95,27530.95,0.0,-1.64,0.0,0,MATCHED,,,BOOKED,SETTLED,2025-03-31
PA-INS-000193,PAY-000193,PA-BNK-000192,PA-00000192,CUST-0005,GLOBALPAY_US,PARTNER_A,LOCAL_BANK_TRANSFER,1,1,2025-02-12T13:50:00Z,2025-02-12,2025-02-13,2025-02-12T15:22:00Z,2025-02-12,2025-02-13,USD,11893.18,CNY,7.157076,7.156156,71.36,71.36,11821.82,11821.82,11823.34,84609.66,84609.66,0.0,1.52,0.0,0,MATCHED,,,BOOKED,SETTLED,2025-03-31
PA-INS-000195,PAY-000195,PA-BNK-000193,PA-00000193,CUST-0001,GLOBALPAY_US,PARTNER_A,SWIFT,1,1,2025-02-12T16:44:00Z,2025-02-12,2025-02-13,2025-02-12T17:34:00Z,2025-02-12,2025-02-13,USD,1987.85,CNY,7.14653,7.149346,11.93,11.93,1975.92,1975.92,1975.15,14120.97,14120.97,0.0,-0.77,0.0,0,MATCHED,,,BOOKED,SETTLED,2025-03-31
PA-INS-000197,PAY-000197,PA-BNK-000198,PA-00000198,CUST-0007,GLOBALPAY_US,PARTNER_A,LOCAL_BANK_TRANSFER,1,1,2025-02-12T21:22:00Z,2025-02-12,2025-02-14,2025-02-13T15:46:00Z,2025-02-13,2025-02-14,USD,1486.33,CNY,7.143095,7.157007,8.92,8.92,1477.41,1477.42,1474.54,10553.28,10553.28,0.0,-2.88,0.0,0,MATCHED,,,BOOKED,SETTLED,2025-03-31
PA-INS-000200,PAY-000200,PA-BNK-000197,PA-00000197,CUST-0016,GLOBALPAY_US,PARTNER_A,LOCAL_BANK_TRANSFER,1,1,2025-02-13T14:25:00Z,2025-02-13,2025-02-14,2025-02-13T15:11:00Z,2025-02-13,2025-02-14,USD,3384.29,CNY,7.151441,7.157007,20.31,20.31,3363.98,3363.98,3361.37,24057.3,24057.3,0.0,-2.61,0.0,0,MATCHED,,,BOOKED,SETTLED,2025-03-31
PA-INS-000203,PAY-000203,PA-BNK-000199,PA-00000199,CUST-0010,GLOBALPAY_US,PARTNER_A,SWIFT,1,1,2025-02-13T17:27:00Z,2025-02-13,2025-02-14,2025-02-13T19:10:00Z,2025-02-13,2025-02-14,USD,3724.4,CNY,7.149211,7.158053,22.35,22.35,3702.05,3702.06,3697.48,26466.74,26466.74,0.0,-4.58,0.0,0,MATCHED,,,BOOKED,SETTLED,2025-03-31
PA-INS-000204,PAY-000204,PA-BNK-000200,PA-00000200,CUST-0017,GLOBALPAY_US,PARTNER_A,LOCAL_BANK_TRANSFER,1,1,2025-02-13T18:47:00Z,2025-02-13,2025-02-14,2025-02-13T21:25:00Z,2025-02-13,2025-02-14,USD,1450.33,CNY,7.149865,7.156191,8.7,8.7,1441.63,1441.64,1440.36,10307.46,10307.46,0.0,-1.28,0.0,0,MATCHED,,,BOOKED,SETTLED,2025-03-31
PA-INS-000206,PAY-000206,PA-BNK-000205,PA-00000205,CUST-0010,GLOBALPAY_US,PARTNER_A,SWIFT,1,1,2025-02-13T22:00:00Z,2025-02-13,2025-02-18,2025-02-14T14:38:00Z,2025-02-14,2025-02-18,USD,6432.52,CNY,7.149929,7.17225,38.6,38.6,6393.92,6393.92,6374.03,45716.07,45716.07,0.0,-19.89,0.0,0,MATCHED,,,BOOKED,SETTLED,2025-03-31
PA-INS-000208,PAY-000208,PA-BNK-000206,PA-00000206,CUST-0014,GLOBALPAY_US,PARTNER_A,LOCAL_BANK_TRANSFER,1,1,2025-02-14T15:51:00Z,2025-02-14,2025-02-18,2025-02-14T17:31:00Z,2025-02-14,2025-02-18,USD,8178.39,CNY,7.157107,7.166899,49.07,49.07,8129.32,8129.32,8118.22,58182.41,58182.41,0.0,-11.1,0.0,0,MATCHED,,,BOOKED,SETTLED,2025-03-31
PA-INS-000210,PAY-000210,PA-BNK-000208,PA-00000208,CUST-0022,GLOBALPAY_US,PARTNER_A,LOCAL_BANK_TRANSFER,1,1,2025-02-14T18:42:00Z,2025-02-14,2025-02-18,2025-02-14T21:51:00Z,2025-02-14,2025-02-18,USD,1472.57,CNY,7.16125,7.165366,8.84,8.84,1463.73,1463.74,1462.89,10482.14,10482.14,0.0,-0.85,0.0,0,MATCHED,,,BOOKED,SETTLED,2025-03-31
PA-INS-000213,PAY-000213,PA-BNK-000207,PA-00000207,CUST-0023,GLOBALPAY_US,PARTNER_A,LOCAL_BANK_TRANSFER,1,1,2025-02-14T19:57:00Z,2025-02-14,2025-02-18,2025-02-14T21:06:00Z,2025-02-14,2025-02-18,USD,1393.4,CNY,7.158971,7.165366,8.36,8.36,1385.04,1385.04,1383.81,9915.46,9915.46,0.0,-1.23,0.0,0,MATCHED,,,BOOKED,SETTLED,2025-03-31
PA-INS-000214,PAY-000214,PA-BNK-000216,PA-00000216,CUST-0019,GLOBALPAY_US,PARTNER_A,SWIFT,1,1,2025-02-14T20:27:00Z,2025-02-14,2025-02-18,2025-02-18T15:40:00Z,2025-02-18,2025-02-19,USD,2528.73,CNY,7.15885,7.164647,15.17,15.17,2513.56,2513.57,2511.53,17994.2,17994.2,0.0,-2.04,0.0,1,MATCHED,,,BOOKED,SETTLED,2025-03-31
PA-INS-000215,PAY-000215,PA-BNK-000218,PA-00000218,CUST-0001,GLOBALPAY_US,PARTNER_A,LOCAL_BANK_TRANSFER,1,1,2025-02-14T21:09:00Z,2025-02-14,2025-02-19,2025-02-18T16:05:00Z,2025-02-18,2025-02-19,USD,10617.86,CNY,7.159631,7.162239,63.71,63.71,10554.15,10554.16,10550.31,75563.82,75563.82,0.0,-3.85,0.0,0,MATCHED,,,BOOKED,SETTLED,2025-03-31
PA-INS-000216,PAY-000216,PA-BNK-000215,PA-00000215,CUST-0012,GLOBALPAY_US,PARTNER_A,LOCAL_BANK_TRANSFER,1,1,2025-02-14T21:32:00Z,2025-02-14,2025-02-19,2025-02-18T15:06:00Z,2025-02-18,2025-02-19,USD,13115.67,CNY,7.159631,7.164647,78.69,78.69,13036.98,13036.99,13027.86,93339.97,93339.97,0.0,-9.13,0.0,0,MATCHED,,,BOOKED,SETTLED,2025-03-31
PA-INS-000217,PAY-000217,PA-BNK-000217,PA-00000217,CUST-0015,GLOBALPAY_US,PARTNER_A,LOCAL_BANK_TRANSFER,1,1,2025-02-14T22:04:00Z,2025-02-14,2025-02-19,2025-02-18T16:00:00Z,2025-02-18,2025-02-19,USD,2609.53,CNY,7.158645,7.162239,15.66,15.66,2593.87,2593.87,2592.57,18568.59,18568.59,0.0,-1.3,0.0,0,MATCHED,,,BOOKED,SETTLED,2025-03-31
PA-INS-000218,PAY-000218,PA-BNK-000212,PA-00000212,CUST-0003,GLOBALPAY_US,PARTNER_A,LOCAL_BANK_TRANSFER,1,1,2025-02-14T22:27:00Z,2025-02-14,2025-02-19,2025-02-18T14:22:00Z,2025-02-18,2025-02-19,USD,2539.25,CNY,7.158645,7.172,15.24,15.24,2524.01,2524.01,2519.31,18068.49,18068.49,0.0,-4.7,0.0,0,MATCHED,,,BOOKED,SETTLED,2025-03-31
PA-INS-000219,PAY-000219,PA-BNK-000213,PA-00000213,CUST-0022,GLOBALPAY_US,PARTNER_A,LOCAL_BANK_TRANSFER,1,1,2025-02-15T00:29:00Z,2025-02-14,2025-02-19,2025-02-18T14:38:00Z,2025-02-18,2025-02-19,USD,8545.18,CNY,7.15829,7.172,51.27,51.27,8493.91,8493.91,8477.68,60801.87,60801.87,0.0,-16.23,0.0,0,MATCHED,,,BOOKED,SETTLED,2025-03-31
PA-INS-000220,PAY-000220,PA-BNK-000214,PA-00000214,CUST-0018,GLOBALPAY_US,PARTNER_A,LOCAL_BANK_TRANSFER,1,1,2025-02-18T14:18:00Z,2025-02-18,2025-02-19,2025-02-18T15:02:00Z,2025-02-18,2025-02-19,USD,1745.87,CNY,7.16626,7.164647,10.48,10.48,1735.39,1735.4,1735.79,12436.26,12436.26,0.0,0.39,0.0,0,MATCHED,,,BOOKED,SETTLED,2025-03-31
PA-INS-000221,PAY-000221,PA-BNK-000219,PA-00000219,CUST-0003,GLOBALPAY_US,PARTNER_A,LOCAL_BANK_TRANSFER,1,1,2025-02-18T14:24:00Z,2025-02-18,2025-02-19,2025-02-18T16:29:00Z,2025-02-18,2025-02-19,USD,2418.81,CNY,7.16626,7.162239,14.51,14.51,2404.3,2404.31,2405.65,17229.84,17229.84,0.0,1.34,0.0,0,MATCHED,,,BOOKED,SETTLED,2025-03-31
PA-INS-000223,PAY-000223,PA-BNK-000220,PA-00000220,CUST-0007,GLOBALPAY_US,PARTNER_A,LOCAL_BANK_TRANSFER,1,1,2025-02-18T15:04:00Z,2025-02-18,2025-02-19,2025-02-18T18:05:00Z,2025-02-18,2025-02-19,USD,7181.65,CNY,7.158913,7.171921,43.09,43.09,7138.56,7138.57,7125.62,51104.33,51104.33,0.0,-12.95,0.0,0,MATCHED,,,BOOKED,SETTLED,2025-03-31
PA-INS-000229,PAY-000229,PA-BNK-000225,PA-00000225,CUST-0020,GLOBALPAY_US,PARTNER_A,SWIFT,1,1,2025-02-18T22:31:00Z,2025-02-18,2025-02-20,2025-02-19T14:29:00Z,2025-02-19,2025-02-20,USD,13727,CNY,7.171692,7.178212,82.36,82.36,13644.64,13644.65,13632.25,97855.16,97855.16,0.0,-12.4,0.0,0,MATCHED,,,BOOKED,SETTLED,2025-03-31
PA-INS-000232,PAY-000232,PA-BNK-000227,PA-00000227,CUST-0021,GLOBALPAY_US,PARTNER_A,LOCAL_BANK_TRANSFER,1,1,2025-02-19T00:48:00Z,2025-02-18,2025-02-20,2025-02-19T15:48:00Z,2025-02-19,2025-02-20,USD,2525.49,CNY,7.172944,7.186407,15.15,15.15,2510.34,2510.35,2505.64,18006.53,18006.53,0.0,-4.71,0.0,0,MATCHED,,,BOOKED,SETTLED,2025-03-31
PA-INS-000233,PAY-000233,PA-BNK-000226,PA-00000226,CUST-0001,GLOBALPAY_US,PARTNER_A,LOCAL_BANK_TRANSFER,1,1,2025-02-19T13:19:00Z,2025-02-19,2025-02-20,2025-02-19T15:44:00Z,2025-02-19,2025-02-20,USD,24264.49,CNY,7.167825,7.186407,145.59,145.59,24118.9,24118.9,24056.54,172880.05,172880.05,0.0,-62.36,0.0,0,MATCHED,,,BOOKED,SETTLED,2025-03-31
PA-INS-000235,PAY-000235,PA-BNK-000228,PA-00000228,CUST-0003,GLOBALPAY_US,PARTNER_A,LOCAL_BANK_TRANSFER,1,1,2025-02-19T15:14:00Z,2025-02-19,2025-02-20,2025-02-19T18:05:00Z,2025-02-19,2025-02-20,USD,1949.85,CNY,7.180656,7.178798,11.7,11.7,1938.15,1938.16,1938.66,13917.19,13917.19,0.0,0.5,0.0,0,MATCHED,,,BOOKED,SETTLED,2025-03-31
PA-INS-000236,PAY-000236,PA-BNK-000229,PA-00000229,CUST-0016,GLOBALPAY_US,PARTNER_A,LOCAL_BANK_TRANSFER,1,1,2025-02-19T17:23:00Z,2025-02-19,2025-02-20,2025-02-19T19:41:00Z,2025-02-19,2025-02-20,USD,4350.31,CNY,7.175588,7.175494,26.1,26.1,4324.21,4324.22,4324.27,31028.75,31028.75,0.0,0.05,0.0,0,MATCHED,,,BOOKED,SETTLED,2025-03-31
PA-INS-000237,PAY-000237,PA-BNK-000230,PA-00000230,CUST-0016,GLOBALPAY_US,PARTNER_A,LOCAL_BANK_TRANSFER,1,1,2025-02-19T17:24:00Z,2025-02-19,2025-02-20,2025-02-19T21:12:00Z,2025-02-19,2025-02-20,USD,1152.68,CNY,7.175588,7.179919,6.92,6.92,1145.76,1145.76,1145.07,8221.5,8221.5,0.0,-0.69,0.0,0,MATCHED,,,BOOKED,SETTLED,2025-03-31
PA-INS-000242,PAY-000242,PA-BNK-000239,PA-00000239,CUST-0003,GLOBALPAY_US,PARTNER_A,LOCAL_BANK_TRANSFER,1,1,2025-02-19T23:04:00Z,2025-02-19,2025-02-21,2025-02-20T15:02:00Z,2025-02-20,2025-02-21,USD,17899.44,CNY,7.18309,7.17508,107.4,107.4,17792.04,17792.04,17811.91,127801.82,127801.82,0.0,19.87,0.0,0,MATCHED,,,BOOKED,SETTLED,2025-03-31
PA-INS-000244,PAY-000244,PA-BNK-000240,PA-00000240,CUST-0013,GLOBALPAY_US,PARTNER_A,LOCAL_BANK_TRANSFER,1,1,2025-02-20T13:55:00Z,2025-02-20,2025-02-21,2025-02-20T15:03:00Z,2025-02-20,2025-02-21,USD,14122.12,CNY,7.167155,7.17508,84.73,84.73,14037.39,14037.4,14021.89,100608.15,100608.15,0.0,-15.51,0.0,0,MATCHED,,,BOOKED,SETTLED,2025-03-31
PA-INS-000246,PAY-000246,PA-BNK-000242,PA-00000242,CUST-0024,GLOBALPAY_US,PARTNER_A,LOCAL_BANK_TRANSFER,1,1,2025-02-20T19:48:00Z,2025-02-20,2025-02-21,2025-02-20T21:17:00Z,2025-02-20,2025-02-21,USD,7736.52,CNY,7.178337,7.193935,46.42,46.42,7690.1,7690.11,7673.43,55202.13,55202.13,0.0,-16.68,0.0,0,MATCHED,,,BOOKED,SETTLED,2025-03-31
PA-INS-000247,PAY-000247,PA-BNK-000241,PA-00000241,CUST-0023,GLOBALPAY_US,PARTNER_A,LOCAL_BANK_TRANSFER,1,1,2025-02-20T19:55:00Z,2025-02-20,2025-02-21,2025-02-20T20:51:00Z,2025-02-20,2025-02-21,USD,3702.55,CNY,7.178337,7.188094,22.22,22.22,3680.33,3680.34,3675.34,26418.65,26418.65,0.0,-5.0,0.0,0,MATCHED,,,BOOKED,SETTLED,2025-03-31
PA-INS-000248,PAY-000248,PA-BNK-000250,PA-00000250,CUST-0010,GLOBALPAY_US,PARTNER_A,LOCAL_BANK_TRANSFER,1,1,2025-02-21T00:48:00Z,2025-02-20,2025-02-24,2025-02-21T15:50:00Z,2025-02-21,2025-02-24,USD,8112.19,CNY,7.190219,7.190338,48.67,48.67,8063.52,8063.52,8063.39,57978.47,57978.47,0.0,-0.13,0.0,0,MATCHED,,,BOOKED,SETTLED,2025-03-31
PA-INS-000249,PAY-000249,PA-BNK-000249,PA-00000249,CUST-0018,GLOBALPAY_US,PARTNER_A,LOCAL_BANK_TRANSFER,1,1,2025-02-21T13:52:00Z,2025-02-21,2025-02-24,2025-02-21T15:09:00Z,2025-02-21,2025-02-24,USD,14458.49,CNY,7.185741,7.190338,86.75,86.75,14371.74,14371.74,14362.56,103271.6,103271.6,0.0,-9.18,0.0,0,MATCHED,,,BOOKED,SETTLED,2025-03-31
PA-INS-000250,PAY-000250,PA-BNK-000248,PA-00000248,CUST-0025,GLOBALPAY_US,PARTNER_A,SWIFT,1,1,2025-02-21T14:23:00Z,2025-02-21,2025-02-24,2025-02-21T14:48:00Z,2025-02-21,2025-02-24,USD,2608.18,CNY,7.186543,7.192299,15.65,15.65,2592.53,2592.54,2590.46,18631.33,18631.33,0.0,-2.08,0.0,0,MATCHED,,,BOOKED,SETTLED,2025-03-31
PA-INS-000252,PAY-000252,PA-BNK-000252,PA-00000252,CUST-0022,GLOBALPAY_US,PARTNER_A,LOCAL_BANK_TRANSFER,1,1,2025-02-21T16:08:00Z,2025-02-21,2025-02-24,2025-02-21T18:38:00Z,2025-02-21,2025-02-24,USD,11263.94,CNY,7.182768,7.191414,67.58,67.58,11196.36,11196.37,11182.9,80420.86,80420.86,0.0,-13.47,0.0,0,MATCHED,,,BOOKED,SETTLED,2025-03-31
PA-INS-000253,PAY-000253,PA-BNK-000251,PA-00000251,CUST-0016,GLOBALPAY_US,PARTNER_A,LOCAL_BANK_TRANSFER,1,1,2025-02-21T16:39:00Z,2025-02-21,2025-02-24,2025-02-21T18:12:00Z,2025-02-21,2025-02-24,USD,11535.38,CNY,7.182768,7.191414,69.21,69.21,11466.17,11466.18,11452.39,82358.84,82358.84,0.0,-13.79,0.0,0,MATCHED,,,BOOKED,SETTLED,2025-03-31
PA-INS-000256,PAY-000256,PA-BNK-000257,PA-00000257,CUST-0005,GLOBALPAY_US,PARTNER_A,LOCAL_BANK_TRANSFER,1,1,2025-02-21T23:21:00Z,2025-02-21,2025-02-25,2025-02-24T17:08:00Z,2025-02-24,2025-02-25,USD,10074.44,CNY,7.18353,7.190045,60.45,60.45,10013.99,10014,10004.92,71935.8,71935.8,0.0,-9.08,0.0,0,MATCHED,,,BOOKED,SETTLED,2025-03-31
PA-INS-000258,PAY-000258,PA-BNK-000256,PA-00000256,CUST-0002,GLOBALPAY_US,PARTNER_A,LOCAL_BANK_TRANSFER,1,1,2025-02-24T16:01:00Z,2025-02-24,2025-02-25,2025-02-24T16:37:00Z,2025-02-24,2025-02-25,USD,4404.78,CNY,7.181455,7.187207,26.43,26.43,4378.35,4378.35,4374.85,31442.92,31442.92,0.0,-3.5,0.0,0,MATCHED,,,BOOKED,SETTLED,2025-03-31
PA-INS-000260,PAY-000260,PA-BNK-000258,PA-00000258,CUST-0004,GLOBALPAY_US,PARTNER_A,SWIFT,1,1,2025-02-24T17:51:00Z,2025-02-24,2025-02-25,2025-02-24T18:26:00Z,2025-02-24,2025-02-25,USD,10873.95,CNY,7.18429,7.189416,65.24,65.24,10808.71,10808.72,10801.01,77652.91,77652.91,0.0,-7.71,0.0,0,MATCHED,,,BOOKED,SETTLED,2025-03-31
PA-INS-000261,PAY-000261,PA-BNK-000259,PA-00000259,CUST-0022,GLOBALPAY_US,PARTNER_A,LOCAL_BANK_TRANSFER,1,1,2025-02-24T19:59:00Z,2025-02-24,2025-02-25,2025-02-24T21:21:00Z,2025-02-24,2025-02-25,USD,1924.87,CNY,7.177654,7.182085,11.55,11.55,1913.32,1913.33,1912.14,13733.15,13733.15,0.0,-1.19,0.0,0,MATCHED,,,BOOKED,SETTLED,2025-03-31
PA-INS-000264,PAY-000264,PA-BNK-000262,PA-00000262,CUST-0013,GLOBALPAY_US,PARTNER_A,LOCAL_BANK_TRANSFER,1,1,2025-02-24T22:31:00Z,2025-02-24,2025-02-26,2025-02-25T15:37:00Z,2025-02-25,2025-02-26,USD,6096.1,CNY,7.177719,7.195544,36.58,36.58,6059.52,6059.52,6044.51,43493.53,43493.53,0.0,-15.01,0.0,0,MATCHED,,,BOOKED,SETTLED,2025-03-31
PA-INS-000266,PAY-000266,PA-BNK-000263,PA-00000263,CUST-0009,GLOBALPAY_US,PARTNER_A,LOCAL_BANK_TRANSFER,1,1,2025-02-25T00:22:00Z,2025-02-24,2025-02-26,2025-02-25T17:02:00Z,2025-02-25,2025-02-26,USD,2055.8,CNY,7.184887,7.200266,12.33,12.33,2043.47,2043.47,2039.11,14682.1,14682.1,0.0,-4.36,0.0,0,MATCHED,,,BOOKED,SETTLED,2025-03-31
PA-INS-000267,PAY-000267,PA-BNK-000264,PA-00000264,CUST-0015,GLOBALPAY_US,PARTNER_A,SWIFT,1,1,2025-02-25T15:04:00Z,2025-02-25,2025-02-26,2025-02-25T17:51:00Z,2025-02-25,2025-02-26,USD,4973.62,CNY,7.189785,7.200266,29.84,29.84,4943.78,4943.79,4936.59,35544.72,35544.72,0.0,-7.2,0.0,0,MATCHED,,,BOOKED,SETTLED,2025-03-31
PA-INS-000269,PAY-000269,PA-BNK-000265,PA-00000265,CUST-0020,GLOBALPAY_US,PARTNER_A,LOCAL_BANK_TRANSFER,1,1,2025-02-25T20:25:00Z,2025-02-25,2025-02-26,2025-02-25T21:42:00Z,2025-02-25,2025-02-26,USD,7013.65,CNY,7.197041,7.204126,42.08,42.08,6971.57,6971.58,6964.72,50174.68,50174.68,0.0,-6.86,0.0,0,MATCHED,,,BOOKED,SETTLED,2025-03-31
PA-INS-000273,PAY-000273,PA-BNK-000270,PA-00000270,CUST-0022,GLOBALPAY_US,PARTNER_A,LOCAL_BANK_TRANSFER,1,1,2025-02-26T18:09:00Z,2025-02-26,2025-02-27,2025-02-26T20:12:00Z,2025-02-26,2025-02-27,USD,5186.59,CNY,7.199265,7.207714,31.12,31.12,5155.47,5155.47,5149.43,37115.59,37115.59,0.0,-6.04,0.0,0,MATCHED,,,BOOKED,SETTLED,2025-03-31
PA-INS-000274,PAY-000274,PA-BNK-000271,PA-00000271,CUST-0016,GLOBALPAY_US,PARTNER_A,LOCAL_BANK_TRANSFER,1,1,2025-02-26T18:35:00Z,2025-02-26,2025-02-27,2025-02-26T21:05:00Z,2025-02-26,2025-02-27,USD,3784.82,CNY,7.199265,7.204711,22.71,22.71,3762.11,3762.12,3759.27,27084.43,27084.43,0.0,-2.85,0.0,0,MATCHED,,,BOOKED,SETTLED,2025-03-31
PA-INS-000278,PAY-000278,PA-BNK-000275,PA-00000275,CUST-0023,GLOBALPAY_US,PARTNER_A,LOCAL_BANK_TRANSFER,1,1,2025-02-27T15:02:00Z,2025-02-27,2025-02-28,2025-02-27T16:21:00Z,2025-02-27,2025-02-28,USD,4610.13,CNY,7.212153,7.221856,27.66,27.66,4582.47,4582.47,4576.32,33049.47,33049.47,0.0,-6.15,0.0,0,MATCHED,,,BOOKED,SETTLED,2025-03-31
PA-INS-000279,PAY-000279,PA-BNK-000279,PA-00000279,CUST-0017,GLOBALPAY_US,PARTNER_A,LOCAL_BANK_TRANSFER,1,1,2025-02-27T16:49:00Z,2025-02-27,2025-02-28,2025-02-27T19:55:00Z,2025-02-27,2025-02-28,USD,5449.13,CNY,7.216076,7.21434,32.69,32.69,5416.44,5416.44,5417.75,39085.44,39085.44,0.0,1.31,0.0,0,MATCHED,,,BOOKED,SETTLED,2025-03-31
PA-INS-000280,PAY-000280,PA-BNK-000276,PA-00000276,CUST-0006,GLOBALPAY_US,PARTNER_A,LOCAL_BANK_TRANSFER,1,1,2025-02-27T16:51:00Z,2025-02-27,2025-02-28,2025-02-27T18:53:00Z,2025-02-27,2025-02-28,USD,3017.11,CNY,7.216076,7.215168,18.1,18.1,2999.01,2999.01,2999.39,21641.08,21641.08,0.0,0.38,0.0,0,MATCHED,,,BOOKED,SETTLED,2025-03-31
PA-INS-000281,PAY-000281,PA-BNK-000277,PA-00000277,CUST-0018,GLOBALPAY_US,PARTNER_A,SWIFT,1,1,2025-02-27T17:29:00Z,2025-02-27,2025-02-28,2025-02-27T19:45:00Z,2025-02-27,2025-02-28,USD,2024.91,CNY,7.214717,7.21434,12.15,12.15,2012.76,2012.76,2012.87,14521.49,14521.49,0.0,0.11,0.0,0,MATCHED,,,BOOKED,SETTLED,2025-03-31
PA-INS-000283,PAY-000283,PA-BNK-000278,PA-00000278,CUST-0015,GLOBALPAY_US,PARTNER_A,LOCAL_BANK_TRANSFER,1,1,2025-02-27T18:50:00Z,2025-02-27,2025-02-28,2025-02-27T19:50:00Z,2025-02-27,2025-02-28,USD,2490.98,CNY,7.209393,7.21434,14.95,14.95,2476.03,2476.03,2474.34,17850.67,17850.67,0.0,-1.69,0.0,0,MATCHED,,,BOOKED,SETTLED,2025-03-31
PA-INS-000284,PAY-000284,PA-BNK-000280,PA-00000280,CUST-0019,GLOBALPAY_US,PARTNER_A,LOCAL_BANK_TRANSFER,1,1,2025-02-27T20:39:00Z,2025-02-27,2025-02-28,2025-02-27T21:42:00Z,2025-02-27,2025-02-28,USD,975.93,CNY,7.209659,7.215348,5.86,5.86,970.07,970.07,969.31,6993.87,6993.87,0.0,-0.76,0.0,0,MATCHED,,,BOOKED,SETTLED,2025-03-31
PA-INS-000285,PAY-000285,PA-BNK-000285,PA-00000285,CUST-0017,GLOBALPAY_US,PARTNER_A,LOCAL_BANK_TRANSFER,1,1,2025-02-27T21:11:00Z,2025-02-27,2025-03-03,2025-02-28T14:54:00Z,2025-02-28,2025-03-03,USD,35255,CNY,7.209573,7.202948,211.53,211.53,35043.47,35043.48,35075.71,252648.46,252648.46,0.0,32.23,0.0,0,MATCHED,,,BOOKED,SETTLED,2025-03-31
PA-INS-000287,PAY-000287,PA-BNK-000286,PA-00000286,CUST-0004,GLOBALPAY_US,PARTNER_A,LOCAL_BANK_TRANSFER,1,1,2025-02-27T21:30:00Z,2025-02-27,2025-03-03,2025-02-28T15:54:00Z,2025-02-28,2025-03-03,USD,1783.33,CNY,7.209573,7.198134,10.7,10.7,1772.63,1772.64,1775.45,12779.91,12779.91,0.0,2.81,0.0,0,MATCHED,,,BOOKED,SETTLED,2025-03-31
PA-INS-000288,PAY-000288,PA-BNK-000287,PA-00000287,CUST-0001,GLOBALPAY_US,PARTNER_A,LOCAL_BANK_TRANSFER,1,1,2025-02-27T21:49:00Z,2025-02-27,2025-03-03,2025-02-28T16:03:00Z,2025-02-28,2025-03-03,USD,5075.31,CNY,7.209573,7.20397,30.45,30.45,5044.86,5044.87,5048.79,36371.29,36371.29,0.0,3.92,0.0,0,MATCHED,,,BOOKED,SETTLED,2025-03-31
PA-INS-000291,PAY-000291,PA-BNK-000288,PA-00000288,CUST-0008,GLOBALPAY_US,PARTNER_A,LOCAL_BANK_TRANSFER,1,1,2025-02-28T15:28:00Z,2025-02-28,2025-03-03,2025-02-28T16:13:00Z,2025-02-28,2025-03-03,USD,862.97,CNY,7.192373,7.20397,5.18,5.18,857.79,857.8,856.41,6169.55,6169.55,0.0,-1.39,0.0,0,MATCHED,,,BOOKED,SETTLED,2025-03-31
PA-INS-000293,PAY-000293,PA-BNK-000289,PA-00000289,CUST-0014,GLOBALPAY_US,PARTNER_A,LOCAL_BANK_TRANSFER,1,1,2025-02-28T16:35:00Z,2025-02-28,2025-03-03,2025-02-28T17:17:00Z,2025-02-28,2025-03-03,USD,4214.26,CNY,7.198205,7.208468,25.29,25.29,4188.97,4188.97,4183.01,30153.06,30153.06,0.0,-5.96,0.0,0,MATCHED,,,BOOKED,SETTLED,2025-03-31
PA-INS-000295,PAY-000295,PA-BNK-000290,PA-00000290,CUST-0006,GLOBALPAY_US,PARTNER_A,LOCAL_BANK_TRANSFER,1,1,2025-02-28T20:17:00Z,2025-02-28,2025-03-03,2025-02-28T21:32:00Z,2025-02-28,2025-03-03,USD,5516.57,CNY,7.209877,7.215682,33.1,33.1,5483.47,5483.47,5479.06,39535.14,39535.14,0.0,-4.41,0.0,0,MATCHED,,,BOOKED,SETTLED,2025-03-31
PA-INS-000296,PAY-000296,PA-BNK-000298,PA-00000298,CUST-0025,GLOBALPAY_US,PARTNER_A,LOCAL_BANK_TRANSFER,1,1,2025-02-28T22:56:00Z,2025-02-28,2025-03-04,2025-03-03T15:12:00Z,2025-03-03,2025-03-04,USD,3050,CNY,7.20786,7.2206,18.3,18.3,3031.7,3031.71,3026.36,21852.07,21852.07,0.0,-5.35,0.0,0,MATCHED,,,BOOKED,SETTLED,2025-03-31
PA-INS-000298,PAY-000298,PA-BNK-000297,PA-00000297,CUST-0013,GLOBALPAY_US,PARTNER_A,LOCAL_BANK_TRANSFER,1,1,2025-03-01T00:10:00Z,2025-02-28,2025-03-04,2025-03-03T14:56:00Z,2025-03-03,2025-03-04,USD,3263.36,CNY,7.205223,7.214995,19.58,19.58,3243.78,3243.79,3239.39,23372.16,23372.16,0.0,-4.4,0.0,0,MATCHED,,,BOOKED,SETTLED,2025-03-31
PA-INS-000299,PAY-000299,PA-BNK-000296,PA-00000296,CUST-0020,GLOBALPAY_US,PARTNER_A,LOCAL_BANK_TRANSFER,1,1,2025-03-01T00:22:00Z,2025-02-28,2025-03-04,2025-03-03T14:38:00Z,2025-03-03,2025-03-04,USD,6838.38,CNY,7.205223,7.214995,41.03,41.03,6797.35,6797.35,6788.15,48976.42,48976.42,0.0,-9.2,0.0,0,MATCHED,,,BOOKED,SETTLED,2025-03-31
PA-INS-000308,PAY-000308,PA-BNK-000306,PA-00000306,CUST-0009,GLOBALPAY_US,PARTNER_A,LOCAL_BANK_TRANSFER,1,1,2025-03-03T23:42:00Z,2025-03-03,2025-03-05,2025-03-04T15:51:00Z,2025-03-04,2025-03-05,USD,12623.25,CNY,7.21719,7.23716,75.74,75.74,12547.51,12547.51,12512.89,90557.76,90557.76,0.0,-34.62,0.0,0,MATCHED,,,BOOKED,SETTLED,2025-03-31
PA-INS-000311,PAY-000311,PA-BNK-000307,PA-00000307,CUST-0021,GLOBALPAY_US,PARTNER_A,LOCAL_BANK_TRANSFER,1,1,2025-03-04T15:33:00Z,2025-03-04,2025-03-05,2025-03-04T17:12:00Z,2025-03-04,2025-03-05,USD,3379.42,CNY,7.231368,7.234556,20.28,20.28,3359.14,3359.15,3357.67,24291.18,24291.18,0.0,-1.48,0.0,0,MATCHED,,,BOOKED,SETTLED,2025-03-31
PA-INS-000313,PAY-000313,PA-BNK-000309,PA-00000309,CUST-0002,GLOBALPAY_US,PARTNER_A,LOCAL_BANK_TRANSFER,1,1,2025-03-04T17:35:00Z,2025-03-04,2025-03-05,2025-03-04T20:51:00Z,2025-03-04,2025-03-05,USD,3094.21,CNY,7.228766,7.229769,18.57,18.57,3075.64,3075.64,3075.22,22233.08,22233.08,0.0,-0.42,0.0,0,MATCHED,,,BOOKED,SETTLED,2025-03-31
PA-INS-000314,PAY-000314,PA-BNK-000308,PA-00000308,CUST-0016,GLOBALPAY_US,PARTNER_A,LOCAL_BANK_TRANSFER,1,1,2025-03-04T17:58:00Z,2025-03-04,2025-03-05,2025-03-04T19:32:00Z,2025-03-04,2025-03-05,USD,1246.58,CNY,7.228766,7.230444,7.48,7.48,1239.1,1239.1,1238.82,8957.16,8957.16,0.0,-0.28,0.0,0,MATCHED,,,BOOKED,SETTLED,2025-03-31
PA-INS-000316,PAY-000316,PA-BNK-000310,PA-00000310,CUST-0008,GLOBALPAY_US,PARTNER_A,LOCAL_BANK_TRANSFER,1,1,2025-03-04T20:18:00Z,2025-03-04,2025-03-05,2025-03-04T21:56:00Z,2025-03-04,2025-03-05,USD,3375.81,CNY,7.223983,7.233936,20.25,20.25,3355.56,3355.57,3350.95,24240.51,24240.51,0.0,-4.62,0.0,0,MATCHED,,,BOOKED,SETTLED,2025-03-31
PA-INS-000318,PAY-000318,PA-BNK-000317,PA-00000317,CUST-0022,GLOBALPAY_US,PARTNER_A,LOCAL_BANK_TRANSFER,1,1,2025-03-04T22:37:00Z,2025-03-04,2025-03-06,2025-03-05T15:38:00Z,2025-03-05,2025-03-06,USD,1523.17,CNY,7.224672,7.232526,9.14,9.14,1514.03,1514.03,1512.39,10938.37,10938.37,0.0,-1.64,0.0,0,MATCHED,,,BOOKED,SETTLED,2025-03-31
PA-INS-000319,PAY-000319,PA-BNK-000316,PA-00000316,CUST-0001,GLOBALPAY_US,PARTNER_A,LOCAL_BANK_TRANSFER,1,1,2025-03-05T00:46:00Z,2025-03-04,2025-03-06,2025-03-05T14:52:00Z,2025-03-05,2025-03-06,USD,1328.96,CNY,7.215067,7.225125,7.97,7.97,1320.99,1320.99,1319.16,9531.03,9531.03,0.0,-1.83,0.0,0,MATCHED,,,BOOKED,SETTLED,2025-03-31
PA-INS-000320,PAY-000320,PA-BNK-000319,PA-00000319,CUST-0020,GLOBALPAY_US,PARTNER_A,LOCAL_BANK_TRANSFER,1,1,2025-03-05T14:37:00Z,2025-03-05,2025-03-06,2025-03-05T16:23:00Z,2025-03-05,2025-03-06,USD,2010.92,CNY,7.219342,7.235873,12.07,12.07,1998.85,1998.85,1994.29,14430.38,14430.38,0.0,-4.56,0.0,0,MATCHED,,,BOOKED,SETTLED,2025-03-31
PA-INS-000321,PAY-000321,PA-BNK-000318,PA-00000318,CUST-0024,GLOBALPAY_US,PARTNER_A,LOCAL_BANK_TRANSFER,1,1,2025-03-05T14:58:00Z,2025-03-05,2025-03-06,2025-03-05T16:06:00Z,2025-03-05,2025-03-06,USD,4806.52,CNY,7.219342,7.235873,28.84,28.84,4777.68,4777.69,4766.77,34491.71,34491.71,0.0,-10.92,0.0,0,MATCHED,,,BOOKED,SETTLED,2025-03-31
PA-INS-000322,PAY-000322,PA-BNK-000321,PA-00000321,CUST-0014,GLOBALPAY_US,PARTNER_A,SWIFT,1,1,2025-03-05T17:30:00Z,2025-03-05,2025-03-06,2025-03-05T20:27:00Z,2025-03-05,2025-03-06,USD,3740.4,CNY,7.230591,7.223782,22.44,22.44,3717.96,3717.97,3721.47,26883.05,26883.05,0.0,3.5,0.0,0,MATCHED,,,BOOKED,SETTLED,2025-03-31
PA-INS-000324,PAY-000324,PA-BNK-000320,PA-00000320,CUST-0024,GLOBALPAY_US,PARTNER_A,LOCAL_BANK_TRANSFER,1,1,2025-03-05T18:46:00Z,2025-03-05,2025-03-06,2025-03-05T20:06:00Z,2025-03-05,2025-03-06,USD,1965.28,CNY,7.226607,7.223782,11.79,11.79,1953.49,1953.49,1954.26,14117.1,14117.1,0.0,0.77,0.0,0,MATCHED,,,BOOKED,SETTLED,2025-03-31
PA-INS-000325,PAY-000325,PA-BNK-000325,PA-00000325,CUST-0007,GLOBALPAY_US,PARTNER_A,LOCAL_BANK_TRANSFER,1,1,2025-03-05T20:59:00Z,2025-03-05,2025-03-06,2025-03-06T14:18:00Z,2025-03-06,2025-03-07,USD,3688.48,CNY,7.218001,7.241341,22.13,22.13,3666.35,3666.36,3654.54,26463.72,26463.72,0.0,-11.82,0.0,1,MATCHED,,,BOOKED,SETTLED,2025-03-31
PA-INS-000326,PAY-000326,PA-BNK-000329,PA-00000329,CUST-0003,GLOBALPAY_US,PARTNER_A,LOCAL_BANK_TRANSFER,1,1,2025-03-05T22:47:00Z,2025-03-05,2025-03-07,2025-03-06T17:23:00Z,2025-03-06,2025-03-07,USD,12127.49,CNY,7.223335,7.25383,72.76,72.76,12054.73,12054.73,12004.06,87075.35,87075.35,0.0,-50.67,0.0,0,MATCHED,,,BOOKED,SETTLED,2025-03-31
PA-INS-000329,PAY-000329,PA-BNK-000326,PA-00000326,CUST-0025,GLOBALPAY_US,PARTNER_A,LOCAL_BANK_TRANSFER,1,1,2025-03-06T14:17:00Z,2025-03-06,2025-03-07,2025-03-06T15:37:00Z,2025-03-06,2025-03-07,USD,2653.33,CNY,7.235546,7.249133,15.92,15.92,2637.41,2637.41,2632.47,19083.1,19083.1,0.0,-4.94,0.0,0,MATCHED,,,BOOKED,SETTLED,2025-03-31
PA-INS-000330,PAY-000330,PA-BNK-000327,PA-00000327,CUST-0022,GLOBALPAY_US,PARTNER_A,LOCAL_BANK_TRANSFER,1,1,2025-03-06T14:23:00Z,2025-03-06,2025-03-07,2025-03-06T16:00:00Z,2025-03-06,2025-03-07,USD,15918.58,CNY,7.235546,7.25671,95.51,95.51,15823.07,15823.07,15776.93,114488.55,114488.55,0.0,-46.14,0.0,0,MATCHED,,,BOOKED,SETTLED,2025-03-31
PA-INS-000332,PAY-000332,PA-BNK-000328,PA-00000328,CUST-0001,GLOBALPAY_US,PARTNER_A,LOCAL_BANK_TRANSFER,1,1,2025-03-06T16:10:00Z,2025-03-06,2025-03-07,2025-03-06T17:15:00Z,2025-03-06,2025-03-07,USD,10496.8,CNY,7.250902,7.25383,62.98,62.98,10433.82,10433.83,10429.61,75654.61,75654.61,0.0,-4.22,0.0,0,MATCHED,,,BOOKED,SETTLED,2025-03-31
PA-INS-000334,PAY-000334,PA-BNK-000330,PA-00000330,CUST-0015,GLOBALPAY_US,PARTNER_A,SWIFT,1,1,2025-03-06T19:34:00Z,2025-03-06,2025-03-07,2025-03-06T20:53:00Z,2025-03-06,2025-03-07,USD,16569.72,CNY,7.243793,7.246855,99.42,99.42,16470.3,16470.3,16463.35,119307.44,119307.44,0.0,-6.95,0.0,0,MATCHED,,,BOOKED,SETTLED,2025-03-31
PA-INS-000336,PAY-000336,PA-BNK-000338,PA-00000338,CUST-0021,GLOBALPAY_US,PARTNER_A,LOCAL_BANK_TRANSFER,1,1,2025-03-06T21:16:00Z,2025-03-06,2025-03-10,2025-03-07T17:29:00Z,2025-03-07,2025-03-10,USD,2786.36,CNY,7.245623,7.232812,16.72,16.72,2769.64,2769.65,2774.55,20067.77,20067.77,0.0,4.9,0.0,0,MATCHED,,,BOOKED,SETTLED,2025-03-31
PA-INS-000337,PAY-000337,PA-BNK-000336,PA-00000336,CUST-0022,GLOBALPAY_US,PARTNER_A,SWIFT,1,1,2025-03-06T22:33:00Z,2025-03-06,2025-03-10,2025-03-07T14:47:00Z,2025-03-07,2025-03-10,USD,12831.4,CNY,7.23837,7.234047,76.99,76.99,12754.41,12754.42,12762.04,92321.14,92321.14,0.0,7.62,0.0,0,MATCHED,,,BOOKED,SETTLED,2025-03-31
PA-INS-000338,PAY-000338,PA-BNK-000335,PA-00000335,CUST-0010,GLOBALPAY_US,PARTNER_A,LOCAL_BANK_TRANSFER,1,1,2025-03-07T00:21:00Z,2025-03-06,2025-03-10,2025-03-07T14:44:00Z,2025-03-07,2025-03-10,USD,1012.8,CNY,7.231963,7.234047,6.08,6.08,1006.72,1006.72,1006.43,7280.56,7280.56,0.0,-0.29,0.0,0,MATCHED,,,BOOKED,SETTLED,2025-03-31
PA-INS-000339,PAY-000339,PA-BNK-000337,PA-00000337,CUST-0023,GLOBALPAY_US,PARTNER_A,LOCAL_BANK_TRANSFER,1,1,2025-03-07T13:21:00Z,2025-03-07,2025-03-10,2025-03-07T17:21:00Z,2025-03-07,2025-03-10,USD,19416.37,CNY,7.229408,7.232812,116.5,116.5,19299.87,19299.87,19290.79,139526.63,139526.63,0.0,-9.08,0.0,0,MATCHED,,,BOOKED,SETTLED,2025-03-31
PA-INS-000340,PAY-000340,PA-BNK-000341,PA-00000341,CUST-0002,GLOBALPAY_US,PARTNER_A,LOCAL_BANK_TRANSFER,1,1,2025-03-07T21:03:00Z,2025-03-07,2025-03-11,2025-03-10T15:43:00Z,2025-03-10,2025-03-11,USD,10820.19,CNY,7.224814,7.228582,64.92,64.92,10755.27,10755.28,10749.67,77704.83,77704.83,0.0,-5.61,0.0,0,MATCHED,,,BOOKED,SETTLED,2025-03-31
PA-INS-000341,PAY-000341,PA-BNK-000340,PA-00000340,CUST-0013,GLOBALPAY_US,PARTNER_A,LOCAL_BANK_TRANSFER,1,1,2025-03-07T22:31:00Z,2025-03-07,2025-03-11,2025-03-10T14:45:00Z,2025-03-10,2025-03-11,USD,2625.17,CNY,7.231688,7.231282,15.75,15.75,2609.42,2609.42,2609.57,18870.51,18870.51,0.0,0.15,0.0,0,MATCHED,,,BOOKED,SETTLED,2025-03-31
PA-INS-000343,PAY-000343,PA-BNK-000342,PA-00000342,CUST-0006,GLOBALPAY_US,PARTNER_A,LOCAL_BANK_TRANSFER,1,1,2025-03-10T13:37:00Z,2025-03-10,2025-03-11,2025-03-10T16:13:00Z,2025-03-10,2025-03-11,USD,14584.43,CNY,7.223959,7.224381,87.51,87.51,14496.92,14496.93,14496.08,104725.16,104725.16,0.0,-0.85,0.0,0,MATCHED,,,BOOKED,SETTLED,2025-03-31
PA-INS-000349,PAY-000349,PA-BNK-000345,PA-00000345,CUST-0005,GLOBALPAY_US,PARTNER_A,SWIFT,1,1,2025-03-11T17:39:00Z,2025-03-11,2025-03-12,2025-03-11T19:04:00Z,2025-03-11,2025-03-12,USD,5646.88,CNY,7.259365,7.270577,33.88,33.88,5613,5613.01,5604.35,40746.82,40746.82,0.0,-8.66,0.0,0,MATCHED,,,BOOKED,SETTLED,2025-03-31
PA-INS-000350,PAY-000350,PA-BNK-000350,PA-00000350,CUST-0004,GLOBALPAY_US,PARTNER_A,LOCAL_BANK_TRANSFER,1,1,2025-03-11T20:50:00Z,2025-03-11,2025-03-13,2025-03-12T15:27:00Z,2025-03-12,2025-03-13,USD,3995.53,CNY,7.260225,7.240061,23.97,23.97,3971.56,3971.57,3982.63,28834.42,28834.42,0.0,11.06,0.0,0,MATCHED,,,BOOKED,SETTLED,2025-03-31
PA-INS-000355,PAY-000355,PA-BNK-000351,PA-00000351,CUST-0019,GLOBALPAY_US,PARTNER_A,SWIFT,1,1,2025-03-12T15:42:00Z,2025-03-12,2025-03-13,2025-03-12T18:49:00Z,2025-03-12,2025-03-13,USD,3943.82,CNY,7.234266,7.256959,23.66,23.66,3920.16,3920.16,3907.91,28359.48,28359.48,0.0,-12.25,0.0,0,MATCHED,,,BOOKED,SETTLED,2025-03-31
PA-INS-000357,PAY-000357,PA-BNK-000352,PA-00000352,CUST-0020,GLOBALPAY_US,PARTNER_A,LOCAL_BANK_TRANSFER,1,1,2025-03-12T19:17:00Z,2025-03-12,2025-03-13,2025-03-12T20:00:00Z,2025-03-12,2025-03-13,USD,2113.21,CNY,7.263338,7.267738,12.68,12.68,2100.53,2100.54,2099.26,15256.86,15256.86,0.0,-1.28,0.0,0,MATCHED,,,BOOKED,SETTLED,2025-03-31
PA-INS-000359,PAY-000359,PA-BNK-000359,PA-00000359,CUST-0003,GLOBALPAY_US,PARTNER_A,LOCAL_BANK_TRANSFER,1,1,2025-03-12T23:33:00Z,2025-03-12,2025-03-14,2025-03-13T15:36:00Z,2025-03-13,2025-03-14,USD,5662.87,CNY,7.271099,7.278271,33.98,33.98,5628.89,5628.9,5623.35,40928.22,40928.22,0.0,-5.55,0.0,0,MATCHED,,,BOOKED,SETTLED,2025-03-31
PA-INS-000360,PAY-000360,PA-BNK-000357,PA-00000357,CUST-0024,GLOBALPAY_US,PARTNER_A,LOCAL_BANK_TRANSFER,1,1,2025-03-13T12:54:00Z,2025-03-13,2025-03-14,2025-03-13T14:07:00Z,2025-03-13,2025-03-14,USD,3038.36,CNY,7.276182,7.279057,18.23,18.23,3020.13,3020.14,3018.94,21975.02,21975.02,0.0,-1.2,0.0,0,MATCHED,,,BOOKED,SETTLED,2025-03-31
PA-INS-000361,PAY-000361,PA-BNK-000358,PA-00000358,CUST-0001,GLOBALPAY_US,PARTNER_A,LOCAL_BANK_TRANSFER,1,1,2025-03-13T12:56:00Z,2025-03-13,2025-03-14,2025-03-13T14:59:00Z,2025-03-13,2025-03-14,USD,1768.55,CNY,7.276182,7.279057,10.61,10.61,1757.94,1757.94,1757.25,12791.09,12791.09,0.0,-0.69,0.0,0,MATCHED,,,BOOKED,SETTLED,2025-03-31
PA-INS-000363,PAY-000363,PA-BNK-000360,PA-00000360,CUST-0002,GLOBALPAY_US,PARTNER_A,LOCAL_BANK_TRANSFER,1,1,2025-03-13T15:31:00Z,2025-03-13,2025-03-14,2025-03-13T17:12:00Z,2025-03-13,2025-03-14,USD,1202.82,CNY,7.272446,7.283578,7.22,7.22,1195.6,1195.61,1193.78,8694.94,8694.94,0.0,-1.83,0.0,0,MATCHED,,,BOOKED,SETTLED,2025-03-31
PA-INS-000364,PAY-000364,PA-BNK-000361,PA-00000361,CUST-0002,GLOBALPAY_US,PARTNER_A,LOCAL_BANK_TRANSFER,1,1,2025-03-13T16:48:00Z,2025-03-13,2025-03-14,2025-03-13T18:54:00Z,2025-03-13,2025-03-14,USD,4592.56,CNY,7.274873,7.279958,27.56,27.56,4565,4565.01,4561.82,33209.8,33209.8,0.0,-3.19,0.0,0,MATCHED,,,BOOKED,SETTLED,2025-03-31
PA-INS-000366,PAY-000366,PA-BNK-000362,PA-00000362,CUST-0012,GLOBALPAY_US,PARTNER_A,LOCAL_BANK_TRANSFER,1,1,2025-03-13T18:29:00Z,2025-03-13,2025-03-14,2025-03-13T19:33:00Z,2025-03-13,2025-03-14,USD,6548.07,CNY,7.274132,7.280281,39.29,39.29,6508.78,6508.78,6503.29,47345.72,47345.72,0.0,-5.49,0.0,0,MATCHED,,,BOOKED,SETTLED,2025-03-31
PA-INS-000367,PAY-000367,PA-BNK-000368,PA-00000368,CUST-0016,GLOBALPAY_US,PARTNER_A,LOCAL_BANK_TRANSFER,1,1,2025-03-13T19:25:00Z,2025-03-13,2025-03-14,2025-03-14T14:32:00Z,2025-03-14,2025-03-17,USD,19363.96,CNY,7.274454,7.265021,116.18,116.18,19247.78,19247.78,19272.78,140017.09,140017.09,0.0,25.0,0.0,3,MATCHED,,,BOOKED,SETTLED,2025-03-31
PA-INS-000369,PAY-000369,PA-BNK-000367,PA-00000367,CUST-0013,GLOBALPAY_US,PARTNER_A,LOCAL_BANK_TRANSFER,1,1,2025-03-14T12:10:00Z,2025-03-14,2025-03-17,2025-03-14T14:26:00Z,2025-03-14,2025-03-17,USD,45526.71,CNY,7.253284,7.265021,273.16,273.16,45253.55,45253.55,45180.45,328236.85,328236.85,0.0,-73.1,0.0,0,MATCHED,,,BOOKED,SETTLED,2025-03-31
PA-INS-000370,PAY-000370,PA-BNK-000370,PA-00000370,CUST-0007,GLOBALPAY_US,PARTNER_A,LOCAL_BANK_TRANSFER,1,1,2025-03-14T12:18:00Z,2025-03-14,2025-03-17,2025-03-14T14:57:00Z,2025-03-14,2025-03-17,USD,740.8,CNY,7.253284,7.265021,4.44,4.44,736.36,736.37,735.18,5341.03,5341.03,0.0,-1.19,0.0,0,MATCHED,,,BOOKED,SETTLED,2025-03-31
PA-INS-000371,PAY-000371,PA-BNK-000369,PA-00000369,CUST-0012,GLOBALPAY_US,PARTNER_A,LOCAL_BANK_TRANSFER,1,1,2025-03-14T13:27:00Z,2025-03-14,2025-03-17,2025-03-14T14:37:00Z,2025-03-14,2025-03-17,USD,3310.9,CNY,7.260506,7.265021,19.87,19.87,3291.03,3291.03,3288.99,23894.54,23894.54,0.0,-2.04,0.0,0,MATCHED,,,BOOKED,SETTLED,2025-03-31
PA-INS-000372,PAY-000372,PA-BNK-000371,PA-00000371,CUST-0024,GLOBALPAY_US,PARTNER_A,LOCAL_BANK_TRANSFER,1,1,2025-03-14T14:28:00Z,2025-03-14,2025-03-17,2025-03-14T15:27:00Z,2025-03-14,2025-03-17,USD,15989.89,CNY,7.259206,7.266154,95.94,95.94,15893.95,15893.96,15878.76,115377.46,115377.46,0.0,-15.2,0.0,0,MATCHED,,,BOOKED,SETTLED,2025-03-31
PA-INS-000373,PAY-000373,PA-BNK-000372,PA-00000372,CUST-0002,GLOBALPAY_US,PARTNER_A,LOCAL_BANK_TRANSFER,1,1,2025-03-14T15:14:00Z,2025-03-14,2025-03-17,2025-03-14T16:03:00Z,2025-03-14,2025-03-17,USD,7484.81,CNY,7.260339,7.270287,44.91,44.91,7439.9,7439.91,7429.73,54016.2,54016.2,0.0,-10.18,0.0,0,MATCHED,,,BOOKED,SETTLED,2025-03-31
PA-INS-000374,PAY-000374,PA-BNK-000373,PA-00000373,CUST-0007,GLOBALPAY_US,PARTNER_A,LOCAL_BANK_TRANSFER,1,1,2025-03-14T17:22:00Z,2025-03-14,2025-03-17,2025-03-14T19:16:00Z,2025-03-14,2025-03-17,USD,721.7,CNY,7.262034,7.266646,4.33,4.33,717.37,717.38,716.92,5209.57,5209.57,0.0,-0.46,0.0,0,MATCHED,,,BOOKED,SETTLED,2025-03-31
PA-INS-000376,PAY-000376,PA-BNK-000374,PA-00000374,CUST-0017,GLOBALPAY_US,PARTNER_A,LOCAL_BANK_TRANSFER,1,1,2025-03-14T19:08:00Z,2025-03-14,2025-03-17,2025-03-14T20:29:00Z,2025-03-14,2025-03-17,USD,2372.38,CNY,7.260831,7.270729,14.23,14.23,2358.15,2358.16,2354.94,17122.13,17122.13,0.0,-3.22,0.0,0,MATCHED,,,BOOKED,SETTLED,2025-03-31
PA-INS-000379,PAY-000379,PA-BNK-000378,PA-00000378,CUST-0015,GLOBALPAY_US,PARTNER_A,LOCAL_BANK_TRANSFER,1,1,2025-03-14T22:07:00Z,2025-03-14,2025-03-18,2025-03-17T14:15:00Z,2025-03-17,2025-03-18,USD,4335.06,CNY,7.273025,7.274704,26.01,26.01,4309.05,4309.06,4308.06,31339.83,31339.83,0.0,-1.0,0.0,0,MATCHED,,,BOOKED,SETTLED,2025-03-31
PA-INS-000380,PAY-000380,PA-BNK-000380,PA-00000380,CUST-0014,GLOBALPAY_US,PARTNER_A,LOCAL_BANK_TRANSFER,1,1,2025-03-14T22:20:00Z,2025-03-14,2025-03-18,2025-03-17T16:09:00Z,2025-03-17,2025-03-18,USD,8272.39,CNY,7.273025,7.273816,49.63,49.63,8222.76,8222.77,8221.87,59804.34,59804.34,0.0,-0.9,0.0,0,MATCHED,,,BOOKED,SETTLED,2025-03-31
PA-INS-000381,PAY-000381,PA-BNK-000377,PA-00000377,CUST-0002,GLOBALPAY_US,PARTNER_A,LOCAL_BANK_TRANSFER,1,1,2025-03-14T23:41:00Z,2025-03-14,2025-03-18,2025-03-17T13:27:00Z,2025-03-17,2025-03-18,USD,2636.19,CNY,7.27206,7.279953,15.82,15.82,2620.37,2620.38,2617.53,19055.49,19055.49,0.0,-2.85,0.0,0,MATCHED,,,BOOKED,SETTLED,2025-03-31
PA-INS-000382,PAY-000382,PA-BNK-000381,PA-00000381,CUST-0020,GLOBALPAY_US,PARTNER_A,LOCAL_BANK_TRANSFER,1,1,2025-03-17T14:06:00Z,2025-03-17,2025-03-18,2025-03-17T16:30:00Z,2025-03-17,2025-03-18,USD,1271.34,CNY,7.268882,7.273816,7.63,7.63,1263.71,1263.72,1262.86,9185.76,9185.76,0.0,-0.86,0.0,0,MATCHED,,,BOOKED,SETTLED,2025-03-31
PA-INS-000383,PAY-000383,PA-BNK-000379,PA-00000379,CUST-0016,GLOBALPAY_US,PARTNER_A,LOCAL_BANK_TRANSFER,1,1,2025-03-17T15:07:00Z,2025-03-17,2025-03-18,2025-03-17T15:41:00Z,2025-03-17,2025-03-18,USD,5116.1,CNY,7.27116,7.276984,30.7,30.7,5085.4,5085.41,5081.34,36976.76,36976.76,0.0,-4.07,0.0,0,MATCHED,,,BOOKED,SETTLED,2025-03-31
PA-INS-000386,PAY-000386,PA-BNK-000383,PA-00000383,CUST-0001,GLOBALPAY_US,PARTNER_A,LOCAL_BANK_TRANSFER,1,1,2025-03-17T16:47:00Z,2025-03-17,2025-03-18,2025-03-17T18:50:00Z,2025-03-17,2025-03-18,USD,1154.61,CNY,7.267995,7.271758,6.93,6.93,1147.68,1147.68,1147.09,8341.33,8341.33,0.0,-0.59,0.0,0,MATCHED,,,BOOKED,SETTLED,2025-03-31
PA-INS-000387,PAY-000387,PA-BNK-000382,PA-00000382,CUST-0017,GLOBALPAY_US,PARTNER_A,LOCAL_BANK_TRANSFER,1,1,2025-03-17T16:56:00Z,2025-03-17,2025-03-18,2025-03-17T17:35:00Z,2025-03-17,2025-03-18,USD,19126.84,CNY,7.267995,7.275137,114.76,114.76,19012.08,19012.08,18993.42,138179.7,138179.7,0.0,-18.66,0.0,0,MATCHED,,,BOOKED,SETTLED,2025-03-31
PA-INS-000390,PAY-000390,PA-BNK-000391,PA-00000391,CUST-0015,GLOBALPAY_US,PARTNER_A,LOCAL_BANK_TRANSFER,1,1,2025-03-17T22:17:00Z,2025-03-17,2025-03-19,2025-03-18T15:49:00Z,2025-03-18,2025-03-19,USD,2823.58,CNY,7.243391,7.264784,16.94,16.94,2806.64,2806.64,2798.38,20329.59,20329.59,0.0,-8.26,0.0,0,MATCHED,,,BOOKED,SETTLED,2025-03-31
PA-INS-000392,PAY-000392,PA-BNK-000389,PA-00000389,CUST-0004,GLOBALPAY_US,PARTNER_A,SWIFT,1,1,2025-03-17T23:30:00Z,2025-03-17,2025-03-19,2025-03-18T15:40:00Z,2025-03-18,2025-03-19,USD,1877.21,CNY,7.247628,7.264784,11.26,11.26,1865.95,1865.95,1861.55,13523.71,13523.71,0.0,-4.4,0.0,0,MATCHED,,,BOOKED,SETTLED,2025-03-31
PA-INS-000393,PAY-000393,PA-BNK-000388,PA-00000388,CUST-0022,GLOBALPAY_US,PARTNER_A,LOCAL_BANK_TRANSFER,1,1,2025-03-17T23:52:00Z,2025-03-17,2025-03-19,2025-03-18T13:35:00Z,2025-03-18,2025-03-19,USD,4620.43,CNY,7.247628,7.267205,27.72,27.72,4592.71,4592.71,4580.34,33286.25,33286.25,0.0,-12.37,0.0,0,MATCHED,,,BOOKED,SETTLED,2025-03-31
PA-INS-000394,PAY-000394,PA-BNK-000390,PA-00000390,CUST-0023,GLOBALPAY_US,PARTNER_A,SWIFT,1,1,2025-03-18T14:19:00Z,2025-03-18,2025-03-19,2025-03-18T15:43:00Z,2025-03-18,2025-03-19,USD,2447.71,CNY,7.258971,7.264784,14.69,14.69,2433.02,2433.02,2431.08,17661.22,17661.22,0.0,-1.94,0.0,0,MATCHED,,,BOOKED,SETTLED,2025-03-31
PA-INS-000395,PAY-000395,PA-BNK-000398,PA-00000398,CUST-0005,GLOBALPAY_US,PARTNER_A,LOCAL_BANK_TRANSFER,1,1,2025-03-18T20:30:00Z,2025-03-18,2025-03-20,2025-03-19T14:45:00Z,2025-03-19,2025-03-20,USD,2760.03,CNY,7.279331,7.262628,16.56,16.56,2743.47,2743.48,2749.79,19970.63,19970.63,0.0,6.31,0.0,0,MATCHED,,,BOOKED,SETTLED,2025-03-31
PA-INS-000396,PAY-000396,PA-BNK-000397,PA-00000397,CUST-0004,GLOBALPAY_US,PARTNER_A,LOCAL_BANK_TRANSFER,1,1,2025-03-18T20:49:00Z,2025-03-18,2025-03-20,2025-03-19T14:27:00Z,2025-03-19,2025-03-20,USD,5318.9,CNY,7.279331,7.262628,31.91,31.91,5286.99,5286.99,5299.15,38485.75,38485.75,0.0,12.16,0.0,0,MATCHED,,,BOOKED,SETTLED,2025-03-31
PA-INS-000397,PAY-000397,PA-BNK-000399,PA-00000399,CUST-0024,GLOBALPAY_US,PARTNER_A,LOCAL_BANK_TRANSFER,1,1,2025-03-18T22:08:00Z,2025-03-18,2025-03-20,2025-03-19T15:44:00Z,2025-03-19,2025-03-20,USD,1482.69,CNY,7.277734,7.269394,8.9,8.9,1473.79,1473.79,1475.49,10725.85,10725.85,0.0,1.7,0.0,0,MATCHED,,,BOOKED,SETTLED,2025-03-31
PA-INS-000398,PAY-000398,PA-BNK-000395,PA-00000395,CUST-0006,GLOBALPAY_US,PARTNER_A,LOCAL_BANK_TRANSFER,1,1,2025-03-19T13:00:00Z,2025-03-19,2025-03-20,2025-03-19T14:08:00Z,2025-03-19,2025-03-20,USD,6537.54,CNY,7.25433,7.262628,39.23,39.23,6498.31,6498.32,6490.89,47140.89,47140.89,0.0,-7.43,0.0,0,MATCHED,,,BOOKED,SETTLED,2025-03-31
PA-INS-000399,PAY-000399,PA-BNK-000396,PA-00000396,CUST-0001,GLOBALPAY_US,PARTNER_A,LOCAL_BANK_TRANSFER,1,1,2025-03-19T13:09:00Z,2025-03-19,2025-03-20,2025-03-19T14:08:00Z,2025-03-19,2025-03-20,USD,12154.28,CNY,7.25433,7.262628,72.93,72.93,12081.35,12081.36,12067.55,87642.1,87642.1,0.0,-13.81,0.0,0,MATCHED,,,BOOKED,SETTLED,2025-03-31
PA-INS-000401,PAY-000401,PA-BNK-000400,PA-00000400,CUST-0017,GLOBALPAY_US,PARTNER_A,SWIFT,1,1,2025-03-19T14:00:00Z,2025-03-19,2025-03-20,2025-03-19T15:58:00Z,2025-03-19,2025-03-20,USD,6750.66,CNY,7.256815,7.269394,40.5,40.5,6710.16,6710.17,6698.55,48694.39,48694.39,0.0,-11.62,0.0,0,MATCHED,,,BOOKED,SETTLED,2025-03-31
PA-INS-000402,PAY-000402,PA-BNK-000401,PA-00000401,CUST-0017,GLOBALPAY_US,PARTNER_A,LOCAL_BANK_TRANSFER,1,1,2025-03-19T15:57:00Z,2025-03-19,2025-03-20,2025-03-19T17:52:00Z,2025-03-19,2025-03-20,USD,10338.6,CNY,7.263576,7.2655,62.03,62.03,10276.57,10276.58,10273.85,74644.65,74644.65,0.0,-2.73,0.0,0,MATCHED,,,BOOKED,SETTLED,2025-03-31
PA-INS-000403,PAY-000403,PA-BNK-000402,PA-00000402,CUST-0001,GLOBALPAY_US,PARTNER_A,SWIFT,1,1,2025-03-19T18:37:00Z,2025-03-19,2025-03-20,2025-03-19T20:15:00Z,2025-03-19,2025-03-20,USD,2232.44,CNY,7.255277,7.257521,13.39,13.39,2219.05,2219.05,2218.37,16099.82,16099.82,0.0,-0.68,0.0,0,MATCHED,,,BOOKED,SETTLED,2025-03-31
PA-INS-000405,PAY-000405,PA-BNK-000403,PA-00000403,CUST-0015,GLOBALPAY_US,PARTNER_A,LOCAL_BANK_TRANSFER,1,1,2025-03-19T19:04:00Z,2025-03-19,2025-03-20,2025-03-19T20:53:00Z,2025-03-19,2025-03-20,USD,3612.44,CNY,7.2559,7.257521,21.67,21.67,3590.77,3590.78,3589.97,26054.27,26054.27,0.0,-0.81,0.0,0,MATCHED,,,BOOKED,SETTLED,2025-03-31
PA-INS-000406,PAY-000406,PA-BNK-000404,PA-00000404,CUST-0019,GLOBALPAY_US,PARTNER_A,LOCAL_BANK_TRANSFER,1,1,2025-03-19T19:28:00Z,2025-03-19,2025-03-20,2025-03-19T20:55:00Z,2025-03-19,2025-03-20,USD,5080.2,CNY,7.2559,7.257521,30.48,30.48,5049.72,5049.72,5048.6,36640.26,36640.26,0.0,-1.12,0.0,0,MATCHED,,,BOOKED,SETTLED,2025-03-31
PA-INS-000407,PAY-000407,PA-BNK-000407,PA-00000407,CUST-0007,GLOBALPAY_US,PARTNER_A,LOCAL_BANK_TRANSFER,1,1,2025-03-19T20:24:00Z,2025-03-19,2025-03-21,2025-03-20T14:43:00Z,2025-03-20,2025-03-21,USD,3472.47,CNY,7.251712,7.22302,20.83,20.83,3451.64,3451.65,3465.36,25030.3,25030.3,0.0,13.71,0.0,0,MATCHED,,,BOOKED,SETTLED,2025-03-31
PA-INS-000411,PAY-000411,PA-BNK-000406,PA-00000406,CUST-0023,GLOBALPAY_US,PARTNER_A,LOCAL_BANK_TRANSFER,1,1,2025-03-20T13:19:00Z,2025-03-20,2025-03-21,2025-03-20T14:39:00Z,2025-03-20,2025-03-21,USD,1051.83,CNY,7.220717,7.22302,6.31,6.31,1045.52,1045.52,1045.19,7549.4,7549.4,0.0,-0.33,0.0,0,MATCHED,,,BOOKED,SETTLED,2025-03-31
PA-INS-000414,PAY-000414,PA-BNK-000417,PA-00000417,CUST-0012,GLOBALPAY_US,PARTNER_A,SWIFT,1,1,2025-03-20T21:14:00Z,2025-03-20,2025-03-24,2025-03-21T15:09:00Z,2025-03-21,2025-03-24,USD,3324.33,CNY,7.219244,7.237654,19.95,19.95,3304.38,3304.39,3295.98,23855.13,23855.13,0.0,-8.41,0.0,0,MATCHED,,,BOOKED,SETTLED,2025-03-31
PA-INS-000415,PAY-000415,PA-BNK-000421,PA-00000421,CUST-0023,GLOBALPAY_US,PARTNER_A,SWIFT,1,1,2025-03-20T22:16:00Z,2025-03-20,2025-03-24,2025-03-21T16:00:00Z,2025-03-21,2025-03-24,USD,5360.64,CNY,7.221002,7.244359,32.16,32.16,5328.48,5328.48,5311.3,38476.96,38476.96,0.0,-17.18,0.0,0,MATCHED,,,BOOKED,SETTLED,2025-03-31
PA-INS-000416,PAY-000416,PA-BNK-000414,PA-00000414,CUST-0003,GLOBALPAY_US,PARTNER_A,LOCAL_BANK_TRANSFER,1,1,2025-03-20T23:21:00Z,2025-03-20,2025-03-24,2025-03-21T13:30:00Z,2025-03-21,2025-03-24,USD,22037.26,CNY,7.229885,7.238019,132.22,132.22,21905.04,21905.04,21880.43,158370.92,158370.92,0.0,-24.61,0.0,0,MATCHED,,,BOOKED,SETTLED,2025-03-31
PA-INS-000417,PAY-000417,PA-BNK-000420,PA-00000420,CUST-0014,GLOBALPAY_US,PARTNER_A,SWIFT,1,1,2025-03-20T23:22:00Z,2025-03-20,2025-03-24,2025-03-21T15:33:00Z,2025-03-21,2025-03-24,USD,12126.43,CNY,7.229885,7.237654,72.76,72.76,12053.67,12053.68,12040.74,87146.65,87146.65,0.0,-12.94,0.0,0,MATCHED,,,BOOKED,SETTLED,2025-03-31
PA-INS-000418,PAY-000418,PA-BNK-000419,PA-00000419,CUST-0007,GLOBALPAY_US,PARTNER_A,LOCAL_BANK_TRANSFER,1,1,2025-03-20T23:53:00Z,2025-03-20,2025-03-24,2025-03-21T15:20:00Z,2025-03-21,2025-03-24,USD,24635.82,CNY,7.229885,7.237654,147.81,147.81,24488.01,24488.02,24461.73,177045.5,177045.5,0.0,-26.29,0.0,0,MATCHED,,,BOOKED,SETTLED,2025-03-31
PA-INS-000419,PAY-000419,PA-BNK-000415,PA-00000415,CUST-0017,GLOBALPAY_US,PARTNER_A,LOCAL_BANK_TRANSFER,1,1,2025-03-21T12:35:00Z,2025-03-21,2025-03-24,2025-03-21T14:20:00Z,2025-03-21,2025-03-24,USD,3804.39,CNY,7.233446,7.236803,22.83,22.83,3781.56,3781.56,3779.81,27353.71,27353.71,0.0,-1.75,0.0,0,MATCHED,,,BOOKED,SETTLED,2025-03-31
PA-INS-000420,PAY-000420,PA-BNK-000416,PA-00000416,CUST-0012,GLOBALPAY_US,PARTNER_A,LOCAL_BANK_TRANSFER,1,1,2025-03-21T12:52:00Z,2025-03-21,2025-03-24,2025-03-21T14:28:00Z,2025-03-21,2025-03-24,USD,14020.69,CNY,7.233446,7.236803,84.12,84.12,13936.57,13936.58,13930.11,100809.43,100809.43,0.0,-6.47,0.0,0,MATCHED,,,BOOKED,SETTLED,2025-03-31
PA-INS-000421,PAY-000421,PA-BNK-000418,PA-00000418,CUST-0018,GLOBALPAY_US,PARTNER_A,LOCAL_BANK_TRANSFER,1,1,2025-03-21T12:58:00Z,2025-03-21,2025-03-24,2025-03-21T15:15:00Z,2025-03-21,2025-03-24,USD,5266.44,CNY,7.233446,7.237654,31.6,31.6,5234.84,5234.84,5231.8,37865.93,37865.93,0.0,-3.04,0.0,0,MATCHED,,,BOOKED,SETTLED,2025-03-31
PA-INS-000422,PAY-000422,PA-BNK-000422,PA-00000422,CUST-0015,GLOBALPAY_US,PARTNER_A,LOCAL_BANK_TRANSFER,1,1,2025-03-21T15:06:00Z,2025-03-21,2025-03-24,2025-03-21T16:49:00Z,2025-03-21,2025-03-24,USD,4926.1,CNY,7.231861,7.244359,29.56,29.56,4896.54,4896.55,4888.1,35411.1,35411.1,0.0,-8.45,0.0,0,MATCHED,,,BOOKED,SETTLED,2025-03-31
PA-INS-000424,PAY-000424,PA-BNK-000425,PA-00000425,CUST-0019,GLOBALPAY_US,PARTNER_A,LOCAL_BANK_TRANSFER,1,1,2025-03-21T17:09:00Z,2025-03-21,2025-03-24,2025-03-21T19:09:00Z,2025-03-21,2025-03-24,USD,575.59,CNY,7.242627,7.247315,3.45,3.45,572.14,572.15,571.78,4143.8,4143.8,0.0,-0.37,0.0,0,MATCHED,,,BOOKED,SETTLED,2025-03-31
PA-INS-000425,PAY-000425,PA-BNK-000423,PA-00000423,CUST-0025,GLOBALPAY_US,PARTNER_A,LOCAL_BANK_TRANSFER,1,1,2025-03-21T17:39:00Z,2025-03-21,2025-03-24,2025-03-21T18:31:00Z,2025-03-21,2025-03-24,USD,8021.98,CNY,7.242627,7.245988,48.13,48.13,7973.85,7973.85,7970.16,57751.62,57751.62,0.0,-3.69,0.0,0,MATCHED,,,BOOKED,SETTLED,2025-03-31
PA-INS-000426,PAY-000426,PA-BNK-000424,PA-00000424,CUST-0018,GLOBALPAY_US,PARTNER_A,LOCAL_BANK_TRANSFER,1,1,2025-03-21T17:49:00Z,2025-03-21,2025-03-24,2025-03-21T18:45:00Z,2025-03-21,2025-03-24,USD,3906.57,CNY,7.242627,7.245988,23.44,23.44,3883.13,3883.13,3881.33,28124.06,28124.06,0.0,-1.8,0.0,0,MATCHED,,,BOOKED,SETTLED,2025-03-31
PA-INS-000427,PAY-000427,PA-BNK-000430,PA-00000430,CUST-0025,GLOBALPAY_US,PARTNER_A,LOCAL_BANK_TRANSFER,1,1,2025-03-21T20:18:00Z,2025-03-21,2025-03-25,2025-03-24T16:12:00Z,2025-03-24,2025-03-25,USD,7579.77,CNY,7.240915,7.257244,45.48,45.48,7534.29,7534.29,7517.34,54555.15,54555.15,0.0,-16.95,0.0,0,MATCHED,,,BOOKED,SETTLED,2025-03-31
PA-INS-000428,PAY-000428,PA-BNK-000431,PA-00000431,CUST-0024,GLOBALPAY_US,PARTNER_A,LOCAL_BANK_TRANSFER,1,1,2025-03-21T21:33:00Z,2025-03-21,2025-03-25,2025-03-24T16:12:00Z,2025-03-24,2025-03-25,USD,5518.31,CNY,7.242354,7.257244,33.11,33.11,5485.2,5485.2,5473.95,39725.76,39725.76,0.0,-11.25,0.0,0,MATCHED,,,BOOKED,SETTLED,2025-03-31
PA-INS-000430,PAY-000430,PA-BNK-000429,PA-00000429,CUST-0019,GLOBALPAY_US,PARTNER_A,LOCAL_BANK_TRANSFER,1,1,2025-03-21T22:51:00Z,2025-03-21,2025-03-25,2025-03-24T15:45:00Z,2025-03-24,2025-03-25,USD,10247.42,CNY,7.241393,7.258732,61.48,61.48,10185.94,10185.94,10161.61,73760.39,73760.39,0.0,-24.33,0.0,0,MATCHED,,,BOOKED,SETTLED,2025-03-31
PA-INS-000431,PAY-000431,PA-BNK-000427,PA-00000427,CUST-0008,GLOBALPAY_US,PARTNER_A,LOCAL_BANK_TRANSFER,1,1,2025-03-24T12:41:00Z,2025-03-24,2025-03-25,2025-03-24T14:29:00Z,2025-03-24,2025-03-25,USD,12891.59,CNY,7.250977,7.255486,77.35,77.35,12814.24,12814.25,12806.28,92915.76,92915.76,0.0,-7.97,0.0,0,MATCHED,,,BOOKED,SETTLED,2025-03-31
PA-INS-000432,PAY-000432,PA-BNK-000428,PA-00000428,CUST-0003,GLOBALPAY_US,PARTNER_A,SWIFT,1,1,2025-03-24T14:28:00Z,2025-03-24,2025-03-25,2025-03-24T15:10:00Z,2025-03-24,2025-03-25,USD,5552.46,CNY,7.249679,7.258732,33.31,33.31,5519.15,5519.16,5512.27,40012.07,40012.07,0.0,-6.89,0.0,0,MATCHED,,,BOOKED,SETTLED,2025-03-31
PA-INS-000434,PAY-000434,PA-BNK-000432,PA-00000432,CUST-0005,GLOBALPAY_US,PARTNER_A,LOCAL_BANK_TRANSFER,1,1,2025-03-24T19:34:00Z,2025-03-24,2025-03-25,2025-03-24T20:23:00Z,2025-03-24,2025-03-25,USD,5113.65,CNY,7.24445,7.249028,30.68,30.68,5082.97,5082.97,5079.76,36823.32,36823.32,0.0,-3.21,0.0,0,MATCHED,,,BOOKED,SETTLED,2025-03-31
PA-INS-000435,PAY-000435,PA-BNK-000436,PA-00000436,CUST-0009,GLOBALPAY_US,PARTNER_A,LOCAL_BANK_TRANSFER,1,1,2025-03-24T23:30:00Z,2025-03-24,2025-03-26,2025-03-25T14:11:00Z,2025-03-25,2025-03-26,USD,865.31,CNY,7.255702,7.242309,5.19,5.19,860.12,860.12,861.71,6240.77,6240.77,0.0,1.59,0.0,0,MATCHED,,,BOOKED,SETTLED,2025-03-31
PA-INS-000436,PAY-000436,PA-BNK-000437,PA-00000437,CUST-0010,GLOBALPAY_US,PARTNER_A,LOCAL_BANK_TRANSFER,1,1,2025-03-24T23:34:00Z,2025-03-24,2025-03-26,2025-03-25T14:24:00Z,2025-03-25,2025-03-26,USD,6857.06,CNY,7.255702,7.242309,41.14,41.14,6815.92,6815.92,6828.53,49454.28,49454.28,0.0,12.61,0.0,0,MATCHED,,,BOOKED,SETTLED,2025-03-31
PA-INS-000437,PAY-000437,PA-BNK-000435,PA-00000435,CUST-0005,GLOBALPAY_US,PARTNER_A,LOCAL_BANK_TRANSFER,1,1,2025-03-24T23:49:00Z,2025-03-24,2025-03-26,2025-03-25T14:02:00Z,2025-03-25,2025-03-26,USD,18240.64,CNY,7.255702,7.242309,109.44,109.44,18131.2,18131.2,18164.73,131554.58,131554.58,0.0,33.53,0.0,0,MATCHED,,,BOOKED,SETTLED,2025-03-31
PA-INS-000438,PAY-000438,PA-BNK-000438,PA-00000438,CUST-0007,GLOBALPAY_US,PARTNER_A,LOCAL_BANK_TRANSFER,1,1,2025-03-25T14:10:00Z,2025-03-25,2025-03-26,2025-03-25T16:44:00Z,2025-03-25,2025-03-26,USD,2651.57,CNY,7.236513,7.244832,15.91,15.91,2635.66,2635.67,2632.64,19072.99,19072.99,0.0,-3.03,0.0,0,MATCHED,,,BOOKED,SETTLED,2025-03-31
PA-INS-000440,PAY-000440,PA-BNK-000439,PA-00000439,CUST-0019,GLOBALPAY_US,PARTNER_A,LOCAL_BANK_TRANSFER,1,1,2025-03-25T18:08:00Z,2025-03-25,2025-03-26,2025-03-25T19:55:00Z,2025-03-25,2025-03-26,USD,2914.52,CNY,7.23706,7.241166,17.49,17.49,2897.03,2897.04,2895.39,20965.98,20965.98,0.0,-1.65,0.0,0,MATCHED,,,BOOKED,SETTLED,2025-03-31
PA-INS-000441,PAY-000441,PA-BNK-000443,PA-00000443,CUST-0007,GLOBALPAY_US,PARTNER_A,LOCAL_BANK_TRANSFER,1,1,2025-03-25T20:56:00Z,2025-03-25,2025-03-27,2025-03-26T14:23:00Z,2025-03-26,2025-03-27,USD,2372.28,CNY,7.236234,7.217094,14.23,14.23,2358.05,2358.05,2364.31,17063.4,17063.4,0.0,6.26,0.0,0,MATCHED,,,BOOKED,SETTLED,2025-03-31
PA-INS-000442,PAY-000442,PA-BNK-000442,PA-00000442,CUST-0007,GLOBALPAY_US,PARTNER_A,LOCAL_BANK_TRANSFER,1,1,2025-03-25T22:00:00Z,2025-03-25,2025-03-27,2025-03-26T14:09:00Z,2025-03-26,2025-03-27,USD,8567.7,CNY,7.230248,7.217094,51.41,51.41,8516.29,8516.3,8531.82,61574.89,61574.89,0.0,15.52,0.0,0,MATCHED,,,BOOKED,SETTLED,2025-03-31
PA-INS-000444,PAY-000444,PA-BNK-000441,PA-00000441,CUST-0006,GLOBALPAY_US,PARTNER_A,LOCAL_BANK_TRANSFER,1,1,2025-03-25T23:24:00Z,2025-03-25,2025-03-27,2025-03-26T13:36:00Z,2025-03-26,2025-03-27,USD,3073.74,CNY,7.234595,7.217828,18.44,18.44,3055.3,3055.31,3062.4,22103.86,22103.86,0.0,7.09,0.0,0,MATCHED,,,BOOKED,SETTLED,2025-03-31
PA-INS-000445,PAY-000445,PA-BNK-000444,PA-00000444,CUST-0021,GLOBALPAY_US,PARTNER_A,LOCAL_BANK_TRANSFER,1,1,2025-03-26T12:35:00Z,2025-03-26,2025-03-27,2025-03-26T14:29:00Z,2025-03-26,2025-03-27,USD,8510.7,CNY,7.214209,7.217094,51.06,51.06,8459.64,8459.64,8456.26,61029.61,61029.61,0.0,-3.38,0.0,0,MATCHED,,,BOOKED,SETTLED,2025-03-31
PA-INS-000446,PAY-000446,PA-BNK-000445,PA-00000445,CUST-0005,GLOBALPAY_US,PARTNER_A,LOCAL_BANK_TRANSFER,1,1,2025-03-26T14:13:00Z,2025-03-26,2025-03-27,2025-03-26T15:27:00Z,2025-03-26,2025-03-27,USD,2780.87,CNY,7.211318,7.21539,16.69,16.69,2764.18,2764.18,2762.62,19933.38,19933.38,0.0,-1.56,0.0,0,MATCHED,,,BOOKED,SETTLED,2025-03-31
PA-INS-000447,PAY-000447,PA-BNK-000446,PA-00000446,CUST-0014,GLOBALPAY_US,PARTNER_A,LOCAL_BANK_TRANSFER,1,1,2025-03-26T18:54:00Z,2025-03-26,2025-03-27,2025-03-26T19:24:00Z,2025-03-26,2025-03-27,USD,15941.33,CNY,7.21054,7.219684,95.65,95.65,15845.68,15845.69,15825.62,114255.91,114255.91,0.0,-20.07,0.0,0,MATCHED,,,BOOKED,SETTLED,2025-03-31
PA-INS-000448,PAY-000448,PA-BNK-000449,PA-00000449,CUST-0009,GLOBALPAY_US,PARTNER_A,LOCAL_BANK_TRANSFER,1,1,2025-03-26T19:07:00Z,2025-03-26,2025-03-27,2025-03-27T13:48:00Z,2025-03-27,2025-03-28,USD,4489.82,CNY,7.213906,7.214717,26.94,26.94,4462.88,4462.89,4462.38,32194.8,32194.8,0.0,-0.51,0.0,1,MATCHED,,,BOOKED,SETTLED,2025-03-31
PA-INS-000449,PAY-000449,PA-BNK-000448,PA-00000448,CUST-0022,GLOBALPAY_US,PARTNER_A,SWIFT,1,1,2025-03-26T19:20:00Z,2025-03-26,2025-03-27,2025-03-27T13:34:00Z,2025-03-27,2025-03-28,USD,3387.02,CNY,7.213906,7.214717,20.32,20.32,3366.7,3366.71,3366.33,24287.06,24287.06,0.0,-0.38,0.0,1,MATCHED,,,BOOKED,SETTLED,2025-03-31
PA-INS-000453,PAY-000453,PA-BNK-000450,PA-00000450,CUST-0002,GLOBALPAY_US,PARTNER_A,LOCAL_BANK_TRANSFER,1,1,2025-03-27T12:59:00Z,2025-03-27,2025-03-28,2025-03-27T14:37:00Z,2025-03-27,2025-03-28,USD,3237.78,CNY,7.208377,7.206505,19.43,19.43,3218.35,3218.35,3219.19,23199.08,23199.08,0.0,0.84,0.0,0,MATCHED,,,BOOKED,SETTLED,2025-03-31
PA-INS-000454,PAY-000454,PA-BNK-000451,PA-00000451,CUST-0024,GLOBALPAY_US,PARTNER_A,LOCAL_BANK_TRANSFER,1,1,2025-03-27T17:20:00Z,2025-03-27,2025-03-28,2025-03-27T19:09:00Z,2025-03-27,2025-03-28,USD,2089,CNY,7.196881,7.198083,12.53,12.53,2076.47,2076.48,2076.13,14944.11,14944.11,0.0,-0.35,0.0,0,MATCHED,,,BOOKED,SETTLED,2025-03-31
PA-INS-000455,PAY-000455,PA-BNK-000457,PA-00000457,CUST-0005,GLOBALPAY_US,PARTNER_A,LOCAL_BANK_TRANSFER,1,1,2025-03-27T18:52:00Z,2025-03-27,2025-03-28,2025-03-28T14:16:00Z,2025-03-28,2025-03-31,USD,2545.29,CNY,7.19249,7.184951,15.27,15.27,2530.02,2530.02,2532.68,18197.14,18197.14,0.0,2.66,0.0,3,MATCHED,,,BOOKED,SETTLED,2025-03-31
PA-INS-000456,PAY-000456,PA-BNK-000452,PA-00000452,CUST-0021,GLOBALPAY_US,PARTNER_A,LOCAL_BANK_TRANSFER,1,1,2025-03-27T19:18:00Z,2025-03-27,2025-03-28,2025-03-27T20:27:00Z,2025-03-27,2025-03-28,USD,3776.09,CNY,7.192322,7.192913,22.66,22.66,3753.43,3753.44,3753.13,26995.88,26995.88,0.0,-0.31,0.0,0,MATCHED,,,BOOKED,SETTLED,2025-03-31
PA-INS-000457,PAY-000457,PA-BNK-000456,PA-00000456,CUST-0023,GLOBALPAY_US,PARTNER_A,LOCAL_BANK_TRANSFER,1,1,2025-03-27T19:30:00Z,2025-03-27,2025-03-28,2025-03-28T13:05:00Z,2025-03-28,2025-03-31,USD,11782.11,CNY,7.192322,7.186251,70.69,70.69,11711.42,11711.42,11721.32,84232.3,84232.3,0.0,9.9,0.0,3,MATCHED,,,BOOKED,SETTLED,2025-03-31
PA-INS-000458,PAY-000458,PA-BNK-000458,PA-00000458,CUST-0008,GLOBALPAY_US,PARTNER_A,LOCAL_BANK_TRANSFER,1,1,2025-03-27T21:38:00Z,2025-03-27,2025-03-31,2025-03-28T14:18:00Z,2025-03-28,2025-03-31,USD,18876.95,CNY,7.187317,7.184951,113.26,113.26,18763.69,18763.7,18769.87,134860.59,134860.59,0.0,6.17,0.0,0,MATCHED,,,BOOKED,SETTLED,2025-03-31
PA-INS-000461,PAY-000461,PA-BNK-000459,PA-00000459,CUST-0022,GLOBALPAY_US,PARTNER_A,LOCAL_BANK_TRANSFER,1,1,2025-03-28T12:18:00Z,2025-03-28,2025-03-31,2025-03-28T14:34:00Z,2025-03-28,2025-03-31,USD,2864.06,CNY,7.18299,7.184951,17.18,17.18,2846.88,2846.88,2846.11,20449.11,20449.11,0.0,-0.77,0.0,0,MATCHED,,,BOOKED,SETTLED,2025-03-31
PA-INS-000462,PAY-000462,PA-BNK-000460,PA-00000460,CUST-0015,GLOBALPAY_US,PARTNER_A,LOCAL_BANK_TRANSFER,1,1,2025-03-28T12:59:00Z,2025-03-28,2025-03-31,2025-03-28T16:11:00Z,2025-03-28,2025-03-31,USD,5172.87,CNY,7.18299,7.184205,31.04,31.04,5141.83,5141.83,5140.96,36933.71,36933.71,0.0,-0.87,0.0,0,MATCHED,,,BOOKED,SETTLED,2025-03-31
PA-INS-000463,PAY-000463,PA-BNK-000461,PA-00000461,CUST-0019,GLOBALPAY_US,PARTNER_A,LOCAL_BANK_TRANSFER,1,1,2025-03-28T15:26:00Z,2025-03-28,2025-03-31,2025-03-28T17:47:00Z,2025-03-28,2025-03-31,USD,1387.78,CNY,7.178067,7.188,8.33,8.33,1379.45,1379.45,1377.55,9901.78,9901.78,0.0,-1.9,0.0,0,MATCHED,,,BOOKED,SETTLED,2025-03-31
PA-INS-000465,PAY-000465,,,CUST-0014,GLOBALPAY_US,PARTNER_A,LOCAL_BANK_TRANSFER,1,0,2025-03-31T12:31:00Z,2025-03-31,2025-04-01,,,,USD,976.42,CNY,7.182804,,5.86,,970.56,970.56,,6971.34,,,,,,TIMING_PENDING,,,BOOKED,,2025-03-31
PA-INS-000466,PAY-000466,,,CUST-0013,GLOBALPAY_US,PARTNER_A,LOCAL_BANK_TRANSFER,1,0,2025-03-31T13:38:00Z,2025-03-31,2025-04-01,,,,USD,2862.43,CNY,7.178748,,17.17,,2845.26,2845.26,,20425.4,,,,,,TIMING_PENDING,,,BOOKED,,2025-03-31
PA-INS-000467,PAY-000467,,,CUST-0021,GLOBALPAY_US,PARTNER_A,LOCAL_BANK_TRANSFER,1,0,2025-03-31T15:24:00Z,2025-03-31,2025-04-01,,,,USD,1043.04,CNY,7.178906,,6.26,,1036.78,1036.79,,7442.95,,,,,,TIMING_PENDING,,,BOOKED,,2025-03-31
PA-INS-000473,PAY-000473,,,CUST-0001,GLOBALPAY_US,PARTNER_A,SWIFT,1,0,2025-03-31T23:49:00Z,2025-03-31,2025-04-02,,,,USD,11336.94,CNY,7.17358,,68.02,,11268.92,11268.93,,80838.5,,,,,,TIMING_PENDING,,,BOOKED,,2025-03-31
PA-INS-000474,PAY-000474,,,CUST-0015,GLOBALPAY_US,PARTNER_A,LOCAL_BANK_TRANSFER,1,0,2025-03-31T23:55:00Z,2025-03-31,2025-04-02,,,,USD,5525.28,CNY,7.17358,,33.15,,5492.13,5492.13,,39398.23,,,,,,TIMING_PENDING,,,BOOKED,,2025-03-31
PB-INS-000003,PAY-000003,PB-BNK-000006,PB-00000006,CUST-0012,GLOBALPAY_US,PARTNER_B,SWIFT,1,1,2025-01-02T14:39:00Z,2025-01-02,2025-01-06,2025-01-02T20:13:00Z,2025-01-02,2025-01-06,USD,19218.19,CNY,7.091159,7.101282,72.26,72.26,19145.93,19145.93,19118.64,135766.83,135766.83,0.0,-27.29,0.0,0,MATCHED,,,BOOKED,SETTLED,2025-03-31
PB-INS-000005,PAY-000005,PB-BNK-000005,PB-00000005,CUST-0023,GLOBALPAY_US,PARTNER_B,LOCAL_BANK_TRANSFER,1,1,2025-01-02T15:20:00Z,2025-01-02,2025-01-06,2025-01-02T17:51:00Z,2025-01-02,2025-01-06,USD,2793.47,CNY,7.095376,7.09831,14.78,14.78,2778.69,2778.69,2777.55,19715.85,19715.85,0.0,-1.14,0.0,0,MATCHED,,,BOOKED,SETTLED,2025-03-31
PB-INS-000007,PAY-000007,PB-BNK-000011,PB-00000011,CUST-0019,GLOBALPAY_US,PARTNER_B,LOCAL_BANK_TRANSFER,1,1,2025-01-03T00:06:00Z,2025-01-02,2025-01-07,2025-01-03T16:13:00Z,2025-01-03,2025-01-07,USD,2744.69,CNY,7.092562,7.083977,14.61,14.61,2730.08,2730.08,2733.39,19363.26,19363.26,0.0,3.31,0.0,0,MATCHED,,,BOOKED,SETTLED,2025-03-31
PB-INS-000008,PAY-000008,PB-BNK-000010,PB-00000010,CUST-0014,GLOBALPAY_US,PARTNER_B,LOCAL_BANK_TRANSFER,1,1,2025-01-03T00:15:00Z,2025-01-02,2025-01-07,2025-01-03T16:09:00Z,2025-01-03,2025-01-07,USD,5586.7,CNY,7.092562,7.083977,24.55,24.55,5562.15,5562.15,5568.9,39449.89,39449.89,0.0,6.75,0.0,0,MATCHED,,,BOOKED,SETTLED,2025-03-31
PB-INS-000009,PAY-000009,PB-BNK-000012,PB-00000012,CUST-0016,GLOBALPAY_US,PARTNER_B,LOCAL_BANK_TRANSFER,1,1,2025-01-03T13:04:00Z,2025-01-03,2025-01-07,2025-01-03T18:27:00Z,2025-01-03,2025-01-07,USD,2653.51,CNY,7.081166,7.085716,14.29,14.29,2639.22,2639.22,2637.53,18688.75,18688.75,0.0,-1.69,0.0,0,MATCHED,,,BOOKED,SETTLED,2025-03-31
PB-INS-000014,PAY-000014,PB-BNK-000019,PB-00000019,CUST-0015,GLOBALPAY_US,PARTNER_B,LOCAL_BANK_TRANSFER,1,1,2025-01-03T23:55:00Z,2025-01-03,2025-01-08,2025-01-06T15:15:00Z,2025-01-06,2025-01-08,USD,3935.08,CNY,7.068948,7.08244,18.77,18.77,3916.31,3916.31,3908.85,27684.19,27684.19,0.0,-7.46,0.0,0,MATCHED,,,BOOKED,SETTLED,2025-03-31
PB-INS-000015,PAY-000015,PB-BNK-000020,PB-00000020,CUST-0003,GLOBALPAY_US,PARTNER_B,SWIFT,1,1,2025-01-06T13:11:00Z,2025-01-06,2025-01-08,2025-01-06T17:33:00Z,2025-01-06,2025-01-08,USD,1455.95,CNY,7.071742,7.082025,10.1,10.1,1445.85,1445.86,1443.76,10224.68,10224.68,0.0,-2.1,0.0,0,MATCHED,,,BOOKED,SETTLED,2025-03-31
PB-INS-000020,PAY-000020,PB-BNK-000033,PB-00000033,CUST-0023,GLOBALPAY_US,PARTNER_B,LOCAL_BANK_TRANSFER,1,1,2025-01-06T19:55:00Z,2025-01-06,2025-01-09,2025-01-07T19:12:00Z,2025-01-07,2025-01-09,USD,4869.28,CNY,7.075964,7.061774,22.04,22.04,4847.24,4847.25,4856.99,34298.9,34298.9,0.0,9.74,0.0,0,MATCHED,,,BOOKED,SETTLED,2025-03-31
PB-INS-000022,PAY-000022,PB-BNK-000031,PB-00000031,CUST-0009,GLOBALPAY_US,PARTNER_B,LOCAL_BANK_TRANSFER,1,1,2025-01-06T20:20:00Z,2025-01-06,2025-01-09,2025-01-07T16:59:00Z,2025-01-07,2025-01-09,USD,5582.49,CNY,7.070707,7.051788,24.54,24.54,5557.95,5557.96,5572.87,39298.64,39298.64,0.0,14.91,0.0,0,MATCHED,,,BOOKED,SETTLED,2025-03-31
PB-INS-000028,PAY-000028,PB-BNK-000032,PB-00000032,CUST-0012,GLOBALPAY_US,PARTNER_B,LOCAL_BANK_TRANSFER,1,1,2025-01-07T16:22:00Z,2025-01-07,2025-01-09,2025-01-07T19:11:00Z,2025-01-07,2025-01-09,USD,26970.94,CNY,7.044735,7.061774,99.4,99.4,26871.54,26871.55,26806.71,189302.88,189302.88,0.0,-64.84,0.0,0,MATCHED,,,BOOKED,SETTLED,2025-03-31
PB-INS-000029,PAY-000029,PB-BNK-000034,PB-00000034,CUST-0009,GLOBALPAY_US,PARTNER_B,SWIFT,1,1,2025-01-07T16:35:00Z,2025-01-07,2025-01-09,2025-01-07T19:27:00Z,2025-01-07,2025-01-09,USD,1264.55,CNY,7.044735,7.061774,9.43,9.43,1255.12,1255.13,1252.1,8841.99,8841.99,0.0,-3.03,0.0,0,MATCHED,,,BOOKED,SETTLED,2025-03-31
PB-INS-000035,PAY-000035,PB-BNK-000041,PB-00000041,CUST-0006,GLOBALPAY_US,PARTNER_B,LOCAL_BANK_TRANSFER,1,1,2025-01-07T21:43:00Z,2025-01-07,2025-01-10,2025-01-08T15:59:00Z,2025-01-08,2025-01-10,USD,1640.93,CNY,7.061553,7.062531,10.74,10.74,1630.19,1630.19,1629.97,11511.67,11511.67,0.0,-0.22,0.0,0,MATCHED,,,BOOKED,SETTLED,2025-03-31
PB-INS-000037,PAY-000037,PB-BNK-000042,PB-00000042,CUST-0016,GLOBALPAY_US,PARTNER_B,LOCAL_BANK_TRANSFER,1,1,2025-01-07T23:11:00Z,2025-01-07,2025-01-10,2025-01-08T16:11:00Z,2025-01-08,2025-01-10,USD,3555.72,CNY,7.060036,7.064058,17.45,17.45,3538.27,3538.27,3536.26,24980.31,24980.31,0.0,-2.01,0.0,0,MATCHED,,,BOOKED,SETTLED,2025-03-31
PB-INS-000038,PAY-000038,PB-BNK-000043,PB-00000043,CUST-0014,GLOBALPAY_US,PARTNER_B,LOCAL_BANK_TRANSFER,1,1,2025-01-07T23:30:00Z,2025-01-07,2025-01-10,2025-01-08T18:27:00Z,2025-01-08,2025-01-10,USD,15951.26,CNY,7.060036,7.061507,60.83,60.83,15890.43,15890.44,15887.13,112187.01,112187.01,0.0,-3.31,0.0,0,MATCHED,,,BOOKED,SETTLED,2025-03-31
PB-INS-000044,PAY-000044,PB-BNK-000044,PB-00000044,CUST-0007,GLOBALPAY_US,PARTNER_B,LOCAL_BANK_TRANSFER,1,1,2025-01-08T18:00:00Z,2025-01-08,2025-01-10,2025-01-08T19:58:00Z,2025-01-08,2025-01-10,USD,11042.02,CNY,7.054444,7.056863,43.65,43.65,10998.37,10998.38,10994.61,77587.39,77587.39,0.0,-3.77,0.0,0,MATCHED,,,BOOKED,SETTLED,2025-03-31
PB-INS-000045,PAY-000045,PB-BNK-000053,PB-00000053,CUST-0011,GLOBALPAY_US,PARTNER_B,LOCAL_BANK_TRANSFER,1,1,2025-01-08T18:27:00Z,2025-01-08,2025-01-10,2025-01-09T14:58:00Z,2025-01-09,2025-01-13,USD,20142.43,CNY,7.054444,7.058447,75.5,75.5,20066.93,20066.93,20055.55,141561.03,141561.03,0.0,-11.38,0.0,3,MATCHED,,,BOOKED,SETTLED,2025-03-31
PB-INS-000051,PAY-000051,PB-BNK-000054,PB-00000054,CUST-0008,GLOBALPAY_US,PARTNER_B,SWIFT,1,1,2025-01-09T14:52:00Z,2025-01-09,2025-01-13,2025-01-09T17:02:00Z,2025-01-09,2025-01-13,USD,3971.21,CNY,7.051387,7.068349,18.9,18.9,3952.31,3952.32,3942.83,27869.27,27869.27,0.0,-9.49,0.0,0,MATCHED,,,BOOKED,SETTLED,2025-03-31
PB-INS-000053,PAY-000053,PB-BNK-000055,PB-00000055,CUST-0008,GLOBALPAY_US,PARTNER_B,LOCAL_BANK_TRANSFER,1,1,2025-01-09T16:09:00Z,2025-01-09,2025-01-13,2025-01-09T17:20:00Z,2025-01-09,2025-01-13,USD,8559.99,CNY,7.059428,7.068349,34.96,34.96,8525.03,8525.04,8514.28,60181.84,60181.84,0.0,-10.76,0.0,0,MATCHED,,,BOOKED,SETTLED,2025-03-31
PB-INS-000056,PAY-000056,PB-BNK-000056,PB-00000056,CUST-0015,GLOBALPAY_US,PARTNER_B,LOCAL_BANK_TRANSFER,1,1,2025-01-09T16:58:00Z,2025-01-09,2025-01-13,2025-01-09T20:38:00Z,2025-01-09,2025-01-13,USD,2481.74,CNY,7.059428,7.078192,13.69,13.69,2468.05,2468.05,2461.51,17423.02,17423.02,0.0,-6.54,0.0,0,MATCHED,,,BOOKED,SETTLED,2025-03-31
PB-INS-000060,PAY-000060,PB-BNK-000065,PB-00000065,CUST-0004,GLOBALPAY_US,PARTNER_B,LOCAL_BANK_TRANSFER,1,1,2025-01-09T22:04:00Z,2025-01-09,2025-01-14,2025-01-10T16:23:00Z,2025-01-10,2025-01-14,USD,1545.1,CNY,7.071345,7.069091,10.41,10.41,1534.69,1534.69,1535.18,10852.32,10852.32,0.0,0.49,0.0,0,MATCHED,,,BOOKED,SETTLED,2025-03-31
PB-INS-000061,PAY-000061,PB-BNK-000064,PB-00000064,CUST-0009,GLOBALPAY_US,PARTNER_B,LOCAL_BANK_TRANSFER,1,1,2025-01-10T00:19:00Z,2025-01-09,2025-01-14,2025-01-10T16:08:00Z,2025-01-10,2025-01-14,USD,19149.43,CNY,7.076903,7.069091,72.02,72.02,19077.41,19077.41,19098.5,135008.98,135008.98,0.0,21.09,0.0,0,MATCHED,,,BOOKED,SETTLED,2025-03-31
PB-INS-000065,PAY-000065,PB-BNK-000068,PB-00000068,CUST-0016,GLOBALPAY_US,PARTNER_B,LOCAL_BANK_TRANSFER,1,1,2025-01-10T19:05:00Z,2025-01-10,2025-01-15,2025-01-13T15:38:00Z,2025-01-13,2025-01-15,USD,2892.82,CNY,7.066288,7.064562,15.12,15.12,2877.7,2877.71,2878.41,20334.66,20334.66,0.0,0.7,0.0,0,MATCHED,,,BOOKED,SETTLED,2025-03-31
PB-INS-000067,PAY-000067,PB-BNK-000070,PB-00000070,CUST-0012,GLOBALPAY_US,PARTNER_B,SWIFT,1,1,2025-01-10T20:25:00Z,2025-01-10,2025-01-15,2025-01-13T18:37:00Z,2025-01-13,2025-01-15,USD,1610.04,CNY,7.070608,7.065716,10.64,10.64,1599.4,1599.4,1600.51,11308.73,11308.73,0.0,1.11,0.0,0,MATCHED,,,BOOKED,SETTLED,2025-03-31
PB-INS-000069,PAY-000069,PB-BNK-000069,PB-00000069,CUST-0021,GLOBALPAY_US,PARTNER_B,LOCAL_BANK_TRANSFER,1,1,2025-01-13T13:21:00Z,2025-01-13,2025-01-15,2025-01-13T15:43:00Z,2025-01-13,2025-01-15,USD,4283.7,CNY,7.066333,7.064562,19.99,19.99,4263.71,4263.71,4264.78,30128.79,30128.79,0.0,1.07,0.0,0,MATCHED,,,BOOKED,SETTLED,2025-03-31
PB-INS-000071,PAY-000071,PB-BNK-000071,PB-00000071,CUST-0017,GLOBALPAY_US,PARTNER_B,LOCAL_BANK_TRANSFER,1,1,2025-01-13T18:30:00Z,2025-01-13,2025-01-15,2025-01-13T20:54:00Z,2025-01-13,2025-01-15,USD,2543.36,CNY,7.058648,7.068541,13.9,13.9,2529.46,2529.47,2525.93,17854.57,17854.57,0.0,-3.54,0.0,0,MATCHED,,,BOOKED,SETTLED,2025-03-31
PB-INS-000072,PAY-000072,PB-BNK-000076,PB-00000076,CUST-0001,GLOBALPAY_US,PARTNER_B,LOCAL_BANK_TRANSFER,1,1,2025-01-13T19:25:00Z,2025-01-13,2025-01-16,2025-01-14T15:43:00Z,2025-01-14,2025-01-16,USD,6936.11,CNY,7.065427,7.086232,29.28,29.28,6906.83,6906.83,6886.56,48799.7,48799.7,0.0,-20.27,0.0,0,MATCHED,,,BOOKED,SETTLED,2025-03-31
PB-INS-000073,PAY-000073,PB-BNK-000074,PB-00000074,CUST-0011,GLOBALPAY_US,PARTNER_B,LOCAL_BANK_TRANSFER,1,1,2025-01-13T20:36:00Z,2025-01-13,2025-01-16,2025-01-14T15:35:00Z,2025-01-14,2025-01-16,USD,2092.89,CNY,7.061471,7.086232,12.33,12.33,2080.56,2080.56,2073.29,14691.81,14691.81,0.0,-7.27,0.0,0,MATCHED,,,BOOKED,SETTLED,2025-03-31
PB-INS-000075,PAY-000075,PB-BNK-000075,PB-00000075,CUST-0002,GLOBALPAY_US,PARTNER_B,LOCAL_BANK_TRANSFER,1,1,2025-01-13T22:12:00Z,2025-01-13,2025-01-16,2025-01-14T15:40:00Z,2025-01-14,2025-01-16,USD,8677.44,CNY,7.06419,7.086232,35.37,35.37,8642.07,8642.07,8615.19,61049.22,61049.22,0.0,-26.88,0.0,0,MATCHED,,,BOOKED,SETTLED,2025-03-31
PB-INS-000076,PAY-000076,PB-BNK-000077,PB-00000077,CUST-0021,GLOBALPAY_US,PARTNER_B,SWIFT,1,1,2025-01-13T22:20:00Z,2025-01-13,2025-01-16,2025-01-14T15:49:00Z,2025-01-14,2025-01-16,USD,3355.71,CNY,7.06419,7.086232,16.74,16.74,3338.97,3338.98,3328.59,23587.12,23587.12,0.0,-10.39,0.0,0,MATCHED,,,BOOKED,SETTLED,2025-03-31
PB-INS-000078,PAY-000078,PB-BNK-000083,PB-00000083,CUST-0007,GLOBALPAY_US,PARTNER_B,SWIFT,1,1,2025-01-14T18:01:00Z,2025-01-14,2025-01-16,2025-01-15T15:11:00Z,2025-01-15,2025-01-17,USD,18969.77,CNY,7.076735,7.067265,71.39,71.39,18898.38,18898.39,18923.71,133738.83,133738.83,0.0,25.32,0.0,1,MATCHED,,,BOOKED,SETTLED,2025-03-31
PB-INS-000079,PAY-000079,PB-BNK-000086,PB-00000086,CUST-0005,GLOBALPAY_US,PARTNER_B,LOCAL_BANK_TRANSFER,1,1,2025-01-14T20:38:00Z,2025-01-14,2025-01-17,2025-01-15T18:00:00Z,2025-01-15,2025-01-17,USD,10234.7,CNY,7.071433,7.075366,40.82,40.82,10193.88,10193.89,10188.22,72085.34,72085.34,0.0,-5.67,0.0,0,MATCHED,,,BOOKED,SETTLED,2025-03-31
PB-INS-000080,PAY-000080,PB-BNK-000085,PB-00000085,CUST-0005,GLOBALPAY_US,PARTNER_B,SWIFT,1,1,2025-01-14T21:08:00Z,2025-01-14,2025-01-17,2025-01-15T16:36:00Z,2025-01-15,2025-01-17,USD,4837.54,CNY,7.065641,7.074092,21.93,21.93,4815.61,4815.61,4809.86,34025.37,34025.37,0.0,-5.75,0.0,0,MATCHED,,,BOOKED,SETTLED,2025-03-31
PB-INS-000081,PAY-000081,PB-BNK-000084,PB-00000084,CUST-0011,GLOBALPAY_US,PARTNER_B,SWIFT,1,1,2025-01-14T22:51:00Z,2025-01-14,2025-01-17,2025-01-15T16:18:00Z,2025-01-15,2025-01-17,USD,3103.22,CNY,7.070804,7.074092,15.86,15.86,3087.36,3087.37,3085.93,21830.12,21830.12,0.0,-1.44,0.0,0,MATCHED,,,BOOKED,SETTLED,2025-03-31
PB-INS-000087,PAY-000087,PB-BNK-000092,PB-00000092,CUST-0008,GLOBALPAY_US,PARTNER_B,LOCAL_BANK_TRANSFER,1,1,2025-01-15T18:55:00Z,2025-01-15,2025-01-17,2025-01-16T16:20:00Z,2025-01-16,2025-01-21,USD,15545.71,CNY,7.068289,7.040922,59.41,59.41,15486.3,15486.3,15546.5,109461.64,109461.64,0.0,60.2,0.0,4,MATCHED,,,BOOKED,SETTLED,2025-03-31
PB-INS-000088,PAY-000088,PB-BNK-000093,PB-00000093,CUST-0019,GLOBALPAY_US,PARTNER_B,LOCAL_BANK_TRANSFER,1,1,2025-01-15T22:11:00Z,2025-01-15,2025-01-21,2025-01-16T16:40:00Z,2025-01-16,2025-01-21,USD,923.56,CNY,7.055715,7.040922,8.23,8.23,915.33,915.34,917.26,6458.31,6458.31,0.0,1.92,0.0,0,MATCHED,,,BOOKED,SETTLED,2025-03-31
PB-INS-000091,PAY-000091,PB-BNK-000090,PB-00000090,CUST-0023,GLOBALPAY_US,PARTNER_B,SWIFT,1,1,2025-01-16T00:44:00Z,2025-01-15,2025-01-21,2025-01-16T14:50:00Z,2025-01-16,2025-01-21,USD,3239.97,CNY,7.056389,7.047457,16.34,16.34,3223.63,3223.64,3227.72,22747.19,22747.19,0.0,4.08,0.0,0,MATCHED,,,BOOKED,SETTLED,2025-03-31
PB-INS-000092,PAY-000092,PB-BNK-000091,PB-00000091,CUST-0021,GLOBALPAY_US,PARTNER_B,LOCAL_BANK_TRANSFER,1,1,2025-01-16T13:45:00Z,2025-01-16,2025-01-21,2025-01-16T16:17:00Z,2025-01-16,2025-01-21,USD,15841.91,CNY,7.033171,7.040922,60.45,60.45,15781.46,15781.47,15764.09,110993.71,110993.71,0.0,-17.38,0.0,0,MATCHED,,,BOOKED,SETTLED,2025-03-31
PB-INS-000094,PAY-000094,PB-BNK-000099,PB-00000099,CUST-0022,GLOBALPAY_US,PARTNER_B,LOCAL_BANK_TRANSFER,1,1,2025-01-16T19:42:00Z,2025-01-16,2025-01-22,2025-01-17T15:04:00Z,2025-01-17,2025-01-22,USD,5820.96,CNY,7.045723,7.041309,25.37,25.37,5795.59,5795.59,5799.23,40834.12,40834.12,0.0,3.64,0.0,0,MATCHED,,,BOOKED,SETTLED,2025-03-31
PB-INS-000097,PAY-000097,PB-BNK-000100,PB-00000100,CUST-0010,GLOBALPAY_US,PARTNER_B,SWIFT,1,1,2025-01-17T00:06:00Z,2025-01-16,2025-01-22,2025-01-17T17:13:00Z,2025-01-17,2025-01-22,USD,12948.51,CNY,7.035356,7.039468,50.32,50.32,12898.19,12898.2,12890.66,90743.36,90743.36,0.0,-7.54,0.0,0,MATCHED,,,BOOKED,SETTLED,2025-03-31
PB-INS-000102,PAY-000102,PB-BNK-000105,PB-00000105,CUST-0006,GLOBALPAY_US,PARTNER_B,SWIFT,1,1,2025-01-17T20:55:00Z,2025-01-17,2025-01-23,2025-01-21T16:03:00Z,2025-01-21,2025-01-23,USD,3014.95,CNY,7.035023,7.054916,15.55,15.55,2999.4,2999.41,2990.95,21100.85,21100.85,0.0,-8.46,0.0,0,MATCHED,,,BOOKED,SETTLED,2025-03-31
PB-INS-000103,PAY-000103,PB-BNK-000108,PB-00000108,CUST-0022,GLOBALPAY_US,PARTNER_B,LOCAL_BANK_TRANSFER,1,1,2025-01-17T22:27:00Z,2025-01-17,2025-01-23,2025-01-21T19:37:00Z,2025-01-21,2025-01-23,USD,4671.76,CNY,7.038641,7.058383,21.35,21.35,4650.41,4650.42,4637.41,32732.57,32732.57,0.0,-13.01,0.0,0,MATCHED,,,BOOKED,SETTLED,2025-03-31
PB-INS-000104,PAY-000104,PB-BNK-000106,PB-00000106,CUST-0025,GLOBALPAY_US,PARTNER_B,LOCAL_BANK_TRANSFER,1,1,2025-01-21T13:30:00Z,2025-01-21,2025-01-23,2025-01-21T19:31:00Z,2025-01-21,2025-01-23,USD,4324.47,CNY,7.051499,7.058383,20.14,20.14,4304.33,4304.34,4300.14,30351.98,30351.98,0.0,-4.2,0.0,0,MATCHED,,,BOOKED,SETTLED,2025-03-31
PB-INS-000105,PAY-000105,PB-BNK-000103,PB-00000103,CUST-0020,GLOBALPAY_US,PARTNER_B,LOCAL_BANK_TRANSFER,1,1,2025-01-21T13:35:00Z,2025-01-21,2025-01-23,2025-01-21T14:55:00Z,2025-01-21,2025-01-23,USD,2749.82,CNY,7.051499,7.057387,14.62,14.62,2735.2,2735.2,2732.92,19287.26,19287.26,0.0,-2.28,0.0,0,MATCHED,,,BOOKED,SETTLED,2025-03-31
PB-INS-000106,PAY-000106,PB-BNK-000104,PB-00000104,CUST-0024,GLOBALPAY_US,PARTNER_B,SWIFT,1,1,2025-01-21T14:03:00Z,2025-01-21,2025-01-23,2025-01-21T15:47:00Z,2025-01-21,2025-01-23,USD,1222.29,CNY,7.050328,7.05864,9.28,9.28,1213.01,1213.02,1211.59,8552.12,8552.12,0.0,-1.43,0.0,0,MATCHED,,,BOOKED,SETTLED,2025-03-31
PB-INS-000108,PAY-000108,PB-BNK-000107,PB-00000107,CUST-0004,GLOBALPAY_US,PARTNER_B,LOCAL_BANK_TRANSFER,1,1,2025-01-21T16:03:00Z,2025-01-21,2025-01-23,2025-01-21T19:31:00Z,2025-01-21,2025-01-23,USD,35735.9,CNY,7.047859,7.058383,130.08,130.08,35605.82,35605.83,35552.74,250944.8,250944.8,0.0,-53.09,0.0,0,MATCHED,,,BOOKED,SETTLED,2025-03-31
PB-INS-000109,PAY-000109,PB-BNK-000109,PB-00000109,CUST-0010,GLOBALPAY_US,PARTNER_B,LOCAL_BANK_TRANSFER,1,1,2025-01-21T18:43:00Z,2025-01-21,2025-01-23,2025-01-21T20:00:00Z,2025-01-21,2025-01-23,USD,5817.47,CNY,7.043419,7.058204,25.36,25.36,5792.11,5792.12,5779.98,40796.26,40796.26,0.0,-12.14,0.0,0,MATCHED,,,BOOKED,SETTLED,2025-03-31
PB-INS-000110,PAY-000110,PB-BNK-000116,PB-00000116,CUST-0019,GLOBALPAY_US,PARTNER_B,SWIFT,1,1,2025-01-21T18:53:00Z,2025-01-21,2025-01-23,2025-01-22T15:08:00Z,2025-01-22,2025-01-24,USD,2296.35,CNY,7.043419,7.059455,13.04,13.04,2283.31,2283.32,2278.13,16082.31,16082.31,0.0,-5.19,0.0,1,MATCHED,,,BOOKED,SETTLED,2025-03-31
PB-INS-000111,PAY-000111,PB-BNK-000120,PB-00000120,CUST-0024,GLOBALPAY_US,PARTNER_B,LOCAL_BANK_TRANSFER,1,1,2025-01-21T19:17:00Z,2025-01-21,2025-01-24,2025-01-22T19:41:00Z,2025-01-22,2025-01-24,USD,1054.19,CNY,7.051323,7.059199,8.69,8.69,1045.5,1045.51,1044.34,7372.16,7372.16,0.0,-1.17,0.0,0,MATCHED,,,BOOKED,SETTLED,2025-03-31
PB-INS-000113,PAY-000113,PB-BNK-000117,PB-00000117,CUST-0018,GLOBALPAY_US,PARTNER_B,SWIFT,1,1,2025-01-21T20:24:00Z,2025-01-21,2025-01-24,2025-01-22T15:15:00Z,2025-01-22,2025-01-24,USD,5685.67,CNY,7.051144,7.059455,24.9,24.9,5660.77,5660.77,5654.11,39914.9,39914.9,0.0,-6.66,0.0,0,MATCHED,,,BOOKED,SETTLED,2025-03-31
PB-INS-000116,PAY-000116,PB-BNK-000119,PB-00000119,CUST-0007,GLOBALPAY_US,PARTNER_B,SWIFT,1,1,2025-01-21T22:03:00Z,2025-01-21,2025-01-24,2025-01-22T18:54:00Z,2025-01-22,2025-01-24,USD,1758.18,CNY,7.056021,7.061153,11.15,11.15,1747.03,1747.03,1745.77,12327.08,12327.08,0.0,-1.26,0.0,0,MATCHED,,,BOOKED,SETTLED,2025-03-31
PB-INS-000118,PAY-000118,PB-BNK-000118,PB-00000118,CUST-0012,GLOBALPAY_US,PARTNER_B,LOCAL_BANK_TRANSFER,1,1,2025-01-22T16:34:00Z,2025-01-22,2025-01-24,2025-01-22T18:39:00Z,2025-01-22,2025-01-24,USD,1660.67,CNY,7.062032,7.061153,10.81,10.81,1649.86,1649.86,1650.07,11651.36,11651.36,0.0,0.21,0.0,0,MATCHED,,,BOOKED,SETTLED,2025-03-31
PB-INS-000120,PAY-000120,PB-BNK-000126,PB-00000126,CUST-0016,GLOBALPAY_US,PARTNER_B,LOCAL_BANK_TRANSFER,1,1,2025-01-22T18:44:00Z,2025-01-22,2025-01-24,2025-01-23T14:28:00Z,2025-01-23,2025-01-27,USD,2079.21,CNY,7.054091,7.067236,12.28,12.28,2066.93,2066.93,2063.09,14580.31,14580.31,0.0,-3.84,0.0,3,MATCHED,,,BOOKED,SETTLED,2025-03-31
PB-INS-000122,PAY-000122,PB-BNK-000130,PB-00000130,CUST-0019,GLOBALPAY_US,PARTNER_B,SWIFT,1,1,2025-01-22T20:16:00Z,2025-01-22,2025-01-27,2025-01-23T19:09:00Z,2025-01-23,2025-01-27,USD,3483.16,CNY,7.046564,7.061537,17.19,17.19,3465.97,3465.98,3458.63,24423.18,24423.18,0.0,-7.35,0.0,0,MATCHED,,,BOOKED,SETTLED,2025-03-31
PB-INS-000123,PAY-000123,PB-BNK-000127,PB-00000127,CUST-0006,GLOBALPAY_US,PARTNER_B,LOCAL_BANK_TRANSFER,1,1,2025-01-22T21:34:00Z,2025-01-22,2025-01-27,2025-01-23T15:49:00Z,2025-01-23,2025-01-27,USD,21788.8,CNY,7.045465,7.063279,81.26,81.26,21707.54,21707.54,21652.8,152939.71,152939.71,0.0,-54.74,0.0,0,MATCHED,,,BOOKED,SETTLED,2025-03-31
PB-INS-000128,PAY-000128,PB-BNK-000128,PB-00000128,CUST-0019,GLOBALPAY_US,PARTNER_B,SWIFT,1,1,2025-01-23T14:31:00Z,2025-01-23,2025-01-27,2025-01-23T17:11:00Z,2025-01-23,2025-01-27,USD,4368.95,CNY,7.060168,7.066678,20.29,20.29,4348.66,4348.66,4344.66,30702.27,30702.27,0.0,-4.0,0.0,0,MATCHED,,,BOOKED,SETTLED,2025-03-31
PB-INS-000129,PAY-000129,PB-BNK-000129,PB-00000129,CUST-0013,GLOBALPAY_US,PARTNER_B,LOCAL_BANK_TRANSFER,1,1,2025-01-23T16:22:00Z,2025-01-23,2025-01-27,2025-01-23T17:39:00Z,2025-01-23,2025-01-27,USD,2223.38,CNY,7.05516,7.066678,12.78,12.78,2210.6,2210.61,2207,15596.14,15596.14,0.0,-3.61,0.0,0,MATCHED,,,BOOKED,SETTLED,2025-03-31
PB-INS-000131,PAY-000131,PB-BNK-000138,PB-00000138,CUST-0016,GLOBALPAY_US,PARTNER_B,LOCAL_BANK_TRANSFER,1,1,2025-01-23T21:52:00Z,2025-01-23,2025-02-05,2025-01-24T18:41:00Z,2025-01-24,2025-02-05,USD,8323.18,CNY,7.057042,7.085684,34.13,34.13,8289.05,8289.05,8255.55,58496.17,58496.17,0.0,-33.5,0.0,0,MATCHED,,,BOOKED,SETTLED,2025-03-31
PB-INS-000134,PAY-000134,PB-BNK-000137,PB-00000137,CUST-0004,GLOBALPAY_US,PARTNER_B,LOCAL_BANK_TRANSFER,1,1,2025-01-24T00:27:00Z,2025-01-23,2025-02-05,2025-01-24T18:27:00Z,2025-01-24,2025-02-05,USD,8932.07,CNY,7.059755,7.085684,36.26,36.26,8895.81,8895.82,8863.26,62802.24,62802.24,0.0,-32.56,0.0,0,MATCHED,,,BOOKED,SETTLED,2025-03-31
PB-INS-000135,PAY-000135,PB-BNK-000135,PB-00000135,CUST-0016,GLOBALPAY_US,PARTNER_B,LOCAL_BANK_TRANSFER,1,1,2025-01-24T00:34:00Z,2025-01-23,2025-02-05,2025-01-24T16:02:00Z,2025-01-24,2025-02-05,USD,9941.12,CNY,7.059755,7.087325,39.79,39.79,9901.33,9901.33,9862.82,69900.96,69900.96,0.0,-38.51,0.0,0,MATCHED,,,BOOKED,SETTLED,2025-03-31
PB-INS-000137,PAY-000137,PB-BNK-000140,PB-00000140,CUST-0007,GLOBALPAY_US,PARTNER_B,LOCAL_BANK_TRANSFER,1,1,2025-01-24T13:44:00Z,2025-01-24,2025-02-05,2025-01-24T18:58:00Z,2025-01-24,2025-02-05,USD,3844.79,CNY,7.080834,7.085684,18.46,18.46,3826.33,3826.34,3823.72,27093.61,27093.61,0.0,-2.62,0.0,0,MATCHED,,,BOOKED,SETTLED,2025-03-31
PB-INS-000138,PAY-000138,PB-BNK-000136,PB-00000136,CUST-0010,GLOBALPAY_US,PARTNER_B,LOCAL_BANK_TRANSFER,1,1,2025-01-24T14:21:00Z,2025-01-24,2025-02-05,2025-01-24T16:46:00Z,2025-01-24,2025-02-05,USD,3508.8,CNY,7.087994,7.087325,17.28,17.28,3491.52,3491.52,3491.85,24747.87,24747.87,0.0,0.33,0.0,0,MATCHED,,,BOOKED,SETTLED,2025-03-31
PB-INS-000139,PAY-000139,PB-BNK-000134,PB-00000134,CUST-0016,GLOBALPAY_US,PARTNER_B,SWIFT,1,1,2025-01-24T14:34:00Z,2025-01-24,2025-02-05,2025-01-24T15:54:00Z,2025-01-24,2025-02-05,USD,10557.15,CNY,7.087994,7.094743,41.95,41.95,10515.2,10515.2,10505.2,74531.67,74531.67,0.0,-10.0,0.0,0,MATCHED,,,BOOKED,SETTLED,2025-03-31
PB-INS-000140,PAY-000140,PB-BNK-000142,PB-00000142,CUST-0011,GLOBALPAY_US,PARTNER_B,LOCAL_BANK_TRANSFER,1,1,2025-01-24T15:12:00Z,2025-01-24,2025-02-05,2025-01-24T19:36:00Z,2025-01-24,2025-02-05,USD,9536.3,CNY,7.087647,7.081703,38.38,38.38,9497.92,9497.92,9505.9,67317.9,67317.9,0.0,7.98,0.0,0,MATCHED,,,BOOKED,SETTLED,2025-03-31
PB-INS-000141,PAY-000141,PB-BNK-000141,PB-00000141,CUST-0011,GLOBALPAY_US,PARTNER_B,LOCAL_BANK_TRANSFER,1,1,2025-01-24T16:18:00Z,2025-01-24,2025-02-05,2025-01-24T19:17:00Z,2025-01-24,2025-02-05,USD,2775.22,CNY,7.080237,7.081703,14.71,14.71,2760.51,2760.52,2759.94,19545.07,19545.07,0.0,-0.58,0.0,0,MATCHED,,,BOOKED,SETTLED,2025-03-31
PB-INS-000142,PAY-000142,PB-BNK-000139,PB-00000139,CUST-0024,GLOBALPAY_US,PARTNER_B,LOCAL_BANK_TRANSFER,1,1,2025-01-24T18:03:00Z,2025-01-24,2025-02-05,2025-01-24T18:53:00Z,2025-01-24,2025-02-05,USD,2679.59,CNY,7.078596,7.085684,14.38,14.38,2665.21,2665.21,2662.55,18865.94,18865.94,0.0,-2.66,0.0,0,MATCHED,,,BOOKED,SETTLED,2025-03-31
PB-INS-000143,PAY-000143,PB-BNK-000148,PB-00000148,CUST-0004,GLOBALPAY_US,PARTNER_B,LOCAL_BANK_TRANSFER,1,1,2025-01-24T20:44:00Z,2025-01-24,2025-02-06,2025-01-27T18:51:00Z,2025-01-27,2025-02-06,USD,2704.29,CNY,7.073826,7.063801,14.47,14.47,2689.82,2689.83,2693.64,19027.32,19027.32,0.0,3.81,0.0,0,MATCHED,,,BOOKED,SETTLED,2025-03-31
PB-INS-000144,PAY-000144,PB-BNK-000146,PB-00000146,CUST-0021,GLOBALPAY_US,PARTNER_B,LOCAL_BANK_TRANSFER,1,1,2025-01-24T21:08:00Z,2025-01-24,2025-02-06,2025-01-27T15:38:00Z,2025-01-27,2025-02-06,USD,9716.17,CNY,7.072909,7.073906,39.01,39.01,9677.16,9677.16,9675.8,68445.67,68445.67,0.0,-1.36,0.0,0,MATCHED,,,BOOKED,SETTLED,2025-03-31
PB-INS-000145,PAY-000145,PB-BNK-000145,PB-00000145,CUST-0009,GLOBALPAY_US,PARTNER_B,LOCAL_BANK_TRANSFER,1,1,2025-01-24T23:47:00Z,2025-01-24,2025-02-06,2025-01-27T15:33:00Z,2025-01-27,2025-02-06,USD,3176.12,CNY,7.067285,7.073906,16.12,16.12,3160,3160,3157.05,22332.62,22332.62,0.0,-2.95,0.0,0,MATCHED,,,BOOKED,SETTLED,2025-03-31
PB-INS-000146,PAY-000146,PB-BNK-000144,PB-00000144,CUST-0019,GLOBALPAY_US,PARTNER_B,LOCAL_BANK_TRANSFER,1,1,2025-01-27T13:46:00Z,2025-01-27,2025-02-06,2025-01-27T15:19:00Z,2025-01-27,2025-02-06,USD,3015.51,CNY,7.066541,7.073906,15.55,15.55,2999.96,2999.96,2996.84,21199.34,21199.34,0.0,-3.12,0.0,0,MATCHED,,,BOOKED,SETTLED,2025-03-31
PB-INS-000147,PAY-000147,PB-BNK-000147,PB-00000147,CUST-0011,GLOBALPAY_US,PARTNER_B,LOCAL_BANK_TRANSFER,1,1,2025-01-27T14:55:00Z,2025-01-27,2025-02-06,2025-01-27T16:21:00Z,2025-01-27,2025-02-06,USD,2124.99,CNY,7.068343,7.07569,12.44,12.44,2112.55,2112.56,2110.36,14932.23,14932.23,0.0,-2.2,0.0,0,MATCHED,,,BOOKED,SETTLED,2025-03-31
PB-INS-000149,PAY-000149,PB-BNK-000149,PB-00000149,CUST-0011,GLOBALPAY_US,PARTNER_B,LOCAL_BANK_TRANSFER,1,1,2025-01-27T18:38:00Z,2025-01-27,2025-02-06,2025-01-27T19:59:00Z,2025-01-27,2025-02-06,USD,9878.46,CNY,7.056736,7.063833,39.57,39.57,9838.89,9838.9,9829.01,69430.45,69430.45,0.0,-9.89,0.0,0,MATCHED,,,BOOKED,SETTLED,2025-03-31
PB-INS-000150,PAY-000150,PB-BNK-000154,PB-00000154,CUST-0023,GLOBALPAY_US,PARTNER_B,LOCAL_BANK_TRANSFER,1,1,2025-01-27T20:51:00Z,2025-01-27,2025-02-07,2025-02-05T16:16:00Z,2025-02-05,2025-02-07,USD,7299.79,CNY,7.060299,7.097307,30.55,30.55,7269.24,7269.25,7231.34,51323.01,51323.01,0.0,-37.91,0.0,0,MATCHED,,,BOOKED,SETTLED,2025-03-31
PB-INS-000152,PAY-000152,PB-BNK-000156,PB-00000156,CUST-0001,GLOBALPAY_US,PARTNER_B,LOCAL_BANK_TRANSFER,1,1,2025-01-27T23:13:00Z,2025-01-27,2025-02-07,2025-02-05T17:19:00Z,2025-02-05,2025-02-07,USD,1494.91,CNY,7.073783,7.102868,10.23,10.23,1484.68,1484.68,1478.6,10502.3,10502.3,0.0,-6.08,0.0,0,MATCHED,,,BOOKED,SETTLED,2025-03-31
PB-INS-000155,PAY-000155,PB-BNK-000155,PB-00000155,CUST-0003,GLOBALPAY_US,PARTNER_B,LOCAL_BANK_TRANSFER,1,1,2025-02-05T15:52:00Z,2025-02-05,2025-02-07,2025-02-05T17:14:00Z,2025-02-05,2025-02-07,USD,5280.08,CNY,7.085996,7.102868,23.48,23.48,5256.6,5256.61,5244.12,37248.25,37248.25,0.0,-12.49,0.0,0,MATCHED,,,BOOKED,SETTLED,2025-03-31
PB-INS-000157,PAY-000157,PB-BNK-000161,PB-00000161,CUST-0021,GLOBALPAY_US,PARTNER_B,LOCAL_BANK_TRANSFER,1,1,2025-02-05T21:08:00Z,2025-02-05,2025-02-10,2025-02-06T15:31:00Z,2025-02-06,2025-02-10,USD,5267.3,CNY,7.102827,7.117582,23.44,23.44,5243.86,5243.86,5232.99,37246.23,37246.23,0.0,-10.87,0.0,0,MATCHED,,,BOOKED,SETTLED,2025-03-31
PB-INS-000158,PAY-000158,PB-BNK-000162,PB-00000162,CUST-0005,GLOBALPAY_US,PARTNER_B,LOCAL_BANK_TRANSFER,1,1,2025-02-05T21:30:00Z,2025-02-05,2025-02-10,2025-02-06T16:43:00Z,2025-02-06,2025-02-10,USD,2661.52,CNY,7.102827,7.111864,14.32,14.32,2647.2,2647.2,2643.84,18802.6,18802.6,0.0,-3.36,0.0,0,MATCHED,,,BOOKED,SETTLED,2025-03-31
PB-INS-000161,PAY-000161,PB-BNK-000163,PB-00000163,CUST-0011,GLOBALPAY_US,PARTNER_B,LOCAL_BANK_TRANSFER,1,1,2025-02-06T15:19:00Z,2025-02-06,2025-02-10,2025-02-06T17:17:00Z,2025-02-06,2025-02-10,USD,3088.77,CNY,7.110463,7.120268,15.81,15.81,3072.96,3072.97,3068.73,21850.17,21850.17,0.0,-4.24,0.0,0,MATCHED,,,BOOKED,SETTLED,2025-03-31
PB-INS-000163,PAY-000163,PB-BNK-000164,PB-00000164,CUST-0011,GLOBALPAY_US,PARTNER_B,LOCAL_BANK_TRANSFER,1,1,2025-02-06T15:56:00Z,2025-02-06,2025-02-10,2025-02-06T19:28:00Z,2025-02-06,2025-02-10,USD,4362,CNY,7.110463,7.121052,20.27,20.27,4341.73,4341.73,4335.28,30871.71,30871.71,0.0,-6.45,0.0,0,MATCHED,,,BOOKED,SETTLED,2025-03-31
PB-INS-000165,PAY-000165,PB-BNK-000170,PB-00000170,CUST-0016,GLOBALPAY_US,PARTNER_B,LOCAL_BANK_TRANSFER,1,1,2025-02-06T21:48:00Z,2025-02-06,2025-02-11,2025-02-07T14:41:00Z,2025-02-07,2025-02-11,USD,17453.36,CNY,7.114023,7.13419,66.09,66.09,17387.27,17387.28,17338.12,123693.44,123693.44,0.0,-49.16,0.0,0,MATCHED,,,BOOKED,SETTLED,2025-03-31
PB-INS-000166,PAY-000166,PB-BNK-000172,PB-00000172,CUST-0003,GLOBALPAY_US,PARTNER_B,LOCAL_BANK_TRANSFER,1,1,2025-02-06T22:14:00Z,2025-02-06,2025-02-11,2025-02-07T17:59:00Z,2025-02-07,2025-02-11,USD,5373.59,CNY,7.11466,7.128743,23.81,23.81,5349.78,5349.79,5339.22,38061.87,38061.87,0.0,-10.57,0.0,0,MATCHED,,,BOOKED,SETTLED,2025-03-31
PB-INS-000169,PAY-000169,PB-BNK-000171,PB-00000171,CUST-0006,GLOBALPAY_US,PARTNER_B,SWIFT,1,1,2025-02-06T23:24:00Z,2025-02-06,2025-02-11,2025-02-07T16:27:00Z,2025-02-07,2025-02-11,USD,6876.28,CNY,7.12008,7.131702,29.07,29.07,6847.21,6847.21,6836.06,48752.68,48752.68,0.0,-11.15,0.0,0,MATCHED,,,BOOKED,SETTLED,2025-03-31
PB-INS-000173,PAY-000173,PB-BNK-000179,PB-00000179,CUST-0015,GLOBALPAY_US,PARTNER_B,LOCAL_BANK_TRANSFER,1,1,2025-02-07T19:06:00Z,2025-02-07,2025-02-12,2025-02-10T16:39:00Z,2025-02-10,2025-02-12,USD,3692.16,CNY,7.128765,7.144605,17.92,17.92,3674.24,3674.24,3666.1,26192.79,26192.79,0.0,-8.14,0.0,0,MATCHED,,,BOOKED,SETTLED,2025-03-31
PB-INS-000174,PAY-000174,PB-BNK-000178,PB-00000178,CUST-0011,GLOBALPAY_US,PARTNER_B,LOCAL_BANK_TRANSFER,1,1,2025-02-07T21:45:00Z,2025-02-07,2025-02-12,2025-02-10T15:45:00Z,2025-02-10,2025-02-12,USD,1789.13,CNY,7.131696,7.147652,11.26,11.26,1777.87,1777.88,1773.91,12679.23,12679.23,0.0,-3.97,0.0,0,MATCHED,,,BOOKED,SETTLED,2025-03-31
PB-INS-000178,PAY-000178,PB-BNK-000180,PB-00000180,CUST-0001,GLOBALPAY_US,PARTNER_B,LOCAL_BANK_TRANSFER,1,1,2025-02-10T13:48:00Z,2025-02-10,2025-02-12,2025-02-10T17:06:00Z,2025-02-10,2025-02-12,USD,3842.73,CNY,7.146992,7.143849,18.45,18.45,3824.28,3824.29,3825.97,27332.1,27332.1,0.0,1.68,0.0,0,MATCHED,,,BOOKED,SETTLED,2025-03-31
PB-INS-000180,PAY-000180,PB-BNK-000181,PB-00000181,CUST-0003,GLOBALPAY_US,PARTNER_B,LOCAL_BANK_TRANSFER,1,1,2025-02-10T15:46:00Z,2025-02-10,2025-02-12,2025-02-10T17:25:00Z,2025-02-10,2025-02-12,USD,4402.66,CNY,7.140503,7.143849,20.41,20.41,4382.25,4382.26,4380.2,31291.47,31291.47,0.0,-2.06,0.0,0,MATCHED,,,BOOKED,SETTLED,2025-03-31
PB-INS-000181,PAY-000181,PB-BNK-000182,PB-00000182,CUST-0011,GLOBALPAY_US,PARTNER_B,LOCAL_BANK_TRANSFER,1,1,2025-02-10T17:26:00Z,2025-02-10,2025-02-12,2025-02-10T18:55:00Z,2025-02-10,2025-02-12,USD,18901.73,CNY,7.136704,7.139765,71.16,71.16,18830.57,18830.57,18822.5,134388.2,134388.2,0.0,-8.07,0.0,0,MATCHED,,,BOOKED,SETTLED,2025-03-31
PB-INS-000182,PAY-000182,PB-BNK-000190,PB-00000190,CUST-0007,GLOBALPAY_US,PARTNER_B,SWIFT,1,1,2025-02-10T19:15:00Z,2025-02-10,2025-02-13,2025-02-11T18:27:00Z,2025-02-11,2025-02-13,USD,2871.07,CNY,7.12798,7.168437,15.05,15.05,2856.02,2856.02,2839.91,20357.65,20357.65,0.0,-16.11,0.0,0,MATCHED,,,BOOKED,SETTLED,2025-03-31
PB-INS-000185,PAY-000185,PB-BNK-000191,PB-00000191,CUST-0017,GLOBALPAY_US,PARTNER_B,LOCAL_BANK_TRANSFER,1,1,2025-02-10T23:39:00Z,2025-02-10,2025-02-13,2025-02-11T19:23:00Z,2025-02-11,2025-02-13,USD,5187.82,CNY,7.138344,7.17004,23.16,23.16,5164.66,5164.67,5141.83,36867.12,36867.12,0.0,-22.84,0.0,0,MATCHED,,,BOOKED,SETTLED,2025-03-31
PB-INS-000186,PAY-000186,PB-BNK-000189,PB-00000189,CUST-0009,GLOBALPAY_US,PARTNER_B,LOCAL_BANK_TRANSFER,1,1,2025-02-10T23:54:00Z,2025-02-10,2025-02-13,2025-02-11T17:35:00Z,2025-02-11,2025-02-13,USD,3149.92,CNY,7.138344,7.167334,16.02,16.02,3133.9,3133.91,3121.23,22370.86,22370.86,0.0,-12.68,0.0,0,MATCHED,,,BOOKED,SETTLED,2025-03-31
PB-INS-000187,PAY-000187,PB-BNK-000188,PB-00000188,CUST-0015,GLOBALPAY_US,PARTNER_B,LOCAL_BANK_TRANSFER,1,1,2025-02-11T00:29:00Z,2025-02-10,2025-02-13,2025-02-11T15:24:00Z,2025-02-11,2025-02-13,USD,809.06,CNY,7.139814,7.16541,7.83,7.83,801.23,801.23,798.37,5720.63,5720.63,0.0,-2.86,0.0,0,MATCHED,,,BOOKED,SETTLED,2025-03-31
PB-INS-000191,PAY-000191,PB-BNK-000194,PB-00000194,CUST-0003,GLOBALPAY_US,PARTNER_B,LOCAL_BANK_TRANSFER,1,1,2025-02-11T20:19:00Z,2025-02-11,2025-02-14,2025-02-12T15:43:00Z,2025-02-12,2025-02-14,USD,3695.82,CNY,7.165953,7.157588,17.94,17.94,3677.88,3677.89,3682.18,26355.52,26355.52,0.0,4.29,0.0,0,MATCHED,,,BOOKED,SETTLED,2025-03-31
PB-INS-000194,PAY-000194,PB-BNK-000195,PB-00000195,CUST-0002,GLOBALPAY_US,PARTNER_B,LOCAL_BANK_TRANSFER,1,1,2025-02-12T15:39:00Z,2025-02-12,2025-02-14,2025-02-12T17:54:00Z,2025-02-12,2025-02-14,USD,4271.32,CNY,7.150429,7.150777,19.95,19.95,4251.37,4251.38,4251.17,30399.12,30399.12,0.0,-0.21,0.0,0,MATCHED,,,BOOKED,SETTLED,2025-03-31
PB-INS-000196,PAY-000196,PB-BNK-000196,PB-00000196,CUST-0018,GLOBALPAY_US,PARTNER_B,LOCAL_BANK_TRANSFER,1,1,2025-02-12T18:21:00Z,2025-02-12,2025-02-14,2025-02-12T19:51:00Z,2025-02-12,2025-02-14,USD,2937.01,CNY,7.139781,7.144594,15.28,15.28,2921.73,2921.73,2919.77,20860.51,20860.51,0.0,-1.96,0.0,0,MATCHED,,,BOOKED,SETTLED,2025-03-31
PB-INS-000198,PAY-000198,PB-BNK-000202,PB-00000202,CUST-0018,GLOBALPAY_US,PARTNER_B,LOCAL_BANK_TRANSFER,1,1,2025-02-12T23:08:00Z,2025-02-12,2025-02-18,2025-02-13T17:18:00Z,2025-02-13,2025-02-18,USD,47480.2,CNY,7.137712,7.156368,171.18,171.18,47309.02,47309.03,47185.69,337678.16,337678.16,0.0,-123.34,0.0,0,MATCHED,,,BOOKED,SETTLED,2025-03-31
PB-INS-000199,PAY-000199,PB-BNK-000201,PB-00000201,CUST-0005,GLOBALPAY_US,PARTNER_B,LOCAL_BANK_TRANSFER,1,1,2025-02-13T14:15:00Z,2025-02-13,2025-02-18,2025-02-13T15:42:00Z,2025-02-13,2025-02-18,USD,10010.66,CNY,7.151441,7.158439,40.04,40.04,9970.62,9970.62,9960.88,71304.3,71304.3,0.0,-9.74,0.0,0,MATCHED,,,BOOKED,SETTLED,2025-03-31
PB-INS-000201,PAY-000201,PB-BNK-000204,PB-00000204,CUST-0008,GLOBALPAY_US,PARTNER_B,LOCAL_BANK_TRANSFER,1,1,2025-02-13T14:58:00Z,2025-02-13,2025-02-18,2025-02-13T18:31:00Z,2025-02-13,2025-02-18,USD,3045.56,CNY,7.151441,7.157023,15.66,15.66,3029.9,3029.9,3027.54,21668.15,21668.15,0.0,-2.36,0.0,0,MATCHED,,,BOOKED,SETTLED,2025-03-31
PB-INS-000202,PAY-000202,PB-BNK-000203,PB-00000203,CUST-0015,GLOBALPAY_US,PARTNER_B,LOCAL_BANK_TRANSFER,1,1,2025-02-13T15:15:00Z,2025-02-13,2025-02-18,2025-02-13T17:52:00Z,2025-02-13,2025-02-18,USD,3178.99,CNY,7.151279,7.156368,16.13,16.13,3162.86,3162.86,3160.62,22618.49,22618.49,0.0,-2.24,0.0,0,MATCHED,,,BOOKED,SETTLED,2025-03-31
PB-INS-000205,PAY-000205,PB-BNK-000209,PB-00000209,CUST-0021,GLOBALPAY_US,PARTNER_B,LOCAL_BANK_TRANSFER,1,1,2025-02-13T20:12:00Z,2025-02-13,2025-02-19,2025-02-14T15:31:00Z,2025-02-14,2025-02-19,USD,3808.03,CNY,7.155155,7.164273,18.33,18.33,3789.7,3789.7,3784.88,27115.89,27115.89,0.0,-4.82,0.0,0,MATCHED,,,BOOKED,SETTLED,2025-03-31
PB-INS-000207,PAY-000207,PB-BNK-000210,PB-00000210,CUST-0009,GLOBALPAY_US,PARTNER_B,LOCAL_BANK_TRANSFER,1,1,2025-02-13T22:36:00Z,2025-02-13,2025-02-19,2025-02-14T18:40:00Z,2025-02-14,2025-02-19,USD,1073.75,CNY,7.149929,7.16842,8.76,8.76,1064.99,1064.99,1062.25,7614.6,7614.6,0.0,-2.74,0.0,0,MATCHED,,,BOOKED,SETTLED,2025-03-31
PB-INS-000209,PAY-000209,PB-BNK-000211,PB-00000211,CUST-0024,GLOBALPAY_US,PARTNER_B,LOCAL_BANK_TRANSFER,1,1,2025-02-14T17:33:00Z,2025-02-14,2025-02-19,2025-02-14T19:28:00Z,2025-02-14,2025-02-19,USD,6158.49,CNY,7.161163,7.166138,26.55,26.55,6131.94,6131.94,6127.69,43911.82,43911.82,0.0,-4.25,0.0,0,MATCHED,,,BOOKED,SETTLED,2025-03-31
PB-INS-000211,PAY-000211,PB-BNK-000222,PB-00000222,CUST-0001,GLOBALPAY_US,PARTNER_B,LOCAL_BANK_TRANSFER,1,1,2025-02-14T19:32:00Z,2025-02-14,2025-02-20,2025-02-18T16:07:00Z,2025-02-18,2025-02-20,USD,12467.11,CNY,7.158971,7.163672,48.63,48.63,12418.48,12418.49,12410.34,88903.54,88903.54,0.0,-8.15,0.0,0,MATCHED,,,BOOKED,SETTLED,2025-03-31
PB-INS-000212,PAY-000212,PB-BNK-000221,PB-00000221,CUST-0021,GLOBALPAY_US,PARTNER_B,LOCAL_BANK_TRANSFER,1,1,2025-02-14T19:46:00Z,2025-02-14,2025-02-20,2025-02-18T15:23:00Z,2025-02-18,2025-02-20,USD,13081.62,CNY,7.158971,7.16608,50.79,50.79,13030.83,13030.83,13017.91,93287.33,93287.33,0.0,-12.92,0.0,0,MATCHED,,,BOOKED,SETTLED,2025-03-31
PB-INS-000222,PAY-000222,PB-BNK-000223,PB-00000223,CUST-0010,GLOBALPAY_US,PARTNER_B,LOCAL_BANK_TRANSFER,1,1,2025-02-18T14:34:00Z,2025-02-18,2025-02-20,2025-02-18T18:46:00Z,2025-02-18,2025-02-20,USD,9404.37,CNY,7.16626,7.173356,37.92,37.92,9366.45,9366.46,9357.19,67122.42,67122.42,0.0,-9.27,0.0,0,MATCHED,,,BOOKED,SETTLED,2025-03-31
PB-INS-000224,PAY-000224,PB-BNK-000224,PB-00000224,CUST-0009,GLOBALPAY_US,PARTNER_B,LOCAL_BANK_TRANSFER,1,1,2025-02-18T17:08:00Z,2025-02-18,2025-02-20,2025-02-18T19:28:00Z,2025-02-18,2025-02-20,USD,3004.97,CNY,7.162972,7.175355,15.52,15.52,2989.45,2989.46,2984.3,21413.35,21413.35,0.0,-5.16,0.0,0,MATCHED,,,BOOKED,SETTLED,2025-03-31
PB-INS-000225,PAY-000225,PB-BNK-000233,PB-00000233,CUST-0022,GLOBALPAY_US,PARTNER_B,LOCAL_BANK_TRANSFER,1,1,2025-02-18T19:18:00Z,2025-02-18,2025-02-21,2025-02-19T15:36:00Z,2025-02-19,2025-02-21,USD,1240.45,CNY,7.168178,7.187845,9.34,9.34,1231.11,1231.12,1227.75,8824.82,8824.82,0.0,-3.37,0.0,0,MATCHED,,,BOOKED,SETTLED,2025-03-31
PB-INS-000226,PAY-000226,PB-BNK-000235,PB-00000235,CUST-0004,GLOBALPAY_US,PARTNER_B,LOCAL_BANK_TRANSFER,1,1,2025-02-18T20:34:00Z,2025-02-18,2025-02-21,2025-02-19T18:07:00Z,2025-02-19,2025-02-21,USD,13678.92,CNY,7.170485,7.180235,52.88,52.88,13626.04,13626.05,13607.54,97705.32,97705.32,0.0,-18.51,0.0,0,MATCHED,,,BOOKED,SETTLED,2025-03-31
PB-INS-000227,PAY-000227,PB-BNK-000236,PB-00000236,CUST-0024,GLOBALPAY_US,PARTNER_B,LOCAL_BANK_TRANSFER,1,1,2025-02-18T21:04:00Z,2025-02-18,2025-02-21,2025-02-19T18:42:00Z,2025-02-19,2025-02-21,USD,7312.58,CNY,7.171873,7.180235,30.59,30.59,7281.99,7282,7273.51,52225.51,52225.51,0.0,-8.49,0.0,0,MATCHED,,,BOOKED,SETTLED,2025-03-31
PB-INS-000228,PAY-000228,PB-BNK-000232,PB-00000232,CUST-0013,GLOBALPAY_US,PARTNER_B,LOCAL_BANK_TRANSFER,1,1,2025-02-18T22:04:00Z,2025-02-18,2025-02-21,2025-02-19T15:31:00Z,2025-02-19,2025-02-21,USD,10212.84,CNY,7.171692,7.187845,40.74,40.74,10172.1,10172.11,10149.25,72951.17,72951.17,0.0,-22.86,0.0,0,MATCHED,,,BOOKED,SETTLED,2025-03-31
PB-INS-000230,PAY-000230,PB-BNK-000231,PB-00000231,CUST-0011,GLOBALPAY_US,PARTNER_B,LOCAL_BANK_TRANSFER,1,1,2025-02-18T22:41:00Z,2025-02-18,2025-02-21,2025-02-19T15:07:00Z,2025-02-19,2025-02-21,USD,1747.2,CNY,7.171692,7.187845,11.12,11.12,1736.08,1736.08,1732.18,12450.63,12450.63,0.0,-3.9,0.0,0,MATCHED,,,BOOKED,SETTLED,2025-03-31
PB-INS-000231,PAY-000231,PB-BNK-000234,PB-00000234,CUST-0024,GLOBALPAY_US,PARTNER_B,SWIFT,1,1,2025-02-19T00:36:00Z,2025-02-18,2025-02-21,2025-02-19T15:55:00Z,2025-02-19,2025-02-21,USD,3256.34,CNY,7.172944,7.187845,16.4,16.4,3239.94,3239.95,3233.23,23239.91,23239.91,0.0,-6.72,0.0,0,MATCHED,,,BOOKED,SETTLED,2025-03-31
PB-INS-000234,PAY-000234,PB-BNK-000237,PB-00000237,CUST-0006,GLOBALPAY_US,PARTNER_B,SWIFT,1,1,2025-02-19T14:40:00Z,2025-02-19,2025-02-21,2025-02-19T18:56:00Z,2025-02-19,2025-02-21,USD,787.58,CNY,7.172467,7.180235,7.76,7.76,779.82,779.82,778.98,5593.23,5593.23,0.0,-0.84,0.0,0,MATCHED,,,BOOKED,SETTLED,2025-03-31
PB-INS-000238,PAY-000238,PB-BNK-000238,PB-00000238,CUST-0004,GLOBALPAY_US,PARTNER_B,LOCAL_BANK_TRANSFER,1,1,2025-02-19T18:01:00Z,2025-02-19,2025-02-21,2025-02-19T20:03:00Z,2025-02-19,2025-02-21,USD,16112.19,CNY,7.173053,7.177655,61.39,61.39,16050.8,16050.81,16040.51,115133.24,115133.24,0.0,-10.3,0.0,0,MATCHED,,,BOOKED,SETTLED,2025-03-31
PB-INS-000239,PAY-000239,PB-BNK-000246,PB-00000246,CUST-0003,GLOBALPAY_US,PARTNER_B,SWIFT,1,1,2025-02-19T20:53:00Z,2025-02-19,2025-02-24,2025-02-20T19:28:00Z,2025-02-20,2025-02-24,USD,13199.96,CNY,7.170476,7.185524,51.2,51.2,13148.76,13148.77,13121.23,94282.87,94282.87,0.0,-27.54,0.0,0,MATCHED,,,BOOKED,SETTLED,2025-03-31
PB-INS-000240,PAY-000240,PB-BNK-000244,PB-00000244,CUST-0010,GLOBALPAY_US,PARTNER_B,SWIFT,1,1,2025-02-19T21:09:00Z,2025-02-19,2025-02-24,2025-02-20T15:33:00Z,2025-02-20,2025-02-24,USD,4194.2,CNY,7.174173,7.176515,19.68,19.68,4174.52,4174.53,4173.16,29948.73,29948.73,0.0,-1.37,0.0,0,MATCHED,,,BOOKED,SETTLED,2025-03-31
PB-INS-000241,PAY-000241,PB-BNK-000245,PB-00000245,CUST-0022,GLOBALPAY_US,PARTNER_B,LOCAL_BANK_TRANSFER,1,1,2025-02-19T22:59:00Z,2025-02-19,2025-02-24,2025-02-20T18:58:00Z,2025-02-20,2025-02-24,USD,3025.16,CNY,7.179659,7.185473,15.59,15.59,3009.57,3009.58,3007.14,21607.69,21607.69,0.0,-2.44,0.0,0,MATCHED,,,BOOKED,SETTLED,2025-03-31
PB-INS-000243,PAY-000243,PB-BNK-000243,PB-00000243,CUST-0021,GLOBALPAY_US,PARTNER_B,LOCAL_BANK_TRANSFER,1,1,2025-02-20T13:44:00Z,2025-02-20,2025-02-24,2025-02-20T14:46:00Z,2025-02-20,2025-02-24,USD,2027.9,CNY,7.167155,7.176738,12.1,12.1,2015.8,2015.8,2013.11,14447.55,14447.55,0.0,-2.69,0.0,0,MATCHED,,,BOOKED,SETTLED,2025-03-31
PB-INS-000245,PAY-000245,PB-BNK-000247,PB-00000247,CUST-0003,GLOBALPAY_US,PARTNER_B,LOCAL_BANK_TRANSFER,1,1,2025-02-20T17:56:00Z,2025-02-20,2025-02-24,2025-02-20T20:06:00Z,2025-02-20,2025-02-24,USD,2262.52,CNY,7.175434,7.189532,12.92,12.92,2249.6,2249.61,2245.19,16141.86,16141.86,0.0,-4.42,0.0,0,MATCHED,,,BOOKED,SETTLED,2025-03-31
PB-INS-000251,PAY-000251,PB-BNK-000253,PB-00000253,CUST-0008,GLOBALPAY_US,PARTNER_B,LOCAL_BANK_TRANSFER,1,1,2025-02-21T15:22:00Z,2025-02-21,2025-02-25,2025-02-21T17:52:00Z,2025-02-21,2025-02-25,USD,4236.93,CNY,7.184583,7.189202,19.83,19.83,4217.1,4217.1,4214.39,30298.1,30298.1,0.0,-2.71,0.0,0,MATCHED,,,BOOKED,SETTLED,2025-03-31
PB-INS-000254,PAY-000254,PB-BNK-000255,PB-00000255,CUST-0024,GLOBALPAY_US,PARTNER_B,LOCAL_BANK_TRANSFER,1,1,2025-02-21T16:49:00Z,2025-02-21,2025-02-25,2025-02-21T21:06:00Z,2025-02-21,2025-02-25,USD,4882.42,CNY,7.182768,7.197952,22.09,22.09,4860.33,4860.33,4850.08,34910.62,34910.62,0.0,-10.25,0.0,0,MATCHED,,,BOOKED,SETTLED,2025-03-31
PB-INS-000255,PAY-000255,PB-BNK-000254,PB-00000254,CUST-0025,GLOBALPAY_US,PARTNER_B,LOCAL_BANK_TRANSFER,1,1,2025-02-21T17:43:00Z,2025-02-21,2025-02-25,2025-02-21T20:23:00Z,2025-02-21,2025-02-25,USD,2654,CNY,7.182011,7.20146,14.29,14.29,2639.71,2639.72,2632.59,18958.43,18958.43,0.0,-7.13,0.0,0,MATCHED,,,BOOKED,SETTLED,2025-03-31
PB-INS-000257,PAY-000257,PB-BNK-000260,PB-00000260,CUST-0020,GLOBALPAY_US,PARTNER_B,LOCAL_BANK_TRANSFER,1,1,2025-02-24T14:34:00Z,2025-02-24,2025-02-26,2025-02-24T18:42:00Z,2025-02-24,2025-02-26,USD,6031.45,CNY,7.178087,7.190855,26.11,26.11,6005.34,6005.34,5994.68,43106.85,43106.85,0.0,-10.66,0.0,0,MATCHED,,,BOOKED,SETTLED,2025-03-31
PB-INS-000259,PAY-000259,PB-BNK-000261,PB-00000261,CUST-0015,GLOBALPAY_US,PARTNER_B,LOCAL_BANK_TRANSFER,1,1,2025-02-24T16:48:00Z,2025-02-24,2025-02-26,2025-02-24T20:38:00Z,2025-02-24,2025-02-26,USD,9602.45,CNY,7.181455,7.182161,38.61,38.61,9563.84,9563.85,9562.91,68682.29,68682.29,0.0,-0.94,0.0,0,MATCHED,,,BOOKED,SETTLED,2025-03-31
PB-INS-000262,PAY-000262,PB-BNK-000266,PB-00000266,CUST-0010,GLOBALPAY_US,PARTNER_B,LOCAL_BANK_TRANSFER,1,1,2025-02-24T20:18:00Z,2025-02-24,2025-02-27,2025-02-25T17:15:00Z,2025-02-25,2025-02-27,USD,2496.17,CNY,7.174978,7.201706,13.74,13.74,2482.43,2482.43,2473.22,17811.38,17811.38,0.0,-9.21,0.0,0,MATCHED,,,BOOKED,SETTLED,2025-03-31
PB-INS-000263,PAY-000263,PB-BNK-000268,PB-00000268,CUST-0024,GLOBALPAY_US,PARTNER_B,LOCAL_BANK_TRANSFER,1,1,2025-02-24T21:42:00Z,2025-02-24,2025-02-27,2025-02-25T18:20:00Z,2025-02-25,2025-02-27,USD,1124.87,CNY,7.176337,7.205852,8.94,8.94,1115.93,1115.94,1111.36,8008.29,8008.29,0.0,-4.58,0.0,0,MATCHED,,,BOOKED,SETTLED,2025-03-31
PB-INS-000265,PAY-000265,PB-BNK-000267,PB-00000267,CUST-0015,GLOBALPAY_US,PARTNER_B,SWIFT,1,1,2025-02-25T00:14:00Z,2025-02-24,2025-02-27,2025-02-25T17:21:00Z,2025-02-25,2025-02-27,USD,3014.83,CNY,7.184887,7.201706,15.55,15.55,2999.28,2999.29,2992.28,21549.49,21549.49,0.0,-7.01,0.0,0,MATCHED,,,BOOKED,SETTLED,2025-03-31
PB-INS-000268,PAY-000268,PB-BNK-000269,PB-00000269,CUST-0024,GLOBALPAY_US,PARTNER_B,SWIFT,1,1,2025-02-25T16:35:00Z,2025-02-25,2025-02-27,2025-02-25T18:20:00Z,2025-02-25,2025-02-27,USD,2594.11,CNY,7.193523,7.205852,14.08,14.08,2580.03,2580.04,2575.62,18559.51,18559.51,0.0,-4.42,0.0,0,MATCHED,,,BOOKED,SETTLED,2025-03-31
PB-INS-000270,PAY-000270,PB-BNK-000272,PB-00000272,CUST-0004,GLOBALPAY_US,PARTNER_B,LOCAL_BANK_TRANSFER,1,1,2025-02-25T22:57:00Z,2025-02-25,2025-02-28,2025-02-26T15:35:00Z,2025-02-26,2025-02-28,USD,3963.03,CNY,7.202013,7.218475,18.87,18.87,3944.16,3944.16,3935.17,28405.89,28405.89,0.0,-8.99,0.0,0,MATCHED,,,BOOKED,SETTLED,2025-03-31
PB-INS-000271,PAY-000271,PB-BNK-000274,PB-00000274,CUST-0008,GLOBALPAY_US,PARTNER_B,LOCAL_BANK_TRANSFER,1,1,2025-02-26T00:22:00Z,2025-02-25,2025-02-28,2025-02-26T17:46:00Z,2025-02-26,2025-02-28,USD,6019.44,CNY,7.201639,7.211065,26.07,26.07,5993.37,5993.38,5985.54,43162.09,43162.09,0.0,-7.84,0.0,0,MATCHED,,,BOOKED,SETTLED,2025-03-31
PB-INS-000272,PAY-000272,PB-BNK-000273,PB-00000273,CUST-0004,GLOBALPAY_US,PARTNER_B,LOCAL_BANK_TRANSFER,1,1,2025-02-26T14:09:00Z,2025-02-26,2025-02-28,2025-02-26T16:44:00Z,2025-02-26,2025-02-28,USD,12827.12,CNY,7.207824,7.214764,49.89,49.89,12777.23,12777.24,12764.95,92096.03,92096.03,0.0,-12.29,0.0,0,MATCHED,,,BOOKED,SETTLED,2025-03-31
PB-INS-000275,PAY-000275,PB-BNK-000281,PB-00000281,CUST-0012,GLOBALPAY_US,PARTNER_B,SWIFT,1,1,2025-02-26T19:27:00Z,2025-02-26,2025-03-03,2025-02-27T15:02:00Z,2025-02-27,2025-03-03,USD,3897.12,CNY,7.199526,7.219374,18.64,18.64,3878.48,3878.49,3867.82,27923.22,27923.22,0.0,-10.67,0.0,0,MATCHED,,,BOOKED,SETTLED,2025-03-31
PB-INS-000276,PAY-000276,PB-BNK-000282,PB-00000282,CUST-0024,GLOBALPAY_US,PARTNER_B,SWIFT,1,1,2025-02-26T21:29:00Z,2025-02-26,2025-03-03,2025-02-27T16:15:00Z,2025-02-27,2025-03-03,USD,2630.49,CNY,7.198945,7.223301,14.21,14.21,2616.28,2616.29,2607.46,18834.46,18834.46,0.0,-8.83,0.0,0,MATCHED,,,BOOKED,SETTLED,2025-03-31
PB-INS-000277,PAY-000277,PB-BNK-000283,PB-00000283,CUST-0020,GLOBALPAY_US,PARTNER_B,LOCAL_BANK_TRANSFER,1,1,2025-02-27T14:31:00Z,2025-02-27,2025-03-03,2025-02-27T18:03:00Z,2025-02-27,2025-03-03,USD,4021.88,CNY,7.203175,7.216611,19.08,19.08,4002.8,4002.81,3995.35,28832.87,28832.87,0.0,-7.46,0.0,0,MATCHED,,,BOOKED,SETTLED,2025-03-31
PB-INS-000282,PAY-000282,PB-BNK-000284,PB-00000284,CUST-0001,GLOBALPAY_US,PARTNER_B,LOCAL_BANK_TRANSFER,1,1,2025-02-27T18:26:00Z,2025-02-27,2025-03-03,2025-02-27T20:52:00Z,2025-02-27,2025-03-03,USD,5496.75,CNY,7.209393,7.216877,24.24,24.24,5472.51,5472.52,5466.84,39453.48,39453.48,0.0,-5.68,0.0,0,MATCHED,,,BOOKED,SETTLED,2025-03-31
PB-INS-000286,PAY-000286,PB-BNK-000294,PB-00000294,CUST-0024,GLOBALPAY_US,PARTNER_B,SWIFT,1,1,2025-02-27T21:28:00Z,2025-02-27,2025-03-04,2025-02-28T18:23:00Z,2025-02-28,2025-03-04,USD,7896.43,CNY,7.209573,7.216722,32.64,32.64,7863.79,7863.8,7856.01,56694.57,56694.57,0.0,-7.79,0.0,0,MATCHED,,,BOOKED,SETTLED,2025-03-31
PB-INS-000289,PAY-000289,PB-BNK-000291,PB-00000291,CUST-0005,GLOBALPAY_US,PARTNER_B,LOCAL_BANK_TRANSFER,1,1,2025-02-27T23:23:00Z,2025-02-27,2025-03-04,2025-02-28T16:00:00Z,2025-02-28,2025-03-04,USD,31741.05,CNY,7.206578,7.205412,116.09,116.09,31624.96,31624.96,31630.08,227907.74,227907.74,0.0,5.12,0.0,0,MATCHED,,,BOOKED,SETTLED,2025-03-31
PB-INS-000290,PAY-000290,PB-BNK-000292,PB-00000292,CUST-0020,GLOBALPAY_US,PARTNER_B,LOCAL_BANK_TRANSFER,1,1,2025-02-27T23:43:00Z,2025-02-27,2025-03-04,2025-02-28T17:47:00Z,2025-02-28,2025-03-04,USD,50000,CNY,7.206578,7.209911,180,180,49820,49820.01,49796.97,359031.72,359031.72,0.0,-23.04,0.0,0,MATCHED,,,BOOKED,SETTLED,2025-03-31
PB-INS-000292,PAY-000292,PB-BNK-000293,PB-00000293,CUST-0008,GLOBALPAY_US,PARTNER_B,LOCAL_BANK_TRANSFER,1,1,2025-02-28T16:29:00Z,2025-02-28,2025-03-04,2025-02-28T17:47:00Z,2025-02-28,2025-03-04,USD,24693.47,CNY,7.198205,7.209911,91.43,91.43,24602.04,24602.05,24562.1,177090.53,177090.53,0.0,-39.95,0.0,0,MATCHED,,,BOOKED,SETTLED,2025-03-31
PB-INS-000294,PAY-000294,PB-BNK-000295,PB-00000295,CUST-0002,GLOBALPAY_US,PARTNER_B,LOCAL_BANK_TRANSFER,1,1,2025-02-28T16:55:00Z,2025-02-28,2025-03-04,2025-02-28T20:45:00Z,2025-02-28,2025-03-04,USD,6644.8,CNY,7.198205,7.217095,28.26,28.26,6616.54,6616.54,6599.23,47627.21,47627.21,0.0,-17.31,0.0,0,MATCHED,,,BOOKED,SETTLED,2025-03-31
PB-INS-000297,PAY-000297,PB-BNK-000301,PB-00000301,CUST-0024,GLOBALPAY_US,PARTNER_B,LOCAL_BANK_TRANSFER,1,1,2025-02-28T23:18:00Z,2025-02-28,2025-03-05,2025-03-03T16:38:00Z,2025-03-03,2025-03-05,USD,4367.29,CNY,7.201402,7.223528,20.29,20.29,4347,4347,4333.69,31304.49,31304.49,0.0,-13.31,0.0,0,MATCHED,,,BOOKED,SETTLED,2025-03-31
PB-INS-000300,PAY-000300,PB-BNK-000300,PB-00000300,CUST-0025,GLOBALPAY_US,PARTNER_B,LOCAL_BANK_TRANSFER,1,1,2025-03-01T00:30:00Z,2025-02-28,2025-03-05,2025-03-03T16:33:00Z,2025-03-03,2025-03-05,USD,4422.94,CNY,7.205223,7.223528,20.48,20.48,4402.46,4402.47,4391.31,31720.71,31720.71,0.0,-11.16,0.0,0,MATCHED,,,BOOKED,SETTLED,2025-03-31
PB-INS-000301,PAY-000301,PB-BNK-000299,PB-00000299,CUST-0024,GLOBALPAY_US,PARTNER_B,LOCAL_BANK_TRANSFER,1,1,2025-03-03T13:37:00Z,2025-03-03,2025-03-05,2025-03-03T16:08:00Z,2025-03-03,2025-03-05,USD,1370.65,CNY,7.211007,7.223528,9.8,9.8,1360.85,1360.86,1358.5,9813.1,9813.1,0.0,-2.36,0.0,0,MATCHED,,,BOOKED,SETTLED,2025-03-31
PB-INS-000302,PAY-000302,PB-BNK-000303,PB-00000303,CUST-0014,GLOBALPAY_US,PARTNER_B,LOCAL_BANK_TRANSFER,1,1,2025-03-03T14:17:00Z,2025-03-03,2025-03-05,2025-03-03T17:45:00Z,2025-03-03,2025-03-05,USD,1428.15,CNY,7.209221,7.221488,10,10,1418.15,1418.16,1415.75,10223.76,10223.76,0.0,-2.41,0.0,0,MATCHED,,,BOOKED,SETTLED,2025-03-31
PB-INS-000303,PAY-000303,PB-BNK-000302,PB-00000302,CUST-0017,GLOBALPAY_US,PARTNER_B,LOCAL_BANK_TRANSFER,1,1,2025-03-03T15:29:00Z,2025-03-03,2025-03-05,2025-03-03T17:16:00Z,2025-03-03,2025-03-05,USD,9262.17,CNY,7.214821,7.221488,37.42,37.42,9224.75,9224.75,9216.24,66554.92,66554.92,0.0,-8.51,0.0,0,MATCHED,,,BOOKED,SETTLED,2025-03-31
PB-INS-000304,PAY-000304,PB-BNK-000305,PB-00000305,CUST-0022,GLOBALPAY_US,PARTNER_B,LOCAL_BANK_TRANSFER,1,1,2025-03-03T17:40:00Z,2025-03-03,2025-03-05,2025-03-03T21:28:00Z,2025-03-03,2025-03-05,USD,4162.89,CNY,7.214265,7.222904,19.57,19.57,4143.32,4143.33,4138.37,29891.01,29891.01,0.0,-4.96,0.0,0,MATCHED,,,BOOKED,SETTLED,2025-03-31
PB-INS-000305,PAY-000305,PB-BNK-000304,PB-00000304,CUST-0014,GLOBALPAY_US,PARTNER_B,LOCAL_BANK_TRANSFER,1,1,2025-03-03T18:43:00Z,2025-03-03,2025-03-05,2025-03-03T19:50:00Z,2025-03-03,2025-03-05,USD,10134.81,CNY,7.220713,7.229601,40.47,40.47,10094.34,10094.34,10081.93,72888.33,72888.33,0.0,-12.41,0.0,0,MATCHED,,,BOOKED,SETTLED,2025-03-31
PB-INS-000306,PAY-000306,PB-BNK-000315,PB-00000315,CUST-0005,GLOBALPAY_US,PARTNER_B,LOCAL_BANK_TRANSFER,1,1,2025-03-03T20:07:00Z,2025-03-03,2025-03-06,2025-03-04T18:38:00Z,2025-03-04,2025-03-06,USD,5099.11,CNY,7.221007,7.23345,22.85,22.85,5076.26,5076.27,5067.53,36655.71,36655.71,0.0,-8.74,0.0,0,MATCHED,,,BOOKED,SETTLED,2025-03-31
PB-INS-000307,PAY-000307,PB-BNK-000311,PB-00000311,CUST-0012,GLOBALPAY_US,PARTNER_B,LOCAL_BANK_TRANSFER,1,1,2025-03-03T20:50:00Z,2025-03-03,2025-03-06,2025-03-04T15:11:00Z,2025-03-04,2025-03-06,USD,8419.14,CNY,7.221007,7.238608,34.47,34.47,8384.67,8384.67,8364.29,60545.76,60545.76,0.0,-20.38,0.0,0,MATCHED,,,BOOKED,SETTLED,2025-03-31
PB-INS-000309,PAY-000309,PB-BNK-000313,PB-00000313,CUST-0012,GLOBALPAY_US,PARTNER_B,LOCAL_BANK_TRANSFER,1,1,2025-03-04T13:50:00Z,2025-03-04,2025-03-06,2025-03-04T16:36:00Z,2025-03-04,2025-03-06,USD,1626.74,CNY,7.231039,7.240647,10.69,10.69,1616.05,1616.05,1613.91,11685.72,11685.72,0.0,-2.14,0.0,0,MATCHED,,,BOOKED,SETTLED,2025-03-31
PB-INS-000310,PAY-000310,PB-BNK-000312,PB-00000312,CUST-0017,GLOBALPAY_US,PARTNER_B,LOCAL_BANK_TRANSFER,1,1,2025-03-04T14:01:00Z,2025-03-04,2025-03-06,2025-03-04T15:20:00Z,2025-03-04,2025-03-06,USD,14905.77,CNY,7.233593,7.238608,57.17,57.17,14848.6,14848.61,14838.32,107408.73,107408.73,0.0,-10.29,0.0,0,MATCHED,,,BOOKED,SETTLED,2025-03-31
PB-INS-000312,PAY-000312,PB-BNK-000314,PB-00000314,CUST-0020,GLOBALPAY_US,PARTNER_B,LOCAL_BANK_TRANSFER,1,1,2025-03-04T16:49:00Z,2025-03-04,2025-03-06,2025-03-04T18:12:00Z,2025-03-04,2025-03-06,USD,1522.96,CNY,7.233404,7.23345,10.33,10.33,1512.63,1512.63,1512.62,10941.46,10941.46,0.0,-0.01,0.0,0,MATCHED,,,BOOKED,SETTLED,2025-03-31
PB-INS-000315,PAY-000315,PB-BNK-000322,PB-00000322,CUST-0012,GLOBALPAY_US,PARTNER_B,LOCAL_BANK_TRANSFER,1,1,2025-03-04T19:51:00Z,2025-03-04,2025-03-07,2025-03-05T15:54:00Z,2025-03-05,2025-03-07,USD,2217.81,CNY,7.224657,7.233973,12.76,12.76,2205.05,2205.06,2202.22,15930.73,15930.73,0.0,-2.84,0.0,0,MATCHED,,,BOOKED,SETTLED,2025-03-31
PB-INS-000317,PAY-000317,PB-BNK-000323,PB-00000323,CUST-0017,GLOBALPAY_US,PARTNER_B,LOCAL_BANK_TRANSFER,1,1,2025-03-04T20:56:00Z,2025-03-04,2025-03-07,2025-03-05T18:41:00Z,2025-03-05,2025-03-07,USD,16132.89,CNY,7.223983,7.233842,61.47,61.47,16071.42,16071.42,16049.52,116099.66,116099.66,0.0,-21.9,0.0,0,MATCHED,,,BOOKED,SETTLED,2025-03-31
PB-INS-000323,PAY-000323,PB-BNK-000324,PB-00000324,CUST-0024,GLOBALPAY_US,PARTNER_B,LOCAL_BANK_TRANSFER,1,1,2025-03-05T17:57:00Z,2025-03-05,2025-03-07,2025-03-05T20:05:00Z,2025-03-05,2025-03-07,USD,11105.32,CNY,7.230591,7.225228,43.87,43.87,11061.45,11061.45,11069.67,79980.82,79980.82,0.0,8.22,0.0,0,MATCHED,,,BOOKED,SETTLED,2025-03-31
PB-INS-000327,PAY-000327,PB-BNK-000332,PB-00000332,CUST-0025,GLOBALPAY_US,PARTNER_B,LOCAL_BANK_TRANSFER,1,1,2025-03-05T23:33:00Z,2025-03-05,2025-03-10,2025-03-06T17:38:00Z,2025-03-06,2025-03-10,USD,1534.35,CNY,7.223982,7.255282,10.37,10.37,1523.98,1523.98,1517.41,11009.2,11009.2,0.0,-6.57,0.0,0,MATCHED,,,BOOKED,SETTLED,2025-03-31
PB-INS-000328,PAY-000328,PB-BNK-000331,PB-00000331,CUST-0005,GLOBALPAY_US,PARTNER_B,LOCAL_BANK_TRANSFER,1,1,2025-03-06T13:40:00Z,2025-03-06,2025-03-10,2025-03-06T16:15:00Z,2025-03-06,2025-03-10,USD,11930.11,CNY,7.230241,7.258162,46.76,46.76,11883.35,11883.35,11837.64,85919.48,85919.48,0.0,-45.71,0.0,0,MATCHED,,,BOOKED,SETTLED,2025-03-31
PB-INS-000331,PAY-000331,PB-BNK-000333,PB-00000333,CUST-0017,GLOBALPAY_US,PARTNER_B,LOCAL_BANK_TRANSFER,1,1,2025-03-06T15:50:00Z,2025-03-06,2025-03-10,2025-03-06T20:33:00Z,2025-03-06,2025-03-10,USD,1157.32,CNY,7.243332,7.248305,9.05,9.05,1148.27,1148.27,1147.49,8317.3,8317.3,0.0,-0.78,0.0,0,MATCHED,,,BOOKED,SETTLED,2025-03-31
PB-INS-000333,PAY-000333,PB-BNK-000334,PB-00000334,CUST-0006,GLOBALPAY_US,PARTNER_B,LOCAL_BANK_TRANSFER,1,1,2025-03-06T18:59:00Z,2025-03-06,2025-03-10,2025-03-06T21:36:00Z,2025-03-06,2025-03-10,USD,3475.89,CNY,7.249304,7.252877,17.17,17.17,3458.72,3458.72,3457.02,25073.31,25073.31,0.0,-1.7,0.0,0,MATCHED,,,BOOKED,SETTLED,2025-03-31
PB-INS-000335,PAY-000335,PB-BNK-000339,PB-00000339,CUST-0002,GLOBALPAY_US,PARTNER_B,LOCAL_BANK_TRANSFER,1,1,2025-03-06T20:26:00Z,2025-03-06,2025-03-11,2025-03-07T19:17:00Z,2025-03-07,2025-03-11,USD,3386.07,CNY,7.241055,7.224075,16.85,16.85,3369.22,3369.23,3377.14,24396.71,24396.71,0.0,7.91,0.0,0,MATCHED,,,BOOKED,SETTLED,2025-03-31
PB-INS-000342,PAY-000342,PB-BNK-000344,PB-00000344,CUST-0015,GLOBALPAY_US,PARTNER_B,LOCAL_BANK_TRANSFER,1,1,2025-03-10T12:54:00Z,2025-03-10,2025-03-12,2025-03-10T17:27:00Z,2025-03-10,2025-03-12,USD,1931.72,CNY,7.231102,7.227517,11.76,11.76,1919.96,1919.97,1920.92,13883.43,13883.43,0.0,0.95,0.0,0,MATCHED,,,BOOKED,SETTLED,2025-03-31
PB-INS-000344,PAY-000344,PB-BNK-000346,PB-00000346,CUST-0024,GLOBALPAY_US,PARTNER_B,LOCAL_BANK_TRANSFER,1,1,2025-03-10T15:47:00Z,2025-03-10,2025-03-12,2025-03-11T13:37:00Z,2025-03-11,2025-03-13,USD,3856.74,CNY,7.222797,7.257686,18.5,18.5,3838.24,3838.25,3819.79,27722.83,27722.83,0.0,-18.46,0.0,1,MATCHED,,,BOOKED,SETTLED,2025-03-31
PB-INS-000345,PAY-000345,PB-BNK-000343,PB-00000343,CUST-0014,GLOBALPAY_US,PARTNER_B,LOCAL_BANK_TRANSFER,1,1,2025-03-10T16:26:00Z,2025-03-10,2025-03-12,2025-03-10T17:26:00Z,2025-03-10,2025-03-12,USD,7093.07,CNY,7.218599,7.227517,29.83,29.83,7063.24,7063.25,7054.53,50986.7,50986.7,0.0,-8.72,0.0,0,MATCHED,,,BOOKED,SETTLED,2025-03-31
PB-INS-000346,PAY-000346,PB-BNK-000347,PB-00000347,CUST-0001,GLOBALPAY_US,PARTNER_B,LOCAL_BANK_TRANSFER,1,1,2025-03-10T21:16:00Z,2025-03-10,2025-03-13,2025-03-11T13:58:00Z,2025-03-11,2025-03-13,USD,2871.32,CNY,7.233847,7.257686,15.05,15.05,2856.27,2856.27,2846.89,20661.82,20661.82,0.0,-9.38,0.0,0,MATCHED,,,BOOKED,SETTLED,2025-03-31
PB-INS-000347,PAY-000347,PB-BNK-000348,PB-00000348,CUST-0009,GLOBALPAY_US,PARTNER_B,LOCAL_BANK_TRANSFER,1,1,2025-03-10T23:37:00Z,2025-03-10,2025-03-13,2025-03-11T14:24:00Z,2025-03-11,2025-03-13,USD,5194.07,CNY,7.238862,7.25931,23.18,23.18,5170.89,5170.9,5156.33,37431.36,37431.36,0.0,-14.57,0.0,0,MATCHED,,,BOOKED,SETTLED,2025-03-31
PB-INS-000348,PAY-000348,PB-BNK-000349,PB-00000349,CUST-0018,GLOBALPAY_US,PARTNER_B,LOCAL_BANK_TRANSFER,1,1,2025-03-11T15:58:00Z,2025-03-11,2025-03-13,2025-03-11T17:17:00Z,2025-03-11,2025-03-13,USD,1707.86,CNY,7.250432,7.266633,10.98,10.98,1696.88,1696.88,1693.1,12303.11,12303.11,0.0,-3.78,0.0,0,MATCHED,,,BOOKED,SETTLED,2025-03-31
PB-INS-000351,PAY-000351,PB-BNK-000354,PB-00000354,CUST-0025,GLOBALPAY_US,PARTNER_B,LOCAL_BANK_TRANSFER,1,1,2025-03-11T22:13:00Z,2025-03-11,2025-03-14,2025-03-12T15:59:00Z,2025-03-12,2025-03-14,USD,3242.04,CNY,7.26347,7.241509,16.35,16.35,3225.69,3225.69,3235.48,23429.7,23429.7,0.0,9.79,0.0,0,MATCHED,,,BOOKED,SETTLED,2025-03-31
PB-INS-000352,PAY-000352,PB-BNK-000353,PB-00000353,CUST-0023,GLOBALPAY_US,PARTNER_B,LOCAL_BANK_TRANSFER,1,1,2025-03-11T22:58:00Z,2025-03-11,2025-03-14,2025-03-12T15:24:00Z,2025-03-12,2025-03-14,USD,8231.46,CNY,7.26347,7.241509,33.81,33.81,8197.65,8197.65,8222.51,59543.38,59543.38,0.0,24.86,0.0,0,MATCHED,,,BOOKED,SETTLED,2025-03-31
PB-INS-000353,PAY-000353,PB-BNK-000355,PB-00000355,CUST-0019,GLOBALPAY_US,PARTNER_B,LOCAL_BANK_TRANSFER,1,1,2025-03-12T12:02:00Z,2025-03-12,2025-03-14,2025-03-12T16:56:00Z,2025-03-12,2025-03-14,USD,4149.89,CNY,7.238078,7.244654,19.52,19.52,4130.37,4130.37,4126.63,29895.94,29895.94,0.0,-3.74,0.0,0,MATCHED,,,BOOKED,SETTLED,2025-03-31
PB-INS-000354,PAY-000354,PB-BNK-000356,PB-00000356,CUST-0020,GLOBALPAY_US,PARTNER_B,LOCAL_BANK_TRANSFER,1,1,2025-03-12T13:45:00Z,2025-03-12,2025-03-14,2025-03-12T17:16:00Z,2025-03-12,2025-03-14,USD,5460.32,CNY,7.234788,7.252725,24.11,24.11,5436.21,5436.22,5422.77,39329.83,39329.83,0.0,-13.45,0.0,0,MATCHED,,,BOOKED,SETTLED,2025-03-31
PB-INS-000356,PAY-000356,PB-BNK-000363,PB-00000363,CUST-0014,GLOBALPAY_US,PARTNER_B,LOCAL_BANK_TRANSFER,1,1,2025-03-12T19:16:00Z,2025-03-12,2025-03-17,2025-03-13T14:06:00Z,2025-03-13,2025-03-17,USD,19912.73,CNY,7.263338,7.280514,74.69,74.69,19838.04,19838.05,19791.24,144090.39,144090.39,0.0,-46.81,0.0,0,MATCHED,,,BOOKED,SETTLED,2025-03-31
PB-INS-000358,PAY-000358,PB-BNK-000364,PB-00000364,CUST-0015,GLOBALPAY_US,PARTNER_B,SWIFT,1,1,2025-03-12T23:05:00Z,2025-03-12,2025-03-17,2025-03-13T15:14:00Z,2025-03-13,2025-03-17,USD,9295.83,CNY,7.271099,7.279727,37.54,37.54,9258.29,9258.29,9247.32,67317.94,67317.94,0.0,-10.97,0.0,0,MATCHED,,,BOOKED,SETTLED,2025-03-31
PB-INS-000362,PAY-000362,PB-BNK-000365,PB-00000365,CUST-0017,GLOBALPAY_US,PARTNER_B,LOCAL_BANK_TRANSFER,1,1,2025-03-13T13:23:00Z,2025-03-13,2025-03-17,2025-03-13T17:15:00Z,2025-03-13,2025-03-17,USD,1635.97,CNY,7.276147,7.285036,10.73,10.73,1625.24,1625.25,1623.26,11825.49,11825.49,0.0,-1.99,0.0,0,MATCHED,,,BOOKED,SETTLED,2025-03-31
PB-INS-000365,PAY-000365,PB-BNK-000366,PB-00000366,CUST-0009,GLOBALPAY_US,PARTNER_B,LOCAL_BANK_TRANSFER,1,1,2025-03-13T17:13:00Z,2025-03-13,2025-03-17,2025-03-13T20:03:00Z,2025-03-13,2025-03-17,USD,2756.36,CNY,7.277749,7.280615,14.65,14.65,2741.71,2741.72,2740.64,19953.48,19953.48,0.0,-1.08,0.0,0,MATCHED,,,BOOKED,SETTLED,2025-03-31
PB-INS-000368,PAY-000368,PB-BNK-000375,PB-00000375,CUST-0019,GLOBALPAY_US,PARTNER_B,LOCAL_BANK_TRANSFER,1,1,2025-03-13T23:29:00Z,2025-03-13,2025-03-18,2025-03-14T17:42:00Z,2025-03-14,2025-03-18,USD,4303.03,CNY,7.265368,7.269305,20.06,20.06,4282.97,4282.97,4280.65,31117.35,31117.35,0.0,-2.32,0.0,0,MATCHED,,,BOOKED,SETTLED,2025-03-31
PB-INS-000375,PAY-000375,PB-BNK-000376,PB-00000376,CUST-0011,GLOBALPAY_US,PARTNER_B,SWIFT,1,1,2025-03-14T17:43:00Z,2025-03-14,2025-03-18,2025-03-14T19:19:00Z,2025-03-14,2025-03-18,USD,2032.97,CNY,7.262034,7.2681,12.12,12.12,2020.85,2020.85,2019.17,14675.48,14675.48,0.0,-1.68,0.0,0,MATCHED,,,BOOKED,SETTLED,2025-03-31
PB-INS-000377,PAY-000377,PB-BNK-000385,PB-00000385,CUST-0013,GLOBALPAY_US,PARTNER_B,LOCAL_BANK_TRANSFER,1,1,2025-03-14T20:16:00Z,2025-03-14,2025-03-19,2025-03-17T16:28:00Z,2025-03-17,2025-03-19,USD,2085.28,CNY,7.26491,7.275272,12.3,12.3,2072.98,2072.98,2070.03,15060.01,15060.01,0.0,-2.95,0.0,0,MATCHED,,,BOOKED,SETTLED,2025-03-31
PB-INS-000378,PAY-000378,PB-BNK-000384,PB-00000384,CUST-0001,GLOBALPAY_US,PARTNER_B,LOCAL_BANK_TRANSFER,1,1,2025-03-14T20:22:00Z,2025-03-14,2025-03-19,2025-03-17T14:05:00Z,2025-03-17,2025-03-19,USD,2307.62,CNY,7.26491,7.276159,13.08,13.08,2294.54,2294.55,2291,16669.63,16669.63,0.0,-3.55,0.0,0,MATCHED,,,BOOKED,SETTLED,2025-03-31
PB-INS-000384,PAY-000384,PB-BNK-000386,PB-00000386,CUST-0023,GLOBALPAY_US,PARTNER_B,SWIFT,1,1,2025-03-17T15:33:00Z,2025-03-17,2025-03-19,2025-03-17T20:16:00Z,2025-03-17,2025-03-19,USD,13729.29,CNY,7.27116,7.265363,53.05,53.05,13676.24,13676.25,13687.16,99442.13,99442.13,0.0,10.91,0.0,0,MATCHED,,,BOOKED,SETTLED,2025-03-31
PB-INS-000385,PAY-000385,PB-BNK-000387,PB-00000387,CUST-0011,GLOBALPAY_US,PARTNER_B,SWIFT,1,1,2025-03-17T15:56:00Z,2025-03-17,2025-03-19,2025-03-17T20:41:00Z,2025-03-17,2025-03-19,USD,19053.74,CNY,7.27116,7.265363,71.69,71.69,18982.05,18982.05,18997.2,138021.52,138021.52,0.0,15.15,0.0,0,MATCHED,,,BOOKED,SETTLED,2025-03-31
PB-INS-000388,PAY-000388,PB-BNK-000393,PB-00000393,CUST-0020,GLOBALPAY_US,PARTNER_B,LOCAL_BANK_TRANSFER,1,1,2025-03-17T20:05:00Z,2025-03-17,2025-03-20,2025-03-18T14:13:00Z,2025-03-18,2025-03-20,USD,2546.16,CNY,7.258096,7.266238,13.91,13.91,2532.25,2532.25,2529.42,18379.31,18379.31,0.0,-2.83,0.0,0,MATCHED,,,BOOKED,SETTLED,2025-03-31
PB-INS-000389,PAY-000389,PB-BNK-000392,PB-00000392,CUST-0008,GLOBALPAY_US,PARTNER_B,LOCAL_BANK_TRANSFER,1,1,2025-03-17T20:41:00Z,2025-03-17,2025-03-20,2025-03-18T14:11:00Z,2025-03-18,2025-03-20,USD,4395.46,CNY,7.258096,7.266238,20.38,20.38,4375.08,4375.08,4370.18,31754.75,31754.75,0.0,-4.9,0.0,0,MATCHED,,,BOOKED,SETTLED,2025-03-31
PB-INS-000391,PAY-000391,PB-BNK-000394,PB-00000394,CUST-0025,GLOBALPAY_US,PARTNER_B,LOCAL_BANK_TRANSFER,1,1,2025-03-17T22:24:00Z,2025-03-17,2025-03-20,2025-03-18T18:27:00Z,2025-03-18,2025-03-20,USD,2393.05,CNY,7.243391,7.274958,13.38,13.38,2379.67,2379.67,2369.35,17236.88,17236.88,0.0,-10.32,0.0,0,MATCHED,,,BOOKED,SETTLED,2025-03-31
PB-INS-000400,PAY-000400,PB-BNK-000405,PB-00000405,CUST-0022,GLOBALPAY_US,PARTNER_B,LOCAL_BANK_TRANSFER,1,1,2025-03-19T13:27:00Z,2025-03-19,2025-03-21,2025-03-19T17:19:00Z,2025-03-19,2025-03-21,USD,4132.99,CNY,7.25433,7.266953,19.47,19.47,4113.52,4113.52,4106.38,29840.83,29840.83,0.0,-7.14,0.0,0,MATCHED,,,BOOKED,SETTLED,2025-03-31
PB-INS-000404,PAY-000404,PB-BNK-000410,PB-00000410,CUST-0017,GLOBALPAY_US,PARTNER_B,LOCAL_BANK_TRANSFER,1,1,2025-03-19T18:38:00Z,2025-03-19,2025-03-24,2025-03-20T16:03:00Z,2025-03-20,2025-03-24,USD,2704.16,CNY,7.255277,7.232336,14.46,14.46,2689.7,2689.71,2698.24,19514.52,19514.52,0.0,8.53,0.0,0,MATCHED,,,BOOKED,SETTLED,2025-03-31
PB-INS-000408,PAY-000408,PB-BNK-000412,PB-00000412,CUST-0012,GLOBALPAY_US,PARTNER_B,LOCAL_BANK_TRANSFER,1,1,2025-03-19T21:55:00Z,2025-03-19,2025-03-24,2025-03-20T17:24:00Z,2025-03-20,2025-03-24,USD,5460.51,CNY,7.250232,7.233629,24.11,24.11,5436.4,5436.4,5448.88,39415.16,39415.16,0.0,12.48,0.0,0,MATCHED,,,BOOKED,SETTLED,2025-03-31
PB-INS-000409,PAY-000409,PB-BNK-000411,PB-00000411,CUST-0007,GLOBALPAY_US,PARTNER_B,LOCAL_BANK_TRANSFER,1,1,2025-03-19T22:58:00Z,2025-03-19,2025-03-24,2025-03-20T16:18:00Z,2025-03-20,2025-03-24,USD,3497.43,CNY,7.244502,7.232336,17.24,17.24,3480.19,3480.19,3486.05,25212.24,25212.24,0.0,5.86,0.0,0,MATCHED,,,BOOKED,SETTLED,2025-03-31
PB-INS-000410,PAY-000410,PB-BNK-000408,PB-00000408,CUST-0016,GLOBALPAY_US,PARTNER_B,LOCAL_BANK_TRANSFER,1,1,2025-03-20T12:18:00Z,2025-03-20,2025-03-24,2025-03-20T14:21:00Z,2025-03-20,2025-03-24,USD,1643.81,CNY,7.224851,7.224465,10.75,10.75,1633.06,1633.07,1633.15,11798.62,11798.62,0.0,0.08,0.0,0,MATCHED,,,BOOKED,SETTLED,2025-03-31
PB-INS-000412,PAY-000412,PB-BNK-000409,PB-00000409,CUST-0002,GLOBALPAY_US,PARTNER_B,LOCAL_BANK_TRANSFER,1,1,2025-03-20T14:49:00Z,2025-03-20,2025-03-24,2025-03-20T15:47:00Z,2025-03-20,2025-03-24,USD,23517.68,CNY,7.217239,7.233376,87.31,87.31,23430.37,23430.37,23378.1,169102.58,169102.58,0.0,-52.27,0.0,0,MATCHED,,,BOOKED,SETTLED,2025-03-31
PB-INS-000413,PAY-000413,PB-BNK-000413,PB-00000413,CUST-0021,GLOBALPAY_US,PARTNER_B,LOCAL_BANK_TRANSFER,1,1,2025-03-20T17:19:00Z,2025-03-20,2025-03-24,2025-03-20T19:30:00Z,2025-03-20,2025-03-24,USD,1062,CNY,7.226394,7.231182,8.72,8.72,1053.28,1053.29,1052.59,7611.42,7611.42,0.0,-0.7,0.0,0,MATCHED,,,BOOKED,SETTLED,2025-03-31
PB-INS-000423,PAY-000423,PB-BNK-000426,PB-00000426,CUST-0012,GLOBALPAY_US,PARTNER_B,LOCAL_BANK_TRANSFER,1,1,2025-03-21T16:42:00Z,2025-03-21,2025-03-25,2025-03-21T18:07:00Z,2025-03-21,2025-03-25,USD,13545.79,CNY,7.238561,7.247438,52.41,52.41,13493.38,13493.38,13476.86,97672.65,97672.65,0.0,-16.52,0.0,0,MATCHED,,,BOOKED,SETTLED,2025-03-31
PB-INS-000429,PAY-000429,PB-BNK-000434,PB-00000434,CUST-0012,GLOBALPAY_US,PARTNER_B,LOCAL_BANK_TRANSFER,1,1,2025-03-21T21:46:00Z,2025-03-21,2025-03-26,2025-03-24T16:40:00Z,2025-03-24,2025-03-26,USD,1802.06,CNY,7.242354,7.258696,11.31,11.31,1790.75,1790.76,1786.72,12969.25,12969.25,0.0,-4.04,0.0,0,MATCHED,,,BOOKED,SETTLED,2025-03-31
PB-INS-000433,PAY-000433,PB-BNK-000433,PB-00000433,CUST-0019,GLOBALPAY_US,PARTNER_B,LOCAL_BANK_TRANSFER,1,1,2025-03-24T15:49:00Z,2025-03-24,2025-03-26,2025-03-24T16:35:00Z,2025-03-24,2025-03-26,USD,6189.85,CNY,7.252923,7.258696,26.66,26.66,6163.19,6163.19,6158.29,44701.14,44701.14,0.0,-4.9,0.0,0,MATCHED,,,BOOKED,SETTLED,2025-03-31
PB-INS-000439,PAY-000439,PB-BNK-000440,PB-00000440,CUST-0012,GLOBALPAY_US,PARTNER_B,LOCAL_BANK_TRANSFER,1,1,2025-03-25T14:57:00Z,2025-03-25,2025-03-27,2025-03-25T16:54:00Z,2025-03-25,2025-03-27,USD,23215.6,CNY,7.236513,7.246281,86.25,86.25,23129.35,23129.35,23098.18,167375.84,167375.84,0.0,-31.17,0.0,0,MATCHED,,,BOOKED,SETTLED,2025-03-31
PB-INS-000443,PAY-000443,PB-BNK-000447,PB-00000447,CUST-0021,GLOBALPAY_US,PARTNER_B,LOCAL_BANK_TRANSFER,1,1,2025-03-25T22:00:00Z,2025-03-25,2025-03-28,2025-03-26T14:28:00Z,2025-03-26,2025-03-28,USD,19117.02,CNY,7.230248,7.218538,71.91,71.91,19045.11,19045.12,19076.01,137700.87,137700.87,0.0,30.89,0.0,0,MATCHED,,,BOOKED,SETTLED,2025-03-31
PB-INS-000450,PAY-000450,PB-BNK-000453,PB-00000453,CUST-0007,GLOBALPAY_US,PARTNER_B,LOCAL_BANK_TRANSFER,1,1,2025-03-26T19:59:00Z,2025-03-26,2025-03-31,2025-03-27T14:05:00Z,2025-03-27,2025-03-31,USD,21276.37,CNY,7.213906,7.207947,79.47,79.47,21196.9,21196.9,21214.43,152912.44,152912.44,0.0,17.53,0.0,0,MATCHED,,,BOOKED,SETTLED,2025-03-31
PB-INS-000451,PAY-000451,PB-BNK-000455,PB-00000455,CUST-0005,GLOBALPAY_US,PARTNER_B,LOCAL_BANK_TRANSFER,1,1,2025-03-26T21:00:00Z,2025-03-26,2025-03-31,2025-03-27T17:07:00Z,2025-03-27,2025-03-31,USD,1315.78,CNY,7.214631,7.204087,9.61,9.61,1306.17,1306.17,1308.09,9423.53,9423.53,0.0,1.92,0.0,0,MATCHED,,,BOOKED,SETTLED,2025-03-31
PB-INS-000452,PAY-000452,PB-BNK-000454,PB-00000454,CUST-0001,GLOBALPAY_US,PARTNER_B,LOCAL_BANK_TRANSFER,1,1,2025-03-27T12:49:00Z,2025-03-27,2025-03-31,2025-03-27T14:29:00Z,2025-03-27,2025-03-31,USD,3490.44,CNY,7.208377,7.207947,17.22,17.22,3473.22,3473.23,3473.43,25036.28,25036.28,0.0,0.2,0.0,0,MATCHED,,,BOOKED,SETTLED,2025-03-31
PB-INS-000459,PAY-000459,,,CUST-0004,GLOBALPAY_US,PARTNER_B,LOCAL_BANK_TRANSFER,1,0,2025-03-27T22:01:00Z,2025-03-27,2025-04-01,,,,USD,2215.84,CNY,7.189025,,12.76,,2203.08,2203.09,,15838,,,,,,TIMING_PENDING,,,BOOKED,,2025-03-31
PB-INS-000460,PAY-000460,,,CUST-0016,GLOBALPAY_US,PARTNER_B,LOCAL_BANK_TRANSFER,1,0,2025-03-28T12:18:00Z,2025-03-28,2025-04-01,,,,USD,8579.05,CNY,7.18299,,35.03,,8544.02,8544.02,,61371.61,,,,,,TIMING_PENDING,,,BOOKED,,2025-03-31
PB-INS-000464,PAY-000464,,,CUST-0013,GLOBALPAY_US,PARTNER_B,LOCAL_BANK_TRANSFER,1,0,2025-03-28T18:38:00Z,2025-03-28,2025-04-02,,,,USD,6641.85,CNY,7.176133,,28.25,,6613.6,6613.6,,47460.07,,,,,,TIMING_PENDING,,,BOOKED,,2025-03-31
PB-INS-000468,PAY-000468,,,CUST-0023,GLOBALPAY_US,PARTNER_B,LOCAL_BANK_TRANSFER,1,0,2025-03-31T15:29:00Z,2025-03-31,2025-04-02,,,,USD,5367.61,CNY,7.178906,,23.79,,5343.82,5343.82,,38362.78,,,,,,TIMING_PENDING,,,BOOKED,,2025-03-31
PB-INS-000469,PAY-000469,,,CUST-0024,GLOBALPAY_US,PARTNER_B,LOCAL_BANK_TRANSFER,1,0,2025-03-31T15:59:00Z,2025-03-31,2025-04-02,,,,USD,3654.46,CNY,7.178906,,17.79,,3636.67,3636.67,,26107.31,,,,,,TIMING_PENDING,,,BOOKED,,2025-03-31
PB-INS-000470,PAY-000470,,,CUST-0018,GLOBALPAY_US,PARTNER_B,LOCAL_BANK_TRANSFER,1,0,2025-03-31T19:57:00Z,2025-03-31,2025-04-03,,,,USD,2734.38,CNY,7.167366,,14.57,,2719.81,2719.81,,19493.87,,,,,,TIMING_PENDING,,,BOOKED,,2025-03-31
PB-INS-000471,PAY-000471,,,CUST-0001,GLOBALPAY_US,PARTNER_B,LOCAL_BANK_TRANSFER,1,0,2025-03-31T23:18:00Z,2025-03-31,2025-04-03,,,,USD,4237.3,CNY,7.17358,,19.83,,4217.47,4217.48,,30254.36,,,,,,TIMING_PENDING,,,BOOKED,,2025-03-31
PB-INS-000472,PAY-000472,,,CUST-0017,GLOBALPAY_US,PARTNER_B,LOCAL_BANK_TRANSFER,1,0,2025-03-31T23:24:00Z,2025-03-31,2025-04-03,,,,USD,1656.14,CNY,7.17358,,10.8,,1645.34,1645.35,,11802.98,,,,,,TIMING_PENDING,,,BOOKED,,2025-03-31
